INSERT INTO ADM_BIBLIOTECAS ( X_BIBLIOTECA, L_ADMITE_DEVOLUCION_MISMA_BIB,
L_ADMITE_PRESTAMO_MISMA_BIB, L_ADMITE_RENOVACION_MISMA_BIB, L_CUMPLIMENTAR_RESERVAS_EN_DEV,
L_EMITIR_RECIBO_EN_DEV, L_EMITIR_RECIBO_EN_RENOV, L_EMITIR_RECIBO_EN_RESERVAS, N_MAX_PRESTAMOS_DOM,
N_MAX_RESERVAS_POR_COLA, L_PERMITE_DEVOLUCION_MISMA_BIB, L_PERMITE_PRESTAMO_MISMA_BIB,
L_PERMITE_RENOVACION_MISMA_BIB, L_PRESTAMO_RENOV_SI_SUSPENDIDO, L_RESERVA_SI_SUSPENDIDO,
C_BIBLIOTECA, T_BIBLIOTECA, T_BIBLIOTECA_ALT, N_DESIDERATAS_DESDE_OPAC, T_EMAIL_EXT, T_EMAIL_INT,
T_FAX, FH_CONEXION_ULT, N_IVA, N_LATENCIA_NOVEDADES, T_LOGOTIPO, T_LOGOTIPO_CONTENT_TYPE,
T_LOGOTIPO_NOMBRE_FICHERO, T_CONTACTO, T_TLF, T_TEXTO, T_URLW, CAL_X_CALENDARIO, DIR_X_DIRECCION,
HOR_X_HORARIO, BIB_X_BIBLIOTECA, TIP_X_TIPO_BIBLIOTECA ) VALUES (
-100, 0, 0, 0, 0, 0, 0, 0, 5, 0, 0, 0, 0, 0, 0, 'Red', 'Red de bibliotecas', 'Red'
, 0, NULL, NULL, NULL, NULL, 16, 0, NULL, NULL, NULL, NULL, NULL, 'Es la biblioteca principal de la red'
, NULL, NULL, NULL, NULL, NULL, -1);
INSERT INTO ADM_BIBLIOTECAS ( X_BIBLIOTECA, L_ADMITE_DEVOLUCION_MISMA_BIB,
L_ADMITE_PRESTAMO_MISMA_BIB, L_ADMITE_RENOVACION_MISMA_BIB, L_CUMPLIMENTAR_RESERVAS_EN_DEV,
L_EMITIR_RECIBO_EN_DEV, L_EMITIR_RECIBO_EN_RENOV, L_EMITIR_RECIBO_EN_RESERVAS, N_MAX_PRESTAMOS_DOM,
N_MAX_RESERVAS_POR_COLA, L_PERMITE_DEVOLUCION_MISMA_BIB, L_PERMITE_PRESTAMO_MISMA_BIB,
L_PERMITE_RENOVACION_MISMA_BIB, L_PRESTAMO_RENOV_SI_SUSPENDIDO, L_RESERVA_SI_SUSPENDIDO,
C_BIBLIOTECA, T_BIBLIOTECA, T_BIBLIOTECA_ALT, N_DESIDERATAS_DESDE_OPAC, T_EMAIL_EXT, T_EMAIL_INT,
T_FAX, FH_CONEXION_ULT, N_IVA, N_LATENCIA_NOVEDADES, T_LOGOTIPO, T_LOGOTIPO_CONTENT_TYPE,
T_LOGOTIPO_NOMBRE_FICHERO, T_CONTACTO, T_TLF, T_TEXTO, T_URLW, CAL_X_CALENDARIO, DIR_X_DIRECCION,
HOR_X_HORARIO, BIB_X_BIBLIOTECA, TIP_X_TIPO_BIBLIOTECA ) VALUES (
-101, 0, 0, 0, 0, 0, 0, 0, 5, 0, 0, 0, 0, 0, 0, 'Oriente', 'Oriente', 'Oriente', 0
, NULL, NULL, NULL, NULL, 16, 0, NULL, NULL, NULL, NULL, NULL, 'Forma una red de las bibliotecas orientales'
, NULL, NULL, NULL, NULL, -100, -1);
INSERT INTO ADM_BIBLIOTECAS ( X_BIBLIOTECA, L_ADMITE_DEVOLUCION_MISMA_BIB,
L_ADMITE_PRESTAMO_MISMA_BIB, L_ADMITE_RENOVACION_MISMA_BIB, L_CUMPLIMENTAR_RESERVAS_EN_DEV,
L_EMITIR_RECIBO_EN_DEV, L_EMITIR_RECIBO_EN_RENOV, L_EMITIR_RECIBO_EN_RESERVAS, N_MAX_PRESTAMOS_DOM,
N_MAX_RESERVAS_POR_COLA, L_PERMITE_DEVOLUCION_MISMA_BIB, L_PERMITE_PRESTAMO_MISMA_BIB,
L_PERMITE_RENOVACION_MISMA_BIB, L_PRESTAMO_RENOV_SI_SUSPENDIDO, L_RESERVA_SI_SUSPENDIDO,
C_BIBLIOTECA, T_BIBLIOTECA, T_BIBLIOTECA_ALT, N_DESIDERATAS_DESDE_OPAC, T_EMAIL_EXT, T_EMAIL_INT,
T_FAX, FH_CONEXION_ULT, N_IVA, N_LATENCIA_NOVEDADES, T_LOGOTIPO, T_LOGOTIPO_CONTENT_TYPE,
T_LOGOTIPO_NOMBRE_FICHERO, T_CONTACTO, T_TLF, T_TEXTO, T_URLW, CAL_X_CALENDARIO, DIR_X_DIRECCION,
HOR_X_HORARIO, BIB_X_BIBLIOTECA, TIP_X_TIPO_BIBLIOTECA ) VALUES (
-102, 0, 0, 0, 0, 0, 0, 0, 5, 0, 0, 0, 0, 0, 0, 'Occidente', 'Occidente', 'Occidente'
, 0, NULL, NULL, NULL, NULL, 16, 0, NULL, NULL, NULL, NULL, NULL, 'Forma una red de las bibliotecas occidentales'
, NULL, NULL, NULL, NULL, -100, -1);
INSERT INTO ADM_BIBLIOTECAS ( X_BIBLIOTECA, L_ADMITE_DEVOLUCION_MISMA_BIB,
L_ADMITE_PRESTAMO_MISMA_BIB, L_ADMITE_RENOVACION_MISMA_BIB, L_CUMPLIMENTAR_RESERVAS_EN_DEV,
L_EMITIR_RECIBO_EN_DEV, L_EMITIR_RECIBO_EN_RENOV, L_EMITIR_RECIBO_EN_RESERVAS, N_MAX_PRESTAMOS_DOM,
N_MAX_RESERVAS_POR_COLA, L_PERMITE_DEVOLUCION_MISMA_BIB, L_PERMITE_PRESTAMO_MISMA_BIB,
L_PERMITE_RENOVACION_MISMA_BIB, L_PRESTAMO_RENOV_SI_SUSPENDIDO, L_RESERVA_SI_SUSPENDIDO,
C_BIBLIOTECA, T_BIBLIOTECA, T_BIBLIOTECA_ALT, N_DESIDERATAS_DESDE_OPAC, T_EMAIL_EXT, T_EMAIL_INT,
T_FAX, FH_CONEXION_ULT, N_IVA, N_LATENCIA_NOVEDADES, T_LOGOTIPO, T_LOGOTIPO_CONTENT_TYPE,
T_LOGOTIPO_NOMBRE_FICHERO, T_CONTACTO, T_TLF, T_TEXTO, T_URLW, CAL_X_CALENDARIO, DIR_X_DIRECCION,
HOR_X_HORARIO, BIB_X_BIBLIOTECA, TIP_X_TIPO_BIBLIOTECA ) VALUES (
-1, 1, 0, 1, 0, 0, 0, 0, 123, 3434, 1, 0, 1, 0, 0, 'Malaga', 'Malaga', 'sdfgsfdg'
, 0, 'wertwert', 'wertwret', 654123654, TO_TIMESTAMP('21/01/2009 0:00:00.000000','DD/MM/YYYY fmHH24fm:MI:SS.FF')
, 12, 7, NULL, NULL, NULL, 'retyerty', '245234', 'fghfgh', 'fgnfgnb', NULL, -1, NULL
, -101, -1);
INSERT INTO ADM_BIBLIOTECAS ( X_BIBLIOTECA, L_ADMITE_DEVOLUCION_MISMA_BIB,
L_ADMITE_PRESTAMO_MISMA_BIB, L_ADMITE_RENOVACION_MISMA_BIB, L_CUMPLIMENTAR_RESERVAS_EN_DEV,
L_EMITIR_RECIBO_EN_DEV, L_EMITIR_RECIBO_EN_RENOV, L_EMITIR_RECIBO_EN_RESERVAS, N_MAX_PRESTAMOS_DOM,
N_MAX_RESERVAS_POR_COLA, L_PERMITE_DEVOLUCION_MISMA_BIB, L_PERMITE_PRESTAMO_MISMA_BIB,
L_PERMITE_RENOVACION_MISMA_BIB, L_PRESTAMO_RENOV_SI_SUSPENDIDO, L_RESERVA_SI_SUSPENDIDO,
C_BIBLIOTECA, T_BIBLIOTECA, T_BIBLIOTECA_ALT, N_DESIDERATAS_DESDE_OPAC, T_EMAIL_EXT, T_EMAIL_INT,
T_FAX, FH_CONEXION_ULT, N_IVA, N_LATENCIA_NOVEDADES, T_LOGOTIPO, T_LOGOTIPO_CONTENT_TYPE,
T_LOGOTIPO_NOMBRE_FICHERO, T_CONTACTO, T_TLF, T_TEXTO, T_URLW, CAL_X_CALENDARIO, DIR_X_DIRECCION,
HOR_X_HORARIO, BIB_X_BIBLIOTECA, TIP_X_TIPO_BIBLIOTECA ) VALUES (
-2, 1, 0, 1, 0, 0, 0, 0, 123, 3434, 1, 0, 1, 0, 0, 'Granada', 'Granada', 'sdfgsfdg'
, 3, 'wertwert', 'wertwret', 654147895, TO_TIMESTAMP('21/01/2009 0:00:00.000000','DD/MM/YYYY fmHH24fm:MI:SS.FF')
, 13, 10, NULL, NULL, NULL, 'retyerty', '245234', 'fghfgh', 'fgnfgnb', NULL, -1, NULL
, -101, -1);
INSERT INTO ADM_BIBLIOTECAS ( X_BIBLIOTECA, L_ADMITE_DEVOLUCION_MISMA_BIB,
L_ADMITE_PRESTAMO_MISMA_BIB, L_ADMITE_RENOVACION_MISMA_BIB, L_CUMPLIMENTAR_RESERVAS_EN_DEV,
L_EMITIR_RECIBO_EN_DEV, L_EMITIR_RECIBO_EN_RENOV, L_EMITIR_RECIBO_EN_RESERVAS, N_MAX_PRESTAMOS_DOM,
N_MAX_RESERVAS_POR_COLA, L_PERMITE_DEVOLUCION_MISMA_BIB, L_PERMITE_PRESTAMO_MISMA_BIB,
L_PERMITE_RENOVACION_MISMA_BIB, L_PRESTAMO_RENOV_SI_SUSPENDIDO, L_RESERVA_SI_SUSPENDIDO,
C_BIBLIOTECA, T_BIBLIOTECA, T_BIBLIOTECA_ALT, N_DESIDERATAS_DESDE_OPAC, T_EMAIL_EXT, T_EMAIL_INT,
T_FAX, FH_CONEXION_ULT, N_IVA, N_LATENCIA_NOVEDADES, T_LOGOTIPO, T_LOGOTIPO_CONTENT_TYPE,
T_LOGOTIPO_NOMBRE_FICHERO, T_CONTACTO, T_TLF, T_TEXTO, T_URLW, CAL_X_CALENDARIO, DIR_X_DIRECCION,
HOR_X_HORARIO, BIB_X_BIBLIOTECA, TIP_X_TIPO_BIBLIOTECA ) VALUES (
-3, 1, 0, 1, 0, 0, 0, 0, 123, 3434, 1, 0, 1, 0, 0, 'Sevilla', 'Sevilla', 'sdfgsfdg'
, 20, 'wertwert', 'wertwret', 555888777, TO_TIMESTAMP('21/01/2009 0:00:00.000000','DD/MM/YYYY fmHH24fm:MI:SS.FF')
, 25, 30, NULL, NULL, NULL, 'retyerty', '245234', 'fghfgh', 'fgnfgnb', NULL, -1, NULL
, -102, -1);
INSERT INTO ADM_BIBLIOTECAS ( X_BIBLIOTECA, L_ADMITE_DEVOLUCION_MISMA_BIB,
L_ADMITE_PRESTAMO_MISMA_BIB, L_ADMITE_RENOVACION_MISMA_BIB, L_CUMPLIMENTAR_RESERVAS_EN_DEV,
L_EMITIR_RECIBO_EN_DEV, L_EMITIR_RECIBO_EN_RENOV, L_EMITIR_RECIBO_EN_RESERVAS, N_MAX_PRESTAMOS_DOM,
N_MAX_RESERVAS_POR_COLA, L_PERMITE_DEVOLUCION_MISMA_BIB, L_PERMITE_PRESTAMO_MISMA_BIB,
L_PERMITE_RENOVACION_MISMA_BIB, L_PRESTAMO_RENOV_SI_SUSPENDIDO, L_RESERVA_SI_SUSPENDIDO,
C_BIBLIOTECA, T_BIBLIOTECA, T_BIBLIOTECA_ALT, N_DESIDERATAS_DESDE_OPAC, T_EMAIL_EXT, T_EMAIL_INT,
T_FAX, FH_CONEXION_ULT, N_IVA, N_LATENCIA_NOVEDADES, T_LOGOTIPO, T_LOGOTIPO_CONTENT_TYPE,
T_LOGOTIPO_NOMBRE_FICHERO, T_CONTACTO, T_TLF, T_TEXTO, T_URLW, CAL_X_CALENDARIO, DIR_X_DIRECCION,
HOR_X_HORARIO, BIB_X_BIBLIOTECA, TIP_X_TIPO_BIBLIOTECA ) VALUES (
-4, 1, 0, 1, 0, 0, 0, 0, 4, 1, 1, 0, 1, 0, 0, 'Miraflores', 'Miraflores', '23rterfvc'
, 20, 'erwgergwr', 'ertherthreht', 555612322, TO_TIMESTAMP('21/01/2009 0:00:00.000000','DD/MM/YYYY fmHH24fm:MI:SS.FF')
, 12, 7, NULL, NULL, NULL, '?lkjdsa?lad', '232323', 'qpweoruio qwe', 'as?odjil fa?oisd'
, NULL, -3, NULL, -2, -2);
INSERT INTO ADM_BIBLIOTECAS ( X_BIBLIOTECA, L_ADMITE_DEVOLUCION_MISMA_BIB,
L_ADMITE_PRESTAMO_MISMA_BIB, L_ADMITE_RENOVACION_MISMA_BIB, L_CUMPLIMENTAR_RESERVAS_EN_DEV,
L_EMITIR_RECIBO_EN_DEV, L_EMITIR_RECIBO_EN_RENOV, L_EMITIR_RECIBO_EN_RESERVAS, N_MAX_PRESTAMOS_DOM,
N_MAX_RESERVAS_POR_COLA, L_PERMITE_DEVOLUCION_MISMA_BIB, L_PERMITE_PRESTAMO_MISMA_BIB,
L_PERMITE_RENOVACION_MISMA_BIB, L_PRESTAMO_RENOV_SI_SUSPENDIDO, L_RESERVA_SI_SUSPENDIDO,
C_BIBLIOTECA, T_BIBLIOTECA, T_BIBLIOTECA_ALT, N_DESIDERATAS_DESDE_OPAC, T_EMAIL_EXT, T_EMAIL_INT,
T_FAX, FH_CONEXION_ULT, N_IVA, N_LATENCIA_NOVEDADES, T_LOGOTIPO, T_LOGOTIPO_CONTENT_TYPE,
T_LOGOTIPO_NOMBRE_FICHERO, T_CONTACTO, T_TLF, T_TEXTO, T_URLW, CAL_X_CALENDARIO, DIR_X_DIRECCION,
HOR_X_HORARIO, BIB_X_BIBLIOTECA, TIP_X_TIPO_BIBLIOTECA ) VALUES (
-5, 1, 0, 1, 0, 0, 0, 0, 4, 1, 1, 0, 1, 0, 0, 'Villanuevas de Algaidas', 'Villanuevas de Algaidas'
, '23rterfvc', 20, 'erwgergwr', 'ertherthreht', 555612322, TO_TIMESTAMP('21/01/2009 0:00:00.000000','DD/MM/YYYY fmHH24fm:MI:SS.FF')
, 12, 7, NULL, NULL, NULL, '?lkjdsa?lad', '234234', 'qpweoruio qwe', 'as?odjil fa?oisd'
, NULL, -3, NULL, -1, -2);
INSERT INTO ADM_BIBLIOTECAS ( X_BIBLIOTECA, L_ADMITE_DEVOLUCION_MISMA_BIB,
L_ADMITE_PRESTAMO_MISMA_BIB, L_ADMITE_RENOVACION_MISMA_BIB, L_CUMPLIMENTAR_RESERVAS_EN_DEV,
L_EMITIR_RECIBO_EN_DEV, L_EMITIR_RECIBO_EN_RENOV, L_EMITIR_RECIBO_EN_RESERVAS, N_MAX_PRESTAMOS_DOM,
N_MAX_RESERVAS_POR_COLA, L_PERMITE_DEVOLUCION_MISMA_BIB, L_PERMITE_PRESTAMO_MISMA_BIB,
L_PERMITE_RENOVACION_MISMA_BIB, L_PRESTAMO_RENOV_SI_SUSPENDIDO, L_RESERVA_SI_SUSPENDIDO,
C_BIBLIOTECA, T_BIBLIOTECA, T_BIBLIOTECA_ALT, N_DESIDERATAS_DESDE_OPAC, T_EMAIL_EXT, T_EMAIL_INT,
T_FAX, FH_CONEXION_ULT, N_IVA, N_LATENCIA_NOVEDADES, T_LOGOTIPO, T_LOGOTIPO_CONTENT_TYPE,
T_LOGOTIPO_NOMBRE_FICHERO, T_CONTACTO, T_TLF, T_TEXTO, T_URLW, CAL_X_CALENDARIO, DIR_X_DIRECCION,
HOR_X_HORARIO, BIB_X_BIBLIOTECA, TIP_X_TIPO_BIBLIOTECA ) VALUES (
-6, 1, 0, 1, 0, 0, 0, 0, 4, 1, 1, 0, 1, 0, 0, 'Francisca-Duran', 'Ayuntamiento', '23rterfvc'
, 20, 'erwgergwr', 'ertherthreht', 555612322, TO_TIMESTAMP('21/01/2009 0:00:00.000000','DD/MM/YYYY fmHH24fm:MI:SS.FF')
, 12, 7, NULL, NULL, NULL, '?lkjdsa?lad', '23423423', 'qpweoruio qwe', 'as?odjil fa?oisd'
, NULL, -3, NULL, -5, -3);
INSERT INTO ADM_BIBLIOTECAS ( X_BIBLIOTECA, L_ADMITE_DEVOLUCION_MISMA_BIB,
L_ADMITE_PRESTAMO_MISMA_BIB, L_ADMITE_RENOVACION_MISMA_BIB, L_CUMPLIMENTAR_RESERVAS_EN_DEV,
L_EMITIR_RECIBO_EN_DEV, L_EMITIR_RECIBO_EN_RENOV, L_EMITIR_RECIBO_EN_RESERVAS, N_MAX_PRESTAMOS_DOM,
N_MAX_RESERVAS_POR_COLA, L_PERMITE_DEVOLUCION_MISMA_BIB, L_PERMITE_PRESTAMO_MISMA_BIB,
L_PERMITE_RENOVACION_MISMA_BIB, L_PRESTAMO_RENOV_SI_SUSPENDIDO, L_RESERVA_SI_SUSPENDIDO,
C_BIBLIOTECA, T_BIBLIOTECA, T_BIBLIOTECA_ALT, N_DESIDERATAS_DESDE_OPAC, T_EMAIL_EXT, T_EMAIL_INT,
T_FAX, FH_CONEXION_ULT, N_IVA, N_LATENCIA_NOVEDADES, T_LOGOTIPO, T_LOGOTIPO_CONTENT_TYPE,
T_LOGOTIPO_NOMBRE_FICHERO, T_CONTACTO, T_TLF, T_TEXTO, T_URLW, CAL_X_CALENDARIO, DIR_X_DIRECCION,
HOR_X_HORARIO, BIB_X_BIBLIOTECA, TIP_X_TIPO_BIBLIOTECA ) VALUES (
-7, 1, 0, 1, 1, 0, 0, 0, 4, 5, 1, 0, 1, 1, 1, 'Antequera', 'Antequera', '23rterfvc'
, 20, 'erwgergwr', 'ertherthreht', 555612322, TO_TIMESTAMP('21/01/2009 0:00:00.000000','DD/MM/YYYY fmHH24fm:MI:SS.FF')
, 12, 7, NULL, NULL, NULL, '?lkjdsa?lad', '23233', 'qpweoruio qwe', 'as?odjil fa?oisd'
, -1, -3, NULL, -5, -3);
INSERT INTO ADM_BIBLIOTECAS ( X_BIBLIOTECA, L_ADMITE_DEVOLUCION_MISMA_BIB,
L_ADMITE_PRESTAMO_MISMA_BIB, L_ADMITE_RENOVACION_MISMA_BIB, L_CUMPLIMENTAR_RESERVAS_EN_DEV,
L_EMITIR_RECIBO_EN_DEV, L_EMITIR_RECIBO_EN_RENOV, L_EMITIR_RECIBO_EN_RESERVAS, N_MAX_PRESTAMOS_DOM,
N_MAX_RESERVAS_POR_COLA, L_PERMITE_DEVOLUCION_MISMA_BIB, L_PERMITE_PRESTAMO_MISMA_BIB,
L_PERMITE_RENOVACION_MISMA_BIB, L_PRESTAMO_RENOV_SI_SUSPENDIDO, L_RESERVA_SI_SUSPENDIDO,
C_BIBLIOTECA, T_BIBLIOTECA, T_BIBLIOTECA_ALT, N_DESIDERATAS_DESDE_OPAC, T_EMAIL_EXT, T_EMAIL_INT,
T_FAX, FH_CONEXION_ULT, N_IVA, N_LATENCIA_NOVEDADES, T_LOGOTIPO, T_LOGOTIPO_CONTENT_TYPE,
T_LOGOTIPO_NOMBRE_FICHERO, T_CONTACTO, T_TLF, T_TEXTO, T_URLW, CAL_X_CALENDARIO, DIR_X_DIRECCION,
HOR_X_HORARIO, BIB_X_BIBLIOTECA, TIP_X_TIPO_BIBLIOTECA ) VALUES (
-8, 0, 0, 0, 0, 0, 0, 0, 4, 1, 0, 0, 0, 0, 0, 'Melilla', 'Melilla', '23rterfvc', 20
, 'erwgergwr', 'ertherthreht', 555612322, TO_TIMESTAMP('21/01/2009 0:00:00.000000','DD/MM/YYYY fmHH24fm:MI:SS.FF')
, 12, 7, NULL, NULL, NULL, '?lkjdsa?lad', '345345', 'qpweoruio qwe', 'as?odjil fa?oisd'
, NULL, -3, NULL, -101, -1);
INSERT INTO ADM_BIBLIOTECAS ( X_BIBLIOTECA, L_ADMITE_DEVOLUCION_MISMA_BIB,
L_ADMITE_PRESTAMO_MISMA_BIB, L_ADMITE_RENOVACION_MISMA_BIB, L_CUMPLIMENTAR_RESERVAS_EN_DEV,
L_EMITIR_RECIBO_EN_DEV, L_EMITIR_RECIBO_EN_RENOV, L_EMITIR_RECIBO_EN_RESERVAS, N_MAX_PRESTAMOS_DOM,
N_MAX_RESERVAS_POR_COLA, L_PERMITE_DEVOLUCION_MISMA_BIB, L_PERMITE_PRESTAMO_MISMA_BIB,
L_PERMITE_RENOVACION_MISMA_BIB, L_PRESTAMO_RENOV_SI_SUSPENDIDO, L_RESERVA_SI_SUSPENDIDO,
C_BIBLIOTECA, T_BIBLIOTECA, T_BIBLIOTECA_ALT, N_DESIDERATAS_DESDE_OPAC, T_EMAIL_EXT, T_EMAIL_INT,
T_FAX, FH_CONEXION_ULT, N_IVA, N_LATENCIA_NOVEDADES, T_LOGOTIPO, T_LOGOTIPO_CONTENT_TYPE,
T_LOGOTIPO_NOMBRE_FICHERO, T_CONTACTO, T_TLF, T_TEXTO, T_URLW, CAL_X_CALENDARIO, DIR_X_DIRECCION,
HOR_X_HORARIO, BIB_X_BIBLIOTECA, TIP_X_TIPO_BIBLIOTECA ) VALUES (
-9, 0, 0, 0, 0, 0, 0, 0, 4, 1, 0, 0, 0, 0, 0, 'Ceuta', 'Ceuta', '23rterfvc', 20, 'erwgergwr'
, 'ertherthreht', 555612322, TO_TIMESTAMP('21/01/2009 0:00:00.000000','DD/MM/YYYY fmHH24fm:MI:SS.FF')
, 12, 7, NULL, NULL, NULL, '?lkjdsa?lad', '23423', 'qpweoruio qwe', 'as?odjil fa?oisd'
, NULL, -3, NULL, -102, -1);
INSERT INTO ADM_BIBLIOTECAS ( X_BIBLIOTECA, L_ADMITE_DEVOLUCION_MISMA_BIB,
L_ADMITE_PRESTAMO_MISMA_BIB, L_ADMITE_RENOVACION_MISMA_BIB, L_CUMPLIMENTAR_RESERVAS_EN_DEV,
L_EMITIR_RECIBO_EN_DEV, L_EMITIR_RECIBO_EN_RENOV, L_EMITIR_RECIBO_EN_RESERVAS, N_MAX_PRESTAMOS_DOM,
N_MAX_RESERVAS_POR_COLA, L_PERMITE_DEVOLUCION_MISMA_BIB, L_PERMITE_PRESTAMO_MISMA_BIB,
L_PERMITE_RENOVACION_MISMA_BIB, L_PRESTAMO_RENOV_SI_SUSPENDIDO, L_RESERVA_SI_SUSPENDIDO,
C_BIBLIOTECA, T_BIBLIOTECA, T_BIBLIOTECA_ALT, N_DESIDERATAS_DESDE_OPAC, T_EMAIL_EXT, T_EMAIL_INT,
T_FAX, FH_CONEXION_ULT, N_IVA, N_LATENCIA_NOVEDADES, T_LOGOTIPO, T_LOGOTIPO_CONTENT_TYPE,
T_LOGOTIPO_NOMBRE_FICHERO, T_CONTACTO, T_TLF, T_TEXTO, T_URLW, CAL_X_CALENDARIO, DIR_X_DIRECCION,
HOR_X_HORARIO, BIB_X_BIBLIOTECA, TIP_X_TIPO_BIBLIOTECA ) VALUES (
-10, 0, 0, 0, 0, 0, 0, 0, 4, 1, 0, 0, 0, 0, 0, 'Peibolo', 'Peibolo', '23rterfvc', 20
, 'erwgergwr', 'ertherthreht', 35347854, TO_TIMESTAMP('21/01/2009 0:00:00.000000','DD/MM/YYYY fmHH24fm:MI:SS.FF')
, 12, 7, NULL, NULL, NULL, '?lkjdsa?lad', '234234', 'qpweoruio qwe', 'as?odjil fa?oisd'
, NULL, -3, NULL, -9, -2);
INSERT INTO ADM_BIBLIOTECAS ( X_BIBLIOTECA, L_ADMITE_DEVOLUCION_MISMA_BIB,
L_ADMITE_PRESTAMO_MISMA_BIB, L_ADMITE_RENOVACION_MISMA_BIB, L_CUMPLIMENTAR_RESERVAS_EN_DEV,
L_EMITIR_RECIBO_EN_DEV, L_EMITIR_RECIBO_EN_RENOV, L_EMITIR_RECIBO_EN_RESERVAS, N_MAX_PRESTAMOS_DOM,
N_MAX_RESERVAS_POR_COLA, L_PERMITE_DEVOLUCION_MISMA_BIB, L_PERMITE_PRESTAMO_MISMA_BIB,
L_PERMITE_RENOVACION_MISMA_BIB, L_PRESTAMO_RENOV_SI_SUSPENDIDO, L_RESERVA_SI_SUSPENDIDO,
C_BIBLIOTECA, T_BIBLIOTECA, T_BIBLIOTECA_ALT, N_DESIDERATAS_DESDE_OPAC, T_EMAIL_EXT, T_EMAIL_INT,
T_FAX, FH_CONEXION_ULT, N_IVA, N_LATENCIA_NOVEDADES, T_LOGOTIPO, T_LOGOTIPO_CONTENT_TYPE,
T_LOGOTIPO_NOMBRE_FICHERO, T_CONTACTO, T_TLF, T_TEXTO, T_URLW, CAL_X_CALENDARIO, DIR_X_DIRECCION,
HOR_X_HORARIO, BIB_X_BIBLIOTECA, TIP_X_TIPO_BIBLIOTECA ) VALUES (
-11, 0, 0, 0, 0, 0, 0, 0, 4, 1, 0, 0, 0, 0, 0, 'Gibraltar', 'Gibraltar', '23rterfvc'
, 20, 'erwgergwr', 'ertherthreht', 35347854, TO_TIMESTAMP('21/01/2009 0:00:00.000000','DD/MM/YYYY fmHH24fm:MI:SS.FF')
, 12, 7, NULL, NULL, NULL, '?lkjdsa?lad', '234', 'qpweoruio qwe', 'as?odjil fa?oisd'
, NULL, -3, NULL, -102, -1);
INSERT INTO ADM_BIBLIOTECAS ( X_BIBLIOTECA, L_ADMITE_DEVOLUCION_MISMA_BIB,
L_ADMITE_PRESTAMO_MISMA_BIB, L_ADMITE_RENOVACION_MISMA_BIB, L_CUMPLIMENTAR_RESERVAS_EN_DEV,
L_EMITIR_RECIBO_EN_DEV, L_EMITIR_RECIBO_EN_RENOV, L_EMITIR_RECIBO_EN_RESERVAS, N_MAX_PRESTAMOS_DOM,
N_MAX_RESERVAS_POR_COLA, L_PERMITE_DEVOLUCION_MISMA_BIB, L_PERMITE_PRESTAMO_MISMA_BIB,
L_PERMITE_RENOVACION_MISMA_BIB, L_PRESTAMO_RENOV_SI_SUSPENDIDO, L_RESERVA_SI_SUSPENDIDO,
C_BIBLIOTECA, T_BIBLIOTECA, T_BIBLIOTECA_ALT, N_DESIDERATAS_DESDE_OPAC, T_EMAIL_EXT, T_EMAIL_INT,
T_FAX, FH_CONEXION_ULT, N_IVA, N_LATENCIA_NOVEDADES, T_LOGOTIPO, T_LOGOTIPO_CONTENT_TYPE,
T_LOGOTIPO_NOMBRE_FICHERO, T_CONTACTO, T_TLF, T_TEXTO, T_URLW, CAL_X_CALENDARIO, DIR_X_DIRECCION,
HOR_X_HORARIO, BIB_X_BIBLIOTECA, TIP_X_TIPO_BIBLIOTECA ) VALUES (
-12, 0, 0, 0, 0, 0, 0, 0, 4, 1, 0, 0, 0, 0, 0, 'Isabel Segunda', 'Isabel Segunda'
, '23rterfvc', 20, 'erwgergwr', 'ertherthreht', 35347854, TO_TIMESTAMP('21/01/2009 0:00:00.000000','DD/MM/YYYY fmHH24fm:MI:SS.FF')
, 12, 7, NULL, NULL, NULL, '?lkjdsa?lad', '2323', 'qpweoruio qwe', 'as?odjil fa?oisd'
, NULL, -3, NULL, -11, -2);
INSERT INTO ADM_BIBLIOTECAS ( X_BIBLIOTECA, L_ADMITE_DEVOLUCION_MISMA_BIB,
L_ADMITE_PRESTAMO_MISMA_BIB, L_ADMITE_RENOVACION_MISMA_BIB, L_CUMPLIMENTAR_RESERVAS_EN_DEV,
L_EMITIR_RECIBO_EN_DEV, L_EMITIR_RECIBO_EN_RENOV, L_EMITIR_RECIBO_EN_RESERVAS, N_MAX_PRESTAMOS_DOM,
N_MAX_RESERVAS_POR_COLA, L_PERMITE_DEVOLUCION_MISMA_BIB, L_PERMITE_PRESTAMO_MISMA_BIB,
L_PERMITE_RENOVACION_MISMA_BIB, L_PRESTAMO_RENOV_SI_SUSPENDIDO, L_RESERVA_SI_SUSPENDIDO,
C_BIBLIOTECA, T_BIBLIOTECA, T_BIBLIOTECA_ALT, N_DESIDERATAS_DESDE_OPAC, T_EMAIL_EXT, T_EMAIL_INT,
T_FAX, FH_CONEXION_ULT, N_IVA, N_LATENCIA_NOVEDADES, T_LOGOTIPO, T_LOGOTIPO_CONTENT_TYPE,
T_LOGOTIPO_NOMBRE_FICHERO, T_CONTACTO, T_TLF, T_TEXTO, T_URLW, CAL_X_CALENDARIO, DIR_X_DIRECCION,
HOR_X_HORARIO, BIB_X_BIBLIOTECA, TIP_X_TIPO_BIBLIOTECA ) VALUES (
-13, 0, 0, 0, 0, 0, 0, 0, 4, 1, 0, 0, 0, 0, 0, 'High Scholl Oxford', 'High Scholl Oxford'
, '23rterfvc', 20, 'erwgergwr', 'ertherthreht', 555612322, TO_TIMESTAMP('21/01/2009 0:00:00.000000','DD/MM/YYYY fmHH24fm:MI:SS.FF')
, 12, 7, NULL, NULL, NULL, '?lkjdsa?lad', '345345', 'qpweoruio qwe', 'as?odjil fa?oisd'
, NULL, -3, NULL, -12, -3);
INSERT INTO ADM_BIBLIOTECAS ( X_BIBLIOTECA, L_ADMITE_DEVOLUCION_MISMA_BIB,
L_ADMITE_PRESTAMO_MISMA_BIB, L_ADMITE_RENOVACION_MISMA_BIB, L_CUMPLIMENTAR_RESERVAS_EN_DEV,
L_EMITIR_RECIBO_EN_DEV, L_EMITIR_RECIBO_EN_RENOV, L_EMITIR_RECIBO_EN_RESERVAS, N_MAX_PRESTAMOS_DOM,
N_MAX_RESERVAS_POR_COLA, L_PERMITE_DEVOLUCION_MISMA_BIB, L_PERMITE_PRESTAMO_MISMA_BIB,
L_PERMITE_RENOVACION_MISMA_BIB, L_PRESTAMO_RENOV_SI_SUSPENDIDO, L_RESERVA_SI_SUSPENDIDO,
C_BIBLIOTECA, T_BIBLIOTECA, T_BIBLIOTECA_ALT, N_DESIDERATAS_DESDE_OPAC, T_EMAIL_EXT, T_EMAIL_INT,
T_FAX, FH_CONEXION_ULT, N_IVA, N_LATENCIA_NOVEDADES, T_LOGOTIPO, T_LOGOTIPO_CONTENT_TYPE,
T_LOGOTIPO_NOMBRE_FICHERO, T_CONTACTO, T_TLF, T_TEXTO, T_URLW, CAL_X_CALENDARIO, DIR_X_DIRECCION,
HOR_X_HORARIO, BIB_X_BIBLIOTECA, TIP_X_TIPO_BIBLIOTECA ) VALUES (
-14, 0, 0, 0, 0, 0, 0, 0, 4, 1, 0, 0, 0, 0, 0, 'Cadiz', 'Cadiz', '23rterfvc', 20, 'erwgergwr'
, 'ertherthreht', 555612322, TO_TIMESTAMP('21/01/2009 0:00:00.000000','DD/MM/YYYY fmHH24fm:MI:SS.FF')
, 12, 7, NULL, NULL, NULL, '?lkjdsa?lad', '23423', 'qpweoruio qwe', 'as?odjil fa?oisd'
, NULL, -3, NULL, -102, -1);
INSERT INTO ADM_BIBLIOTECAS ( X_BIBLIOTECA, L_ADMITE_DEVOLUCION_MISMA_BIB,
L_ADMITE_PRESTAMO_MISMA_BIB, L_ADMITE_RENOVACION_MISMA_BIB, L_CUMPLIMENTAR_RESERVAS_EN_DEV,
L_EMITIR_RECIBO_EN_DEV, L_EMITIR_RECIBO_EN_RENOV, L_EMITIR_RECIBO_EN_RESERVAS, N_MAX_PRESTAMOS_DOM,
N_MAX_RESERVAS_POR_COLA, L_PERMITE_DEVOLUCION_MISMA_BIB, L_PERMITE_PRESTAMO_MISMA_BIB,
L_PERMITE_RENOVACION_MISMA_BIB, L_PRESTAMO_RENOV_SI_SUSPENDIDO, L_RESERVA_SI_SUSPENDIDO,
C_BIBLIOTECA, T_BIBLIOTECA, T_BIBLIOTECA_ALT, N_DESIDERATAS_DESDE_OPAC, T_EMAIL_EXT, T_EMAIL_INT,
T_FAX, FH_CONEXION_ULT, N_IVA, N_LATENCIA_NOVEDADES, T_LOGOTIPO, T_LOGOTIPO_CONTENT_TYPE,
T_LOGOTIPO_NOMBRE_FICHERO, T_CONTACTO, T_TLF, T_TEXTO, T_URLW, CAL_X_CALENDARIO, DIR_X_DIRECCION,
HOR_X_HORARIO, BIB_X_BIBLIOTECA, TIP_X_TIPO_BIBLIOTECA ) VALUES (
-15, 0, 0, 0, 0, 0, 0, 0, 4, 1, 0, 0, 0, 0, 0, 'Capital', 'Capital', '23rterfvc', 20
, 'erwgergwr', 'ertherthreht', 555612322, TO_TIMESTAMP('21/01/2009 0:00:00.000000','DD/MM/YYYY fmHH24fm:MI:SS.FF')
, 12, 7, NULL, NULL, NULL, '?lkjdsa?lad', '23423', 'qpweoruio qwe', 'as?odjil fa?oisd'
, NULL, -3, NULL, -14, -2);
INSERT INTO ADM_BIBLIOTECAS ( X_BIBLIOTECA, L_ADMITE_DEVOLUCION_MISMA_BIB,
L_ADMITE_PRESTAMO_MISMA_BIB, L_ADMITE_RENOVACION_MISMA_BIB, L_CUMPLIMENTAR_RESERVAS_EN_DEV,
L_EMITIR_RECIBO_EN_DEV, L_EMITIR_RECIBO_EN_RENOV, L_EMITIR_RECIBO_EN_RESERVAS, N_MAX_PRESTAMOS_DOM,
N_MAX_RESERVAS_POR_COLA, L_PERMITE_DEVOLUCION_MISMA_BIB, L_PERMITE_PRESTAMO_MISMA_BIB,
L_PERMITE_RENOVACION_MISMA_BIB, L_PRESTAMO_RENOV_SI_SUSPENDIDO, L_RESERVA_SI_SUSPENDIDO,
C_BIBLIOTECA, T_BIBLIOTECA, T_BIBLIOTECA_ALT, N_DESIDERATAS_DESDE_OPAC, T_EMAIL_EXT, T_EMAIL_INT,
T_FAX, FH_CONEXION_ULT, N_IVA, N_LATENCIA_NOVEDADES, T_LOGOTIPO, T_LOGOTIPO_CONTENT_TYPE,
T_LOGOTIPO_NOMBRE_FICHERO, T_CONTACTO, T_TLF, T_TEXTO, T_URLW, CAL_X_CALENDARIO, DIR_X_DIRECCION,
HOR_X_HORARIO, BIB_X_BIBLIOTECA, TIP_X_TIPO_BIBLIOTECA ) VALUES (
-16, 0, 0, 0, 0, 0, 0, 0, 4, 1, 0, 0, 0, 0, 0, 'Fernando Qui?ones', 'Fernando Qui?ones'
, '23rterfvc', 20, 'erwgergwr', 'ertherthreht', 555612322, TO_TIMESTAMP('21/01/2009 0:00:00.000000','DD/MM/YYYY fmHH24fm:MI:SS.FF')
, 12, 7, NULL, NULL, NULL, '?lkjdsa?lad', '234', 'qpweoruio qwe', 'as?odjil fa?oisd'
, NULL, -3, NULL, -15, -3);
INSERT INTO ADM_BIBLIOTECAS ( X_BIBLIOTECA, L_ADMITE_DEVOLUCION_MISMA_BIB,
L_ADMITE_PRESTAMO_MISMA_BIB, L_ADMITE_RENOVACION_MISMA_BIB, L_CUMPLIMENTAR_RESERVAS_EN_DEV,
L_EMITIR_RECIBO_EN_DEV, L_EMITIR_RECIBO_EN_RENOV, L_EMITIR_RECIBO_EN_RESERVAS, N_MAX_PRESTAMOS_DOM,
N_MAX_RESERVAS_POR_COLA, L_PERMITE_DEVOLUCION_MISMA_BIB, L_PERMITE_PRESTAMO_MISMA_BIB,
L_PERMITE_RENOVACION_MISMA_BIB, L_PRESTAMO_RENOV_SI_SUSPENDIDO, L_RESERVA_SI_SUSPENDIDO,
C_BIBLIOTECA, T_BIBLIOTECA, T_BIBLIOTECA_ALT, N_DESIDERATAS_DESDE_OPAC, T_EMAIL_EXT, T_EMAIL_INT,
T_FAX, FH_CONEXION_ULT, N_IVA, N_LATENCIA_NOVEDADES, T_LOGOTIPO, T_LOGOTIPO_CONTENT_TYPE,
T_LOGOTIPO_NOMBRE_FICHERO, T_CONTACTO, T_TLF, T_TEXTO, T_URLW, CAL_X_CALENDARIO, DIR_X_DIRECCION,
HOR_X_HORARIO, BIB_X_BIBLIOTECA, TIP_X_TIPO_BIBLIOTECA ) VALUES (
-17, 0, 0, 0, 0, 0, 0, 0, 4, 1, 0, 0, 0, 0, 0, 'Florida de la Barca', 'Florida de la Barca'
, '23rterfvc', 20, 'erwgergwr', 'ertherthreht', 555612322, TO_TIMESTAMP('21/01/2009 0:00:00.000000','DD/MM/YYYY fmHH24fm:MI:SS.FF')
, 12, 7, NULL, NULL, NULL, '?lkjdsa?lad', '234', 'qpweoruio qwe', 'as?odjil fa?oisd'
, NULL, -3, NULL, -14, -2);
INSERT INTO ADM_BIBLIOTECAS ( X_BIBLIOTECA, L_ADMITE_DEVOLUCION_MISMA_BIB,
L_ADMITE_PRESTAMO_MISMA_BIB, L_ADMITE_RENOVACION_MISMA_BIB, L_CUMPLIMENTAR_RESERVAS_EN_DEV,
L_EMITIR_RECIBO_EN_DEV, L_EMITIR_RECIBO_EN_RENOV, L_EMITIR_RECIBO_EN_RESERVAS, N_MAX_PRESTAMOS_DOM,
N_MAX_RESERVAS_POR_COLA, L_PERMITE_DEVOLUCION_MISMA_BIB, L_PERMITE_PRESTAMO_MISMA_BIB,
L_PERMITE_RENOVACION_MISMA_BIB, L_PRESTAMO_RENOV_SI_SUSPENDIDO, L_RESERVA_SI_SUSPENDIDO,
C_BIBLIOTECA, T_BIBLIOTECA, T_BIBLIOTECA_ALT, N_DESIDERATAS_DESDE_OPAC, T_EMAIL_EXT, T_EMAIL_INT,
T_FAX, FH_CONEXION_ULT, N_IVA, N_LATENCIA_NOVEDADES, T_LOGOTIPO, T_LOGOTIPO_CONTENT_TYPE,
T_LOGOTIPO_NOMBRE_FICHERO, T_CONTACTO, T_TLF, T_TEXTO, T_URLW, CAL_X_CALENDARIO, DIR_X_DIRECCION,
HOR_X_HORARIO, BIB_X_BIBLIOTECA, TIP_X_TIPO_BIBLIOTECA ) VALUES (
-18, 0, 0, 0, 0, 0, 0, 0, 4, 1, 0, 0, 0, 0, 0, 'Castro Mestre', 'Castro Mestre', '23rterfvc'
, 20, 'erwgergwr', 'ertherthreht', 555612322, TO_TIMESTAMP('21/01/2009 0:00:00.000000','DD/MM/YYYY fmHH24fm:MI:SS.FF')
, 12, 7, NULL, NULL, NULL, '?lkjdsa?lad', '12', 'qpweoruio qwe', 'as?odjil fa?oisd'
, NULL, -3, NULL, -17, -3);
commit;

INSERT INTO ADM_CALENDARIO ( X_CALENDARIO, T_DIASEMANA, F_ACT ) VALUES (
-1, 'LMXJV', TO_TIMESTAMP('29/01/2009 0:00:00.000000','DD/MM/YYYY fmHH24fm:MI:SS.FF'));
INSERT INTO ADM_CALENDARIO ( X_CALENDARIO, T_DIASEMANA, F_ACT ) VALUES (
-2, 'SD', TO_TIMESTAMP('29/01/2009 0:00:00.000000','DD/MM/YYYY fmHH24fm:MI:SS.FF'));
INSERT INTO ADM_CALENDARIO ( X_CALENDARIO, T_DIASEMANA, F_ACT ) VALUES (
-3, 'LMJVS', TO_TIMESTAMP('29/01/2009 0:00:00.000000','DD/MM/YYYY fmHH24fm:MI:SS.FF'));
commit;

INSERT INTO ADM_CATALOGO ( X_CATALOGO, C_CATALOGO, T_CATALOGO_ALT,
T_CATALOGO ) VALUES (
-1, 'asdf', 'asdfasd', 'asdfdf');
INSERT INTO ADM_CATALOGO ( X_CATALOGO, C_CATALOGO, T_CATALOGO_ALT,
T_CATALOGO ) VALUES (
-2, 'lBkTaRfTgOvLsZqZcFoBgGiWoEz', 'asdf', 'asdfasd');
INSERT INTO ADM_CATALOGO ( X_CATALOGO, C_CATALOGO, T_CATALOGO_ALT,
T_CATALOGO ) VALUES (
-3, 'asdfasd', 'zTtTjNdAaMaUxLvZeGpVsPzGcZqXmK', 'asdf');
commit;

INSERT INTO ADM_CODIGOS ( X_CODIGO, D_APLICA_GBS, C_CODIGO, T_CODIGO,
TIP_X_TIPO_CODIGO ) VALUES (
-1, 'BS', 'Color', 'Color', -1);
INSERT INTO ADM_CODIGOS ( X_CODIGO, D_APLICA_GBS, C_CODIGO, T_CODIGO,
TIP_X_TIPO_CODIGO ) VALUES (
-2, NULL, 'MAT', 'Material', -2);
INSERT INTO ADM_CODIGOS ( X_CODIGO, D_APLICA_GBS, C_CODIGO, T_CODIGO,
TIP_X_TIPO_CODIGO ) VALUES (
-3, NULL, 'Procedencia', 'Procedencia', -3);
INSERT INTO ADM_CODIGOS ( X_CODIGO, D_APLICA_GBS, C_CODIGO, T_CODIGO,
TIP_X_TIPO_CODIGO ) VALUES (
-4, NULL, 'Curso', 'Curso', -3);
commit;

INSERT INTO ADM_CODIGOS_ASIG ( X_CODIGO_VALOR, BIB_X_VAL_BIBLIOTECA, EJE_X_EJEMPLAR, LEC_X_LECTOR,
VAL_X_VALOR_CODIGO ) VALUES (
-1, -1, NULL, NULL, -1);
INSERT INTO ADM_CODIGOS_ASIG ( X_CODIGO_VALOR, BIB_X_VAL_BIBLIOTECA, EJE_X_EJEMPLAR, LEC_X_LECTOR,
VAL_X_VALOR_CODIGO ) VALUES (
-2, NULL, -2, NULL, -2);
INSERT INTO ADM_CODIGOS_ASIG ( X_CODIGO_VALOR, BIB_X_VAL_BIBLIOTECA, EJE_X_EJEMPLAR, LEC_X_LECTOR,
VAL_X_VALOR_CODIGO ) VALUES (
-3, NULL, NULL, -1, -5);
INSERT INTO ADM_CODIGOS_ASIG ( X_CODIGO_VALOR, BIB_X_VAL_BIBLIOTECA, EJE_X_EJEMPLAR, LEC_X_LECTOR,
VAL_X_VALOR_CODIGO ) VALUES (
-4, NULL, NULL, -5, -6);
commit;

INSERT INTO ADM_CODIGOS_VAL ( X_COD_VAL, T_COD_VAL, T_COD_VAL_ALT, C_COD_VAL,
COD_X_CODIGO ) VALUES (
-1, 'asdf', 'asdf', 'asdf', -1);
INSERT INTO ADM_CODIGOS_VAL ( X_COD_VAL, T_COD_VAL, T_COD_VAL_ALT, C_COD_VAL,
COD_X_CODIGO ) VALUES (
-2, 'wer', 'sdf', 'vds', -1);
INSERT INTO ADM_CODIGOS_VAL ( X_COD_VAL, T_COD_VAL, T_COD_VAL_ALT, C_COD_VAL,
COD_X_CODIGO ) VALUES (
-3, 'Andaluz', 'Andaluz', 'Andaluz', -3);
INSERT INTO ADM_CODIGOS_VAL ( X_COD_VAL, T_COD_VAL, T_COD_VAL_ALT, C_COD_VAL,
COD_X_CODIGO ) VALUES (
-4, 'Canario', 'Canario', 'Canario', -3);
INSERT INTO ADM_CODIGOS_VAL ( X_COD_VAL, T_COD_VAL, T_COD_VAL_ALT, C_COD_VAL,
COD_X_CODIGO ) VALUES (
-5, 'Cuarto', 'Cuarto', 'Cuarto', -4);
INSERT INTO ADM_CODIGOS_VAL ( X_COD_VAL, T_COD_VAL, T_COD_VAL_ALT, C_COD_VAL,
COD_X_CODIGO ) VALUES (
-6, 'Tercero', 'Tercero', 'Tercero', -4);
INSERT INTO ADM_CODIGOS_VAL ( X_COD_VAL, T_COD_VAL, T_COD_VAL_ALT, C_COD_VAL,
COD_X_CODIGO ) VALUES (
-7, 'Mat. graf. proyectable (Diapositivas)', 'Material grafico proyectable (Diapositivas)'
, 'DIA', -2);
INSERT INTO ADM_CODIGOS_VAL ( X_COD_VAL, T_COD_VAL, T_COD_VAL_ALT, C_COD_VAL,
COD_X_CODIGO ) VALUES (
-8, 'Mat. graf. proyectable (DVD)', 'Material grafico proyectable (DVD)', 'DVD', -2);
INSERT INTO ADM_CODIGOS_VAL ( X_COD_VAL, T_COD_VAL, T_COD_VAL_ALT, C_COD_VAL,
COD_X_CODIGO ) VALUES (
-9, 'Archivo de ordenador', 'Archivo de ordenador', 'ELE', -2);
INSERT INTO ADM_CODIGOS_VAL ( X_COD_VAL, T_COD_VAL, T_COD_VAL_ALT, C_COD_VAL,
COD_X_CODIGO ) VALUES (
-10, 'Material grafico no proy.', 'Material grafico no proy.', 'GRA', -2);
INSERT INTO ADM_CODIGOS_VAL ( X_COD_VAL, T_COD_VAL, T_COD_VAL_ALT, C_COD_VAL,
COD_X_CODIGO ) VALUES (
-11, 'Material textual manuscrito', 'Material textual manuscrito', 'MAN', -2);
INSERT INTO ADM_CODIGOS_VAL ( X_COD_VAL, T_COD_VAL, T_COD_VAL_ALT, C_COD_VAL,
COD_X_CODIGO ) VALUES (
-12, 'Material cartografico', 'Material cartografico', 'MAP', -2);
INSERT INTO ADM_CODIGOS_VAL ( X_COD_VAL, T_COD_VAL, T_COD_VAL_ALT, C_COD_VAL,
COD_X_CODIGO ) VALUES (
-13, 'Microformas', 'Microformas', 'MIC', -2);
INSERT INTO ADM_CODIGOS_VAL ( X_COD_VAL, T_COD_VAL, T_COD_VAL_ALT, C_COD_VAL,
COD_X_CODIGO ) VALUES (
-14, 'Monografias', 'Monografias', 'MON', -2);
INSERT INTO ADM_CODIGOS_VAL ( X_COD_VAL, T_COD_VAL, T_COD_VAL_ALT, C_COD_VAL,
COD_X_CODIGO ) VALUES (
-15, 'Musica impresa', 'Musica impresa', 'PAR', -2);
INSERT INTO ADM_CODIGOS_VAL ( X_COD_VAL, T_COD_VAL, T_COD_VAL_ALT, C_COD_VAL,
COD_X_CODIGO ) VALUES (
-16, 'Seriada arch. ordenador', 'Seriada arch. ordenador', 'PEL', -2);
INSERT INTO ADM_CODIGOS_VAL ( X_COD_VAL, T_COD_VAL, T_COD_VAL_ALT, C_COD_VAL,
COD_X_CODIGO ) VALUES (
-17, 'Material textual: Seriadas', 'Material textual: Seriadas', 'PER', -2);
INSERT INTO ADM_CODIGOS_VAL ( X_COD_VAL, T_COD_VAL, T_COD_VAL_ALT, C_COD_VAL,
COD_X_CODIGO ) VALUES (
-18, 'Grabacion sonora no musical', 'Grabacion sonora no musical', 'SNM', -2);
INSERT INTO ADM_CODIGOS_VAL ( X_COD_VAL, T_COD_VAL, T_COD_VAL_ALT, C_COD_VAL,
COD_X_CODIGO ) VALUES (
-19, 'Grabacion sonora musical', 'Grabacion sonora musical', 'SON', -2);
INSERT INTO ADM_CODIGOS_VAL ( X_COD_VAL, T_COD_VAL, T_COD_VAL_ALT, C_COD_VAL,
COD_X_CODIGO ) VALUES (
-20, 'Material grafico proy. (Video)', 'Material grafico proy. (Video)', 'VID', -2);
commit;

INSERT INTO ADM_COM_AUTONOMAS ( X_COM_AUTONOMAS, C_COM_AUTONOMAS, T_COM_AUTONOMAS,
PAI_X_PAIS ) VALUES (
-1, 'AND', 'Andalucia', -1);
INSERT INTO ADM_COM_AUTONOMAS ( X_COM_AUTONOMAS, C_COM_AUTONOMAS, T_COM_AUTONOMAS,
PAI_X_PAIS ) VALUES (
-2, 'EXT', 'Extremadura', -1);
INSERT INTO ADM_COM_AUTONOMAS ( X_COM_AUTONOMAS, C_COM_AUTONOMAS, T_COM_AUTONOMAS,
PAI_X_PAIS ) VALUES (
-3, 'MDP', 'Midi-Pyrenees', -2);
INSERT INTO ADM_COM_AUTONOMAS ( X_COM_AUTONOMAS, C_COM_AUTONOMAS, T_COM_AUTONOMAS,
PAI_X_PAIS ) VALUES (
-4, 'WHS', 'Wales', -3);
commit;

INSERT INTO ADM_CONSORCIOS ( X_CONSORCIO, C_CONSORCIO, T_CONSORCIO_ALT, N_DIAS_ANTES_FINAL,
N_DIAS_PREST, N_DIAS_RENOVACION, N_MAX_PREST_RED, N_MAX_RENOVACIONES, T_CONSORCIO, T_URL_ADMIN_APRC,
T_URL_GESTION_APRC ) VALUES (
-1, 'C1', 'Consorcio de las Universidades Europeas', 3, 5, 4, 5, 8, 'Consorcio de las Universidades Europeas'
, 'asdfasdf', 'asdfasdf');
INSERT INTO ADM_CONSORCIOS ( X_CONSORCIO, C_CONSORCIO, T_CONSORCIO_ALT, N_DIAS_ANTES_FINAL,
N_DIAS_PREST, N_DIAS_RENOVACION, N_MAX_PREST_RED, N_MAX_RENOVACIONES, T_CONSORCIO, T_URL_ADMIN_APRC,
T_URL_GESTION_APRC ) VALUES (
-2, 'C2', 'Consorcio de las bibliotecas publicas de Malaga', 6, 4, 5, 3, 1, 'Consorcio de las bibliotecas publicas de Malaga'
, 'asdfasdf', 'asdfasd');
INSERT INTO ADM_CONSORCIOS ( X_CONSORCIO, C_CONSORCIO, T_CONSORCIO_ALT, N_DIAS_ANTES_FINAL,
N_DIAS_PREST, N_DIAS_RENOVACION, N_MAX_PREST_RED, N_MAX_RENOVACIONES, T_CONSORCIO, T_URL_ADMIN_APRC,
T_URL_GESTION_APRC ) VALUES (
-3, 'C3', 'Consorcio de las bibliotecas publicas de Huelva', 4, 3, 6, 5, 8, 'Consorcio de las bibliotecas publicas de Huelva'
, 'asdfasd', 'asdfasd');
commit;

INSERT INTO ADM_CONSORCIOS_BIBLIOTECAS ( X_CONSORCIO_BIBLIOTECA, L_ADMITE_DEVOLUCION_MISMA_BIB,
L_ADMITE_PRESTAMO_MISMA_BIB, L_ADMITE_RENOVACION_MISMA_BIB, L_CUMPLIMENTAR_RESERVAS_EN_DEV,
L_EMITIR_RECIBO_EN_DEV, L_EMITIR_RECIBO_EN_RENOV, L_EMITIR_RECIBO_EN_RESERVAS, N_MAX_PRESTAMOS_DOM,
N_MAX_RESERVAS_POR_COLA, L_PERMITE_DEVOLUCION_MISMA_BIB, L_PERMITE_PRESTAMO_MISMA_BIB,
L_PERMITE_RENOVACION_MISMA_BIB, L_PRESTAMO_RENOV_SI_SUSPENDIDO, L_RESERVA_SI_SUSPENDIDO,
L_ACEPTA_DEV_DE_OTRAS_BIB, L_ACEPTA_REN_DE_OTRAS_BIB, C_CONSORCIO_BIBLIOTECA, T_BIBLIOTECA_ALT,
L_ESTA_EN_BIBLIOTECAS, F_ADHESION, F_BAJA, L_FOTO_LECTOR_VIA_SOAP, N_MAX_PREST_BIB, T_BIBLIOTECA,
L_PERMITE_DEV_EN_OTRAS_BIB, L_PERMITE_REN_EN_OTRAS_BIB, T_PERSONA_CONTACTO, T_TELEFONO,
CON_X_CONSORCIO, DIR_X_DIRECCION, EJE_LOC_X_EJEMPLAR_LOC_DEV ) VALUES (
-1, NULL, NULL, 1, NULL, NULL, NULL, NULL, NULL, NULL, NULL, NULL, 1, 0, NULL, 1, 1
, 'Francisca-Duran', 'qwerqewr', 0, TO_TIMESTAMP('16/02/2009 0:00:00.000000','DD/MM/YYYY fmHH24fm:MI:SS.FF')
, TO_TIMESTAMP('16/02/2009 0:00:00.000000','DD/MM/YYYY fmHH24fm:MI:SS.FF'), 0, 4, 'Francisca Duran'
, 1, 1, 'eqwrqwer', 'qwerqwer', -2, -2, NULL);
INSERT INTO ADM_CONSORCIOS_BIBLIOTECAS ( X_CONSORCIO_BIBLIOTECA, L_ADMITE_DEVOLUCION_MISMA_BIB,
L_ADMITE_PRESTAMO_MISMA_BIB, L_ADMITE_RENOVACION_MISMA_BIB, L_CUMPLIMENTAR_RESERVAS_EN_DEV,
L_EMITIR_RECIBO_EN_DEV, L_EMITIR_RECIBO_EN_RENOV, L_EMITIR_RECIBO_EN_RESERVAS, N_MAX_PRESTAMOS_DOM,
N_MAX_RESERVAS_POR_COLA, L_PERMITE_DEVOLUCION_MISMA_BIB, L_PERMITE_PRESTAMO_MISMA_BIB,
L_PERMITE_RENOVACION_MISMA_BIB, L_PRESTAMO_RENOV_SI_SUSPENDIDO, L_RESERVA_SI_SUSPENDIDO,
L_ACEPTA_DEV_DE_OTRAS_BIB, L_ACEPTA_REN_DE_OTRAS_BIB, C_CONSORCIO_BIBLIOTECA, T_BIBLIOTECA_ALT,
L_ESTA_EN_BIBLIOTECAS, F_ADHESION, F_BAJA, L_FOTO_LECTOR_VIA_SOAP, N_MAX_PREST_BIB, T_BIBLIOTECA,
L_PERMITE_DEV_EN_OTRAS_BIB, L_PERMITE_REN_EN_OTRAS_BIB, T_PERSONA_CONTACTO, T_TELEFONO,
CON_X_CONSORCIO, DIR_X_DIRECCION, EJE_LOC_X_EJEMPLAR_LOC_DEV ) VALUES (
-2, NULL, NULL, 1, NULL, NULL, NULL, NULL, NULL, NULL, NULL, NULL, 1, 0, NULL, 1, 1
, 'Antequera', 'Antequera', 0, TO_TIMESTAMP('16/02/2009 0:00:00.000000','DD/MM/YYYY fmHH24fm:MI:SS.FF')
, TO_TIMESTAMP('16/02/2009 0:00:00.000000','DD/MM/YYYY fmHH24fm:MI:SS.FF'), 0, 4, 'Antequera'
, 1, 1, 'eqwrqwer', 'qwerqwer', -2, -2, NULL);
commit;

INSERT INTO ADM_DIRECCIONES ( X_DIRECCION, T_ACLARADOR, T_CODIGO_POSTAL, T_LOCALIDAD_TEXTO,
T_EDIFICIO, T_VIA, T_NUMERO_VIA, T_PISO, COM_X_COMAUTONOMA, LOC_X_LOCALIDAD, MUN_X_MUNICIPIO,
PAIS_X_PAIS, PROV_X_PROVINCIA, TVI_X_TIPO_VIA ) VALUES (
-1, 'Al lado del cine principal', '29006', NULL, 'Navio', 'La Union', 55, '5', -1
, -1, -1, -1, -1, 172);
INSERT INTO ADM_DIRECCIONES ( X_DIRECCION, T_ACLARADOR, T_CODIGO_POSTAL, T_LOCALIDAD_TEXTO,
T_EDIFICIO, T_VIA, T_NUMERO_VIA, T_PISO, COM_X_COMAUTONOMA, LOC_X_LOCALIDAD, MUN_X_MUNICIPIO,
PAIS_X_PAIS, PROV_X_PROVINCIA, TVI_X_TIPO_VIA ) VALUES (
-2, 'Frente a un arbol', '04010', NULL, 'Gondola', 'Larios', 13, '1', -3, -4, -4, -2
, -4, 165);
INSERT INTO ADM_DIRECCIONES ( X_DIRECCION, T_ACLARADOR, T_CODIGO_POSTAL, T_LOCALIDAD_TEXTO,
T_EDIFICIO, T_VIA, T_NUMERO_VIA, T_PISO, COM_X_COMAUTONOMA, LOC_X_LOCALIDAD, MUN_X_MUNICIPIO,
PAIS_X_PAIS, PROV_X_PROVINCIA, TVI_X_TIPO_VIA ) VALUES (
-3, 'El edificio rojo', '29231', NULL, 'Velero', 'Carreteria', 4, '0', NULL, -3, -3
, -1, -3, 169);
INSERT INTO ADM_DIRECCIONES ( X_DIRECCION, T_ACLARADOR, T_CODIGO_POSTAL, T_LOCALIDAD_TEXTO,
T_EDIFICIO, T_VIA, T_NUMERO_VIA, T_PISO, COM_X_COMAUTONOMA, LOC_X_LOCALIDAD, MUN_X_MUNICIPIO,
PAIS_X_PAIS, PROV_X_PROVINCIA, TVI_X_TIPO_VIA ) VALUES (
-4, 'Frente a la iglesia', '28080', NULL, 'Rio', 'Rue de l''eglise', 4, '0', -3, -4
, -4, -2, -4, 169);
INSERT INTO ADM_DIRECCIONES ( X_DIRECCION, T_ACLARADOR, T_CODIGO_POSTAL, T_LOCALIDAD_TEXTO,
T_EDIFICIO, T_VIA, T_NUMERO_VIA, T_PISO, COM_X_COMAUTONOMA, LOC_X_LOCALIDAD, MUN_X_MUNICIPIO,
PAIS_X_PAIS, PROV_X_PROVINCIA, TVI_X_TIPO_VIA ) VALUES (
-5, 'El rascacielos', 'OTR204', NULL, 'HSBC', 'Marylebone', 4, '0', -4, -5, -5, -3
, -5, 169);
commit;

INSERT INTO ADM_FAVORITO_USUARIO ( X_FAVORITO_USUARIO, N_IDENTIFICADOR, N_ORDEN, T_TEXTO, T_URL,
USUARIO_X_USUARIO ) VALUES (
-1, NULL, 1, 'Bibliotecas', '/librae-adminconfig/pages/biblioteca/list.html', -1);
INSERT INTO ADM_FAVORITO_USUARIO ( X_FAVORITO_USUARIO, N_IDENTIFICADOR, N_ORDEN, T_TEXTO, T_URL,
USUARIO_X_USUARIO ) VALUES (
-2, NULL, 2, 'Roles', '/librae-adminconfig/pages/rol/list.html', -1);
commit;

INSERT INTO ADM_FESTIVOS ( X_FESTIVO, F_FESTIVO, CAL_X_CALENDARIO ) VALUES (
-1, TO_TIMESTAMP('01/03/2010 0:00:00.000000','DD/MM/YYYY fmHH24fm:MI:SS.FF'), -1);
INSERT INTO ADM_FESTIVOS ( X_FESTIVO, F_FESTIVO, CAL_X_CALENDARIO ) VALUES (
-2, TO_TIMESTAMP('29/01/2009 0:00:00.000000','DD/MM/YYYY fmHH24fm:MI:SS.FF'), -2);
INSERT INTO ADM_FESTIVOS ( X_FESTIVO, F_FESTIVO, CAL_X_CALENDARIO ) VALUES (
-3, TO_TIMESTAMP('29/01/2009 0:00:00.000000','DD/MM/YYYY fmHH24fm:MI:SS.FF'), -3);
INSERT INTO ADM_FESTIVOS ( X_FESTIVO, F_FESTIVO, CAL_X_CALENDARIO ) VALUES (
-4, TO_TIMESTAMP('29/03/2010 0:00:00.000000','DD/MM/YYYY fmHH24fm:MI:SS.FF'), -1);
INSERT INTO ADM_FESTIVOS ( X_FESTIVO, F_FESTIVO, CAL_X_CALENDARIO ) VALUES (
-5, TO_TIMESTAMP('29/04/2010 0:00:00.000000','DD/MM/YYYY fmHH24fm:MI:SS.FF'), -1);
INSERT INTO ADM_FESTIVOS ( X_FESTIVO, F_FESTIVO, CAL_X_CALENDARIO ) VALUES (
-6, TO_TIMESTAMP('29/05/2010 0:00:00.000000','DD/MM/YYYY fmHH24fm:MI:SS.FF'), -1);
commit;

INSERT INTO ADM_GRUPOS_FUNCIONALES ( X_GRUPOS_FUNCIONALES, T_NOMBRE,
MOD_X_MODULO ) VALUES (
-1, '#gruposfuncionales.adquisiciones', -1);
INSERT INTO ADM_GRUPOS_FUNCIONALES ( X_GRUPOS_FUNCIONALES, T_NOMBRE,
MOD_X_MODULO ) VALUES (
-2, '#gruposfuncionales.bibliotecaDigital', -2);
INSERT INTO ADM_GRUPOS_FUNCIONALES ( X_GRUPOS_FUNCIONALES, T_NOMBRE,
MOD_X_MODULO ) VALUES (
-3, '#gruposfuncionales.catalogacion', -3);
INSERT INTO ADM_GRUPOS_FUNCIONALES ( X_GRUPOS_FUNCIONALES, T_NOMBRE,
MOD_X_MODULO ) VALUES (
-4, '#gruposfuncionales.circulacion', -4);
INSERT INTO ADM_GRUPOS_FUNCIONALES ( X_GRUPOS_FUNCIONALES, T_NOMBRE,
MOD_X_MODULO ) VALUES (
-5, '#gruposfuncionales.lectores', -5);
INSERT INTO ADM_GRUPOS_FUNCIONALES ( X_GRUPOS_FUNCIONALES, T_NOMBRE,
MOD_X_MODULO ) VALUES (
-6, '#gruposfuncionales.mensajeria', -6);
INSERT INTO ADM_GRUPOS_FUNCIONALES ( X_GRUPOS_FUNCIONALES, T_NOMBRE,
MOD_X_MODULO ) VALUES (
-7, '#gruposfuncionales.seriadas', -7);
INSERT INTO ADM_GRUPOS_FUNCIONALES ( X_GRUPOS_FUNCIONALES, T_NOMBRE,
MOD_X_MODULO ) VALUES (
-8, '#gruposfuncionales.estadisticas', -8);
INSERT INTO ADM_GRUPOS_FUNCIONALES ( X_GRUPOS_FUNCIONALES, T_NOMBRE,
MOD_X_MODULO ) VALUES (
-9, '#gruposfuncionales.proveedores', -1);
INSERT INTO ADM_GRUPOS_FUNCIONALES ( X_GRUPOS_FUNCIONALES, T_NOMBRE,
MOD_X_MODULO ) VALUES (
-10, '#gruposfuncionales.generaciondeinformes', -8);
INSERT INTO ADM_GRUPOS_FUNCIONALES ( X_GRUPOS_FUNCIONALES, T_NOMBRE,
MOD_X_MODULO ) VALUES (
-11, '#gruposfuncionales.tareaspendientes', -6);
commit;

INSERT INTO ADM_HORARIO ( X_HORARIO, F_ACT ) VALUES (
-1, TO_TIMESTAMP('02/02/2009 0:00:00.000000','DD/MM/YYYY fmHH24fm:MI:SS.FF'));
INSERT INTO ADM_HORARIO ( X_HORARIO, F_ACT ) VALUES (
-2, TO_TIMESTAMP('02/02/2009 0:00:00.000000','DD/MM/YYYY fmHH24fm:MI:SS.FF'));
INSERT INTO ADM_HORARIO ( X_HORARIO, F_ACT ) VALUES (
-3, TO_TIMESTAMP('02/02/2009 0:00:00.000000','DD/MM/YYYY fmHH24fm:MI:SS.FF'));
commit;

INSERT INTO ADM_HORARIO_INT ( X_INTERVALO, T_DIASEMANA, F_FIN, F_INICIO, H_FIN1, H_FIN2, H_FIN3,
H_FIN4, H_FIN5, H_INICIO1, H_INICIO2, H_INICIO3, H_INICIO4, H_INICIO5,
HOR_X_HORARIO ) VALUES (
-1, 'LM', TO_TIMESTAMP('03/02/2009 0:00:00.000000','DD/MM/YYYY fmHH24fm:MI:SS.FF')
, TO_TIMESTAMP('03/02/2009 0:00:00.000000','DD/MM/YYYY fmHH24fm:MI:SS.FF'), TO_TIMESTAMP('02/02/2000 0:00:00.000000','DD/MM/YYYY fmHH24fm:MI:SS.FF')
, TO_TIMESTAMP('02/02/2000 0:00:00.000000','DD/MM/YYYY fmHH24fm:MI:SS.FF'), TO_TIMESTAMP('02/02/2000 0:00:00.000000','DD/MM/YYYY fmHH24fm:MI:SS.FF')
, TO_TIMESTAMP('02/02/2000 0:00:00.000000','DD/MM/YYYY fmHH24fm:MI:SS.FF'), TO_TIMESTAMP('02/02/2000 0:00:00.000000','DD/MM/YYYY fmHH24fm:MI:SS.FF')
, TO_TIMESTAMP('02/02/2000 0:00:00.000000','DD/MM/YYYY fmHH24fm:MI:SS.FF'), TO_TIMESTAMP('02/02/2000 0:00:00.000000','DD/MM/YYYY fmHH24fm:MI:SS.FF')
, TO_TIMESTAMP('02/02/2000 0:00:00.000000','DD/MM/YYYY fmHH24fm:MI:SS.FF'), TO_TIMESTAMP('02/02/2000 0:00:00.000000','DD/MM/YYYY fmHH24fm:MI:SS.FF')
, TO_TIMESTAMP('02/02/2000 0:00:00.000000','DD/MM/YYYY fmHH24fm:MI:SS.FF'), -1);
INSERT INTO ADM_HORARIO_INT ( X_INTERVALO, T_DIASEMANA, F_FIN, F_INICIO, H_FIN1, H_FIN2, H_FIN3,
H_FIN4, H_FIN5, H_INICIO1, H_INICIO2, H_INICIO3, H_INICIO4, H_INICIO5,
HOR_X_HORARIO ) VALUES (
-2, 'VS', TO_TIMESTAMP('03/02/2009 0:00:00.000000','DD/MM/YYYY fmHH24fm:MI:SS.FF')
, TO_TIMESTAMP('03/02/2009 0:00:00.000000','DD/MM/YYYY fmHH24fm:MI:SS.FF'), TO_TIMESTAMP('02/02/2000 0:00:00.000000','DD/MM/YYYY fmHH24fm:MI:SS.FF')
, TO_TIMESTAMP('02/02/2000 0:00:00.000000','DD/MM/YYYY fmHH24fm:MI:SS.FF'), TO_TIMESTAMP('02/02/2000 0:00:00.000000','DD/MM/YYYY fmHH24fm:MI:SS.FF')
, TO_TIMESTAMP('02/02/2000 0:00:00.000000','DD/MM/YYYY fmHH24fm:MI:SS.FF'), TO_TIMESTAMP('02/02/2000 0:00:00.000000','DD/MM/YYYY fmHH24fm:MI:SS.FF')
, TO_TIMESTAMP('02/02/2000 0:00:00.000000','DD/MM/YYYY fmHH24fm:MI:SS.FF'), TO_TIMESTAMP('02/02/2000 0:00:00.000000','DD/MM/YYYY fmHH24fm:MI:SS.FF')
, TO_TIMESTAMP('02/02/2000 0:00:00.000000','DD/MM/YYYY fmHH24fm:MI:SS.FF'), TO_TIMESTAMP('02/02/2000 0:00:00.000000','DD/MM/YYYY fmHH24fm:MI:SS.FF')
, TO_TIMESTAMP('02/02/2000 0:00:00.000000','DD/MM/YYYY fmHH24fm:MI:SS.FF'), -2);
INSERT INTO ADM_HORARIO_INT ( X_INTERVALO, T_DIASEMANA, F_FIN, F_INICIO, H_FIN1, H_FIN2, H_FIN3,
H_FIN4, H_FIN5, H_INICIO1, H_INICIO2, H_INICIO3, H_INICIO4, H_INICIO5,
HOR_X_HORARIO ) VALUES (
-3, 'D', TO_TIMESTAMP('03/02/2009 0:00:00.000000','DD/MM/YYYY fmHH24fm:MI:SS.FF')
, TO_TIMESTAMP('03/02/2009 0:00:00.000000','DD/MM/YYYY fmHH24fm:MI:SS.FF'), TO_TIMESTAMP('02/02/2000 0:00:00.000000','DD/MM/YYYY fmHH24fm:MI:SS.FF')
, TO_TIMESTAMP('02/02/2000 0:00:00.000000','DD/MM/YYYY fmHH24fm:MI:SS.FF'), TO_TIMESTAMP('02/02/2000 0:00:00.000000','DD/MM/YYYY fmHH24fm:MI:SS.FF')
, TO_TIMESTAMP('02/02/2000 0:00:00.000000','DD/MM/YYYY fmHH24fm:MI:SS.FF'), TO_TIMESTAMP('02/02/2000 0:00:00.000000','DD/MM/YYYY fmHH24fm:MI:SS.FF')
, TO_TIMESTAMP('02/02/2000 0:00:00.000000','DD/MM/YYYY fmHH24fm:MI:SS.FF'), TO_TIMESTAMP('02/02/2000 0:00:00.000000','DD/MM/YYYY fmHH24fm:MI:SS.FF')
, TO_TIMESTAMP('02/02/2000 0:00:00.000000','DD/MM/YYYY fmHH24fm:MI:SS.FF'), TO_TIMESTAMP('02/02/2000 0:00:00.000000','DD/MM/YYYY fmHH24fm:MI:SS.FF')
, TO_TIMESTAMP('02/02/2000 0:00:00.000000','DD/MM/YYYY fmHH24fm:MI:SS.FF'), -3);
commit;

INSERT INTO ADM_LOCALIDADES ( X_LOCALIDAD, L_BAJA, C_INE_LOCALIDAD, L_MUNICIPIO, T_LOCALIDAD,
MUN_X_MUNICIPIO ) VALUES (
-1, 0, 'LOC1', 0, 'Localidad 01', -1);
INSERT INTO ADM_LOCALIDADES ( X_LOCALIDAD, L_BAJA, C_INE_LOCALIDAD, L_MUNICIPIO, T_LOCALIDAD,
MUN_X_MUNICIPIO ) VALUES (
-2, 0, 'LOC2', 0, 'Localidad 02', -2);
INSERT INTO ADM_LOCALIDADES ( X_LOCALIDAD, L_BAJA, C_INE_LOCALIDAD, L_MUNICIPIO, T_LOCALIDAD,
MUN_X_MUNICIPIO ) VALUES (
-3, 1, 'LOC3', 0, 'Localidad 03', -3);
INSERT INTO ADM_LOCALIDADES ( X_LOCALIDAD, L_BAJA, C_INE_LOCALIDAD, L_MUNICIPIO, T_LOCALIDAD,
MUN_X_MUNICIPIO ) VALUES (
-4, 0, 'VLL', 0, 'La Peyre', -4);
INSERT INTO ADM_LOCALIDADES ( X_LOCALIDAD, L_BAJA, C_INE_LOCALIDAD, L_MUNICIPIO, T_LOCALIDAD,
MUN_X_MUNICIPIO ) VALUES (
-5, 0, 'TWN', 0, 'Cardiff Town', -5);
commit;

INSERT INTO ADM_MENUS ( X_MENU, T_MENU_ALT, N_ORDEN, T_MENU, T_URL, MENU_X_MENU,
PER_X_PERMISO ) VALUES (
-1, 'Administracion y configuracion', 2, 'Administracion y configuracion', NULL, NULL
, NULL);
INSERT INTO ADM_MENUS ( X_MENU, T_MENU_ALT, N_ORDEN, T_MENU, T_URL, MENU_X_MENU,
PER_X_PERMISO ) VALUES (
-2, 'Opcion principal de la aplicacion', 1, 'Inicio', NULL, NULL, NULL);
INSERT INTO ADM_MENUS ( X_MENU, T_MENU_ALT, N_ORDEN, T_MENU, T_URL, MENU_X_MENU,
PER_X_PERMISO ) VALUES (
-4, 'Catalogacion', 3, 'Catalogacion', NULL, -2, -7);
INSERT INTO ADM_MENUS ( X_MENU, T_MENU_ALT, N_ORDEN, T_MENU, T_URL, MENU_X_MENU,
PER_X_PERMISO ) VALUES (
-3, 'Publicaciones seriadas', 4, 'Publicaciones seriadas', NULL, -2, -7);
INSERT INTO ADM_MENUS ( X_MENU, T_MENU_ALT, N_ORDEN, T_MENU, T_URL, MENU_X_MENU,
PER_X_PERMISO ) VALUES (
-5, 'Lectores', 2, 'Lectores', '/librae-lectores/pages/lector/listadoLectores.html?limpiar=true'
, -2, -48);
INSERT INTO ADM_MENUS ( X_MENU, T_MENU_ALT, N_ORDEN, T_MENU, T_URL, MENU_X_MENU,
PER_X_PERMISO ) VALUES (
-6, 'Circulacion', 1, 'Circulacion', NULL, -2, NULL);
INSERT INTO ADM_MENUS ( X_MENU, T_MENU_ALT, N_ORDEN, T_MENU, T_URL, MENU_X_MENU,
PER_X_PERMISO ) VALUES (
-7, 'Gestion del prestamo', 4, 'Gestion del prestamo', NULL, -6, NULL);
INSERT INTO ADM_MENUS ( X_MENU, T_MENU_ALT, N_ORDEN, T_MENU, T_URL, MENU_X_MENU,
PER_X_PERMISO ) VALUES (
-8, 'Prestamo', 1, 'Prestamo', '/librae-circulacion/pages/prestamoDom/prestamoDom.html?limpiar=true'
, -6, -25);
INSERT INTO ADM_MENUS ( X_MENU, T_MENU_ALT, N_ORDEN, T_MENU, T_URL, MENU_X_MENU,
PER_X_PERMISO ) VALUES (
-9, 'Busqueda de usuarios y cambiar clave', 4, 'Usuarios', NULL, -1, NULL);
INSERT INTO ADM_MENUS ( X_MENU, T_MENU_ALT, N_ORDEN, T_MENU, T_URL, MENU_X_MENU,
PER_X_PERMISO ) VALUES (
-12, 'Busqueda de codigos', 2, 'Codigos', '/librae-adminconfig/pages/codigos/list.html?limpiar=true'
, -1, -19);
INSERT INTO ADM_MENUS ( X_MENU, T_MENU_ALT, N_ORDEN, T_MENU, T_URL, MENU_X_MENU,
PER_X_PERMISO ) VALUES (
-10, 'Busqueda de usuarios', 1, 'Usuarios', '/librae-adminconfig/pages/usuario/list.html?limpiar=true'
, -9, -20);
INSERT INTO ADM_MENUS ( X_MENU, T_MENU_ALT, N_ORDEN, T_MENU, T_URL, MENU_X_MENU,
PER_X_PERMISO ) VALUES (
-11, 'Cambiar clave', 2, 'Cambiar clave', '/librae-adminconfig/pages/iaa/gestionUsuarios/cambiarClave.html'
, -9, -21);
INSERT INTO ADM_MENUS ( X_MENU, T_MENU_ALT, N_ORDEN, T_MENU, T_URL, MENU_X_MENU,
PER_X_PERMISO ) VALUES (
-13, 'Busqueda de bibliotecas', 1, 'Bibliotecas', '/librae-adminconfig/pages/biblioteca/list.html?limpiar=true'
, -1, -26);
INSERT INTO ADM_MENUS ( X_MENU, T_MENU_ALT, N_ORDEN, T_MENU, T_URL, MENU_X_MENU,
PER_X_PERMISO ) VALUES (
-17, 'Catalogo', 1, 'Catalogo', '/librae-catalogacion/pages/registroBibliografico/listadoRegistroBibliografico.html?limpiar=true'
, -4, -7);
INSERT INTO ADM_MENUS ( X_MENU, T_MENU_ALT, N_ORDEN, T_MENU, T_URL, MENU_X_MENU,
PER_X_PERMISO ) VALUES (
-16, 'Ejemplares', 1, 'Ejemplares', '/librae-catalogacion/pages/ejemplar/listadoEjemplares.html?limpiar=true'
, -4, -7);
INSERT INTO ADM_MENUS ( X_MENU, T_MENU_ALT, N_ORDEN, T_MENU, T_URL, MENU_X_MENU,
PER_X_PERMISO ) VALUES (
-14, 'Autoridades', 1, 'Autoridades', '/librae-catalogacion/pages/autoridad/listadoAutoridad.html?limpiar=true'
, -4, -7);
INSERT INTO ADM_MENUS ( X_MENU, T_MENU_ALT, N_ORDEN, T_MENU, T_URL, MENU_X_MENU,
PER_X_PERMISO ) VALUES (
-35, 'Periodicidades', 2, 'Periodicidades', '/librae-pubseriadas/pages/periodicidad/listadoPeriodicidad.html?limpiar=true'
, -3, -7);
INSERT INTO ADM_MENUS ( X_MENU, T_MENU_ALT, N_ORDEN, T_MENU, T_URL, MENU_X_MENU,
PER_X_PERMISO ) VALUES (
-36, 'Recepcion / Colecciones', 1, 'Recepcion / Colecciones', '/librae-pubseriadas/pages/suscripcion/listadoSuscripcion.html?limpiar=true'
, -3, -7);
INSERT INTO ADM_MENUS ( X_MENU, T_MENU_ALT, N_ORDEN, T_MENU, T_URL, MENU_X_MENU,
PER_X_PERMISO ) VALUES (
-37, 'Modos de visualizacion', 3, 'Modos de visualizacion', '/librae-pubseriadas/pages/modoVisualizacion/listadoModoVisualizacion.html?limpiar=true'
, -3, -7);
INSERT INTO ADM_MENUS ( X_MENU, T_MENU_ALT, N_ORDEN, T_MENU, T_URL, MENU_X_MENU,
PER_X_PERMISO ) VALUES (
-15, 'Busqueda de roles', 3, 'Roles', '/librae-adminconfig/pages/rol/list.html?limpiar=true'
, -1, -5);
INSERT INTO ADM_MENUS ( X_MENU, T_MENU_ALT, N_ORDEN, T_MENU, T_URL, MENU_X_MENU,
PER_X_PERMISO ) VALUES (
-18, 'Politicas de prestamo', 1, 'Politicas de prestamo', '/librae-circulacion/pages/politicaPrestamoDom/list.html?limpiar=true'
, -7, -22);
INSERT INTO ADM_MENUS ( X_MENU, T_MENU_ALT, N_ORDEN, T_MENU, T_URL, MENU_X_MENU,
PER_X_PERMISO ) VALUES (
-19, 'Asociaciones politicas de prestamo', 2, 'Asociaciones politicas de prestamo'
, '/librae-circulacion/pages/asocPolPrestamo/list.html?limpiar=true', -7, -23);
INSERT INTO ADM_MENUS ( X_MENU, T_MENU_ALT, N_ORDEN, T_MENU, T_URL, MENU_X_MENU,
PER_X_PERMISO ) VALUES (
-20, 'Prestamo en sala', 7, 'Prestamo en sala', '/librae-circulacion/pages/prestamoSala/prestamoSala.html?limpiar=true'
, -6, -24);
INSERT INTO ADM_MENUS ( X_MENU, T_MENU_ALT, N_ORDEN, T_MENU, T_URL, MENU_X_MENU,
PER_X_PERMISO ) VALUES (
-22, 'Politica de reservas', 3, 'Politica de reservas', '/librae-circulacion/pages/politicaReserva/list.html?limpiar=true'
, -7, -27);
INSERT INTO ADM_MENUS ( X_MENU, T_MENU_ALT, N_ORDEN, T_MENU, T_URL, MENU_X_MENU,
PER_X_PERMISO ) VALUES (
-23, 'Asociacion de politicas de reservas', 4, 'Asociacion de politicas de reservas'
, '/librae-circulacion/pages/asocPolReserva/list.html?limpiar=true', -7, -50);
INSERT INTO ADM_MENUS ( X_MENU, T_MENU_ALT, N_ORDEN, T_MENU, T_URL, MENU_X_MENU,
PER_X_PERMISO ) VALUES (
-24, 'Reservas', 3, 'Reservas', '/librae-circulacion/pages/reserva/list.html?limpiar=true'
, -6, -108);
INSERT INTO ADM_MENUS ( X_MENU, T_MENU_ALT, N_ORDEN, T_MENU, T_URL, MENU_X_MENU,
PER_X_PERMISO ) VALUES (
-25, 'Busqueda de catalogos', 5, 'Catalogos', '/librae-adminconfig/pages/catalogo/list.html?limpiar=true'
, -1, -61);
INSERT INTO ADM_MENUS ( X_MENU, T_MENU_ALT, N_ORDEN, T_MENU, T_URL, MENU_X_MENU,
PER_X_PERMISO ) VALUES (
-26, 'Prestamo en red', 6, 'Prestamo en red', NULL, -6, NULL);
INSERT INTO ADM_MENUS ( X_MENU, T_MENU_ALT, N_ORDEN, T_MENU, T_URL, MENU_X_MENU,
PER_X_PERMISO ) VALUES (
-27, 'Consorcios', 1, 'Consorcios', '/librae-circulacion/pages/consorcio/list.html?limpiar=true'
, -26, -74);
INSERT INTO ADM_MENUS ( X_MENU, T_MENU_ALT, N_ORDEN, T_MENU, T_URL, MENU_X_MENU,
PER_X_PERMISO ) VALUES (
-28, 'Bibliotecas consorciadas', 2, 'Bibliotecas consorciadas', '/librae-circulacion/pages/bibliotecaConsorciada/list.html?limpiar=true'
, -26, -113);
INSERT INTO ADM_MENUS ( X_MENU, T_MENU_ALT, N_ORDEN, T_MENU, T_URL, MENU_X_MENU,
PER_X_PERMISO ) VALUES (
-29, 'Consorcio', 3, 'Consorcio', '/librae-circulacion/pages/prestamoConsorcio/prestamoConsorcio.html?limpiar=true'
, -26, -85);
INSERT INTO ADM_MENUS ( X_MENU, T_MENU_ALT, N_ORDEN, T_MENU, T_URL, MENU_X_MENU,
PER_X_PERMISO ) VALUES (
-30, 'Adquisiciones', 6, 'Adquisiciones', NULL, -2, -48);
INSERT INTO ADM_MENUS ( X_MENU, T_MENU_ALT, N_ORDEN, T_MENU, T_URL, MENU_X_MENU,
PER_X_PERMISO ) VALUES (
-31, 'Proveedores', 1, 'Proveedores', '/librae-adquisicion/pages/proveedores/busquedaProveedores.html?limpiar=true'
, -30, -115);
INSERT INTO ADM_MENUS ( X_MENU, T_MENU_ALT, N_ORDEN, T_MENU, T_URL, MENU_X_MENU,
PER_X_PERMISO ) VALUES (
-32, 'Desideratas', 2, 'Desideratas', NULL, -30, -133);
INSERT INTO ADM_MENUS ( X_MENU, T_MENU_ALT, N_ORDEN, T_MENU, T_URL, MENU_X_MENU,
PER_X_PERMISO ) VALUES (
-33, 'Desideratas', 1, 'Desideratas', '/librae-adquisicion/pages/desideratas/busquedaDesideratasBibliotecario.html?limpiar=true'
, -32, -133);
INSERT INTO ADM_MENUS ( X_MENU, T_MENU_ALT, N_ORDEN, T_MENU, T_URL, MENU_X_MENU,
PER_X_PERMISO ) VALUES (
-34, 'Desideratas', 2, 'Motivos de Rechazo', '/librae-adquisicion/pages/desideratas/motivosRechazo/listadoMotivos.html?limpiar=true'
, -32, -128);
INSERT INTO ADM_MENUS ( X_MENU, T_MENU_ALT, N_ORDEN, T_MENU, T_URL, MENU_X_MENU,
PER_X_PERMISO ) VALUES (
-40, 'Importacion y exportacion', 7, 'Importacion y exportacion', NULL, -1, NULL);
INSERT INTO ADM_MENUS ( X_MENU, T_MENU_ALT, N_ORDEN, T_MENU, T_URL, MENU_X_MENU,
PER_X_PERMISO ) VALUES (
-42, 'Transformaciones y jobs', 2, 'Transformaciones y jobs', '/librae-importexport/pages/transformJob/list.html?limpiar=true'
, -40, -86);
INSERT INTO ADM_MENUS ( X_MENU, T_MENU_ALT, N_ORDEN, T_MENU, T_URL, MENU_X_MENU,
PER_X_PERMISO ) VALUES (
-43, 'Prestamo interbibliotecario', 5, 'Prestamo interbibliotecario', NULL, -6, NULL);
INSERT INTO ADM_MENUS ( X_MENU, T_MENU_ALT, N_ORDEN, T_MENU, T_URL, MENU_X_MENU,
PER_X_PERMISO ) VALUES (
-44, 'Peticion de prestamo', 1, 'Peticion de prestamo', '/librae-circulacion/pages/peticionPIB/list.html?limpiar=true'
, -43, -89);
INSERT INTO ADM_MENUS ( X_MENU, T_MENU_ALT, N_ORDEN, T_MENU, T_URL, MENU_X_MENU,
PER_X_PERMISO ) VALUES (
-45, 'Bibliotecas externas', 2, 'Bibliotecas externas', '/librae-circulacion/pages/bibliotecaExt/list.html?limpiar=true'
, -43, -90);
INSERT INTO ADM_MENUS ( X_MENU, T_MENU_ALT, N_ORDEN, T_MENU, T_URL, MENU_X_MENU,
PER_X_PERMISO ) VALUES (
-46, 'Parametros', 7, 'Parametros', '/librae-adminconfig/pages/parametro/list.html?limpiar=true'
, -1, -91);
INSERT INTO ADM_MENUS ( X_MENU, T_MENU_ALT, N_ORDEN, T_MENU, T_URL, MENU_X_MENU,
PER_X_PERMISO ) VALUES (
-47, 'Procesos planificados', 8, 'Procesos planificados', '/librae-procplanificados/pages/gestionProcesos/buscar.html?limpiar=true'
, -1, -142);
INSERT INTO ADM_MENUS ( X_MENU, T_MENU_ALT, N_ORDEN, T_MENU, T_URL, MENU_X_MENU,
PER_X_PERMISO ) VALUES (
-48, 'Biblioteca digital', 5, 'Biblioteca digital', '/librae-catalogacion/pages/bibdigital/asociacionAutomatica.html'
, -2, -48);
INSERT INTO ADM_MENUS ( X_MENU, T_MENU_ALT, N_ORDEN, T_MENU, T_URL, MENU_X_MENU,
PER_X_PERMISO ) VALUES (
-49, 'Devoluciones', 2, 'Devolucion', '/librae-circulacion/pages/prestamoDom/prestamoDom.html?limpiar=true&tabDevolucion=true'
, -6, -25);
INSERT INTO ADM_MENUS ( X_MENU, T_MENU_ALT, N_ORDEN, T_MENU, T_URL, MENU_X_MENU,
PER_X_PERMISO ) VALUES (
-1047, 'Estadisticas', 6, 'Estadisticas', NULL, -2, -48);
INSERT INTO ADM_MENUS ( X_MENU, T_MENU_ALT, N_ORDEN, T_MENU, T_URL, MENU_X_MENU,
PER_X_PERMISO ) VALUES (
-1048, 'Administracion de estadisticas', 1, 'Administracion de estadisticas', NULL
, -1047, -48);
INSERT INTO ADM_MENUS ( X_MENU, T_MENU_ALT, N_ORDEN, T_MENU, T_URL, MENU_X_MENU,
PER_X_PERMISO ) VALUES (
-1049, 'Busqueda de parametros', 2, 'Parametros', '/librae-estadisticas/pages/administrarInformes/buscarParametros.html?limpiar=true'
, -1048, -1020);
INSERT INTO ADM_MENUS ( X_MENU, T_MENU_ALT, N_ORDEN, T_MENU, T_URL, MENU_X_MENU,
PER_X_PERMISO ) VALUES (
-1050, 'Busqueda de estadisticas', 2, 'Estadisticas', '/librae-estadisticas/pages/administrarInformes/buscarInformes.html?idModoEjecucion=0&limpiar=true'
, -1048, -1012);
INSERT INTO ADM_MENUS ( X_MENU, T_MENU_ALT, N_ORDEN, T_MENU, T_URL, MENU_X_MENU,
PER_X_PERMISO ) VALUES (
-1051, 'Generacion de estadisticas', 1, 'Generacion de estadisticas', NULL, -1047
, -1012);
INSERT INTO ADM_MENUS ( X_MENU, T_MENU_ALT, N_ORDEN, T_MENU, T_URL, MENU_X_MENU,
PER_X_PERMISO ) VALUES (
-1052, 'Buscar estadisticas', 1, 'Generar estadisticas', '/librae-estadisticas/pages/gestionInformes/buscarGenerarInformes.html?idModoEjecucion=1&limpiar=true'
, -1051, -1012);
INSERT INTO ADM_MENUS ( X_MENU, T_MENU_ALT, N_ORDEN, T_MENU, T_URL, MENU_X_MENU,
PER_X_PERMISO ) VALUES (
-1053, 'Mensajeria y comunicaciones', 8, 'Mensajeria y comunicaciones', NULL, -2, -48);
INSERT INTO ADM_MENUS ( X_MENU, T_MENU_ALT, N_ORDEN, T_MENU, T_URL, MENU_X_MENU,
PER_X_PERMISO ) VALUES (
-1054, 'Mensajeria', 1, 'Mensajeria', NULL, -1053, -48);
INSERT INTO ADM_MENUS ( X_MENU, T_MENU_ALT, N_ORDEN, T_MENU, T_URL, MENU_X_MENU,
PER_X_PERMISO ) VALUES (
-1055, 'Consultar notificaciones', 3, 'Consultar notificaciones', '/librae-mensajeria/pages/consultarNotificacionesSubsistemas.html?limpiar=true'
, -1054, -1033);
INSERT INTO ADM_MENUS ( X_MENU, T_MENU_ALT, N_ORDEN, T_MENU, T_URL, MENU_X_MENU,
PER_X_PERMISO ) VALUES (
-1056, 'Buscar Tipo de Notificaciones del SIGB', 1, 'Tipos de Notificaciones del SIGB'
, '/librae-mensajeria/pages/buscarCatalogoDSI.html?limpiar=true', -1054, -1029);
INSERT INTO ADM_MENUS ( X_MENU, T_MENU_ALT, N_ORDEN, T_MENU, T_URL, MENU_X_MENU,
PER_X_PERMISO ) VALUES (
-1057, 'Tipo de Notificaciones del SIGB por un bibliotecario', 2, 'Tipos de Notificaciones bibliotecario'
, '/librae-mensajeria/pages/consultarNotificacionesDSIbibliotecario.html?limpiar=true'
, -1054, -1030);
INSERT INTO ADM_MENUS ( X_MENU, T_MENU_ALT, N_ORDEN, T_MENU, T_URL, MENU_X_MENU,
PER_X_PERMISO ) VALUES (
-1058, 'Tareas pendientes ', 4, 'Tareas pendientes', '/librae-mensajeria/pages/consultarTareasPendientes.html'
, -1054, -1032);
commit;

INSERT INTO ADM_MODULOS ( X_MODULOS, T_NOMBRE ) VALUES (
-1, '#modulo.adquisiciones');
INSERT INTO ADM_MODULOS ( X_MODULOS, T_NOMBRE ) VALUES (
-2, '#modulo.bibliotecaDigital');
INSERT INTO ADM_MODULOS ( X_MODULOS, T_NOMBRE ) VALUES (
-3, '#modulo.catalogacion');
INSERT INTO ADM_MODULOS ( X_MODULOS, T_NOMBRE ) VALUES (
-4, '#modulo.circulacion');
INSERT INTO ADM_MODULOS ( X_MODULOS, T_NOMBRE ) VALUES (
-5, '#modulo.lectores');
INSERT INTO ADM_MODULOS ( X_MODULOS, T_NOMBRE ) VALUES (
-6, '#modulo.mensajeria');
INSERT INTO ADM_MODULOS ( X_MODULOS, T_NOMBRE ) VALUES (
-7, '#modulo.seriadas');
INSERT INTO ADM_MODULOS ( X_MODULOS, T_NOMBRE ) VALUES (
-8, '#modulo.estadisticas');
commit;

INSERT INTO ADM_MONEDAS ( X_MONEDA, C_CODIGO_ALFABETICO, N_CODIGO_NUMERICO, F_OBSOLETA, T_MONEDA,
N_POTENCIA_M, PAIS_X_PAIS ) VALUES (
-1, 'asdfa', 'asdf', TO_TIMESTAMP('09/02/2009 0:00:00.000000','DD/MM/YYYY fmHH24fm:MI:SS.FF')
, '1234', 12343, -1);
INSERT INTO ADM_MONEDAS ( X_MONEDA, C_CODIGO_ALFABETICO, N_CODIGO_NUMERICO, F_OBSOLETA, T_MONEDA,
N_POTENCIA_M, PAIS_X_PAIS ) VALUES (
-2, 'dfg', 'ffg', TO_TIMESTAMP('09/02/2009 0:00:00.000000','DD/MM/YYYY fmHH24fm:MI:SS.FF')
, '1234', 1234, -2);
INSERT INTO ADM_MONEDAS ( X_MONEDA, C_CODIGO_ALFABETICO, N_CODIGO_NUMERICO, F_OBSOLETA, T_MONEDA,
N_POTENCIA_M, PAIS_X_PAIS ) VALUES (
-3, 'qwerqwer', 'wertwert', TO_TIMESTAMP('09/02/2009 0:00:00.000000','DD/MM/YYYY fmHH24fm:MI:SS.FF')
, '1234', 1234, -3);
commit;

INSERT INTO ADM_MUNICIPIOS ( X_MUNICIPIO, C_INE_MUNICIPIO, T_MUNICIPIO,
PRO_X_PROVINCIA ) VALUES (
-1, 'TOR', 'Torremolinos', -1);
INSERT INTO ADM_MUNICIPIOS ( X_MUNICIPIO, C_INE_MUNICIPIO, T_MUNICIPIO,
PRO_X_PROVINCIA ) VALUES (
-2, 'CHU', 'Churriana', -1);
INSERT INTO ADM_MUNICIPIOS ( X_MUNICIPIO, C_INE_MUNICIPIO, T_MUNICIPIO,
PRO_X_PROVINCIA ) VALUES (
-3, 'VER', 'Vera', -2);
INSERT INTO ADM_MUNICIPIOS ( X_MUNICIPIO, C_INE_MUNICIPIO, T_MUNICIPIO,
PRO_X_PROVINCIA ) VALUES (
-4, 'MIL', 'Millau', -4);
INSERT INTO ADM_MUNICIPIOS ( X_MUNICIPIO, C_INE_MUNICIPIO, T_MUNICIPIO,
PRO_X_PROVINCIA ) VALUES (
-5, 'CDF', 'Cardiff', -5);
commit;

INSERT INTO ADM_PAISES ( X_PAIS, L_BAJA, C_PAIS, T_PAIS ) VALUES (
-1, 0, '714', 'Espa?a');
INSERT INTO ADM_PAISES ( X_PAIS, L_BAJA, C_PAIS, T_PAIS ) VALUES (
-2, 0, '250', 'Francia');
INSERT INTO ADM_PAISES ( X_PAIS, L_BAJA, C_PAIS, T_PAIS ) VALUES (
-3, 0, '826', 'Inglaterra');
commit;

INSERT INTO ADM_PARAMETROS ( X_PARAMETRO, T_CODIGO, T_DESCRIPCION, L_ELIMINABLE, T_NOMBREBLOB,
T_VALOR, T_VALORBLOB, T_FICHERO_CONTENT_TYPE ) VALUES (
-1, 'sdfsdfsd1', 'sdfsdf1', 1, 'sdfsdf1', 'sdfsdf1', NULL, NULL);
INSERT INTO ADM_PARAMETROS ( X_PARAMETRO, T_CODIGO, T_DESCRIPCION, L_ELIMINABLE, T_NOMBREBLOB,
T_VALOR, T_VALORBLOB, T_FICHERO_CONTENT_TYPE ) VALUES (
-2, 'cvxcv2', 'sdfsdf2', 1, 'sdfsd2', 'asdfasdf2', NULL, NULL);
INSERT INTO ADM_PARAMETROS ( X_PARAMETRO, T_CODIGO, T_DESCRIPCION, L_ELIMINABLE, T_NOMBREBLOB,
T_VALOR, T_VALORBLOB, T_FICHERO_CONTENT_TYPE ) VALUES (
-3, 'asdfasdf3', 'asdfadf3', 0, 'asdfasdf3', 'asdfasdf3', NULL, NULL);
INSERT INTO ADM_PARAMETROS ( X_PARAMETRO, T_CODIGO, T_DESCRIPCION, L_ELIMINABLE, T_NOMBREBLOB,
T_VALOR, T_VALORBLOB, T_FICHERO_CONTENT_TYPE ) VALUES (
-4, 'Color4', 'Color4', 0, 'Color4', 'asdfasdf4', NULL, NULL);
commit;

INSERT INTO ADM_PERMISOS ( X_PERMISO, C_PERMISO, T_PERMISOS, L_SOLO_SUCURSALES,
TIP_X_TIPO_PERMISO ) VALUES (
-1030, 'MEN_Listar_Catalogo_DSI_bibliotecario', 'Mostrar Listado Catalogo DSI Bibliotecario'
, 0, -2);
INSERT INTO ADM_PERMISOS ( X_PERMISO, C_PERMISO, T_PERMISOS, L_SOLO_SUCURSALES,
TIP_X_TIPO_PERMISO ) VALUES (
-1031, 'MEN_Listar_Tipos_Notificaciones_Lector', 'Mostrar Tipos Notificaciones Lector'
, 0, -2);
INSERT INTO ADM_PERMISOS ( X_PERMISO, C_PERMISO, T_PERMISOS, L_SOLO_SUCURSALES,
TIP_X_TIPO_PERMISO ) VALUES (
-1032, 'MEN_Listar_Tareas_Pendientes', 'Mostrar Tareas Pendientes', 0, -2);
INSERT INTO ADM_PERMISOS ( X_PERMISO, C_PERMISO, T_PERMISOS, L_SOLO_SUCURSALES,
TIP_X_TIPO_PERMISO ) VALUES (
-1033, 'MEN_Listar_Notificaciones_Subsistemas', 'Mostrar Notificaciones Subsistemas'
, 0, -2);
INSERT INTO ADM_PERMISOS ( X_PERMISO, C_PERMISO, T_PERMISOS, L_SOLO_SUCURSALES,
TIP_X_TIPO_PERMISO ) VALUES (
-1034, 'ADQ_Seleccionar_Registro', 'Ejecutar procesos', 0, -5);
INSERT INTO ADM_PERMISOS ( X_PERMISO, C_PERMISO, T_PERMISOS, L_SOLO_SUCURSALES,
TIP_X_TIPO_PERMISO ) VALUES (
-1035, 'ADQ_Precatalogar_Registro', 'Ejecutar procesos', 0, -5);
INSERT INTO ADM_PERMISOS ( X_PERMISO, C_PERMISO, T_PERMISOS, L_SOLO_SUCURSALES,
TIP_X_TIPO_PERMISO ) VALUES (
-1036, 'MEN_Generar_Mensaje', 'Generar mensaje', 0, -5);
INSERT INTO ADM_PERMISOS ( X_PERMISO, C_PERMISO, T_PERMISOS, L_SOLO_SUCURSALES,
TIP_X_TIPO_PERMISO ) VALUES (
-1037, 'MEN_Generar_Etiqueta', 'Generar etiqueta', 0, -5);
INSERT INTO ADM_PERMISOS ( X_PERMISO, C_PERMISO, T_PERMISOS, L_SOLO_SUCURSALES,
TIP_X_TIPO_PERMISO ) VALUES (
-1038, 'MEN_Mostrar_Detalle_Tipo_Notificacion', 'Generar etiqueta', 0, -2);
INSERT INTO ADM_PERMISOS ( X_PERMISO, C_PERMISO, T_PERMISOS, L_SOLO_SUCURSALES,
TIP_X_TIPO_PERMISO ) VALUES (
-1, 'ADM_Mantenimiento_Rol', 'Crear un nuevo Rol', 0, -3);
INSERT INTO ADM_PERMISOS ( X_PERMISO, C_PERMISO, T_PERMISOS, L_SOLO_SUCURSALES,
TIP_X_TIPO_PERMISO ) VALUES (
-2, 'ADM_Duplicar_Roles', 'Duplicar un rol existente y sus permisos', 0, -5);
INSERT INTO ADM_PERMISOS ( X_PERMISO, C_PERMISO, T_PERMISOS, L_SOLO_SUCURSALES,
TIP_X_TIPO_PERMISO ) VALUES (
-3, 'ADM_Eliminar_Rol', 'Eliminar un rol', 0, -4);
INSERT INTO ADM_PERMISOS ( X_PERMISO, C_PERMISO, T_PERMISOS, L_SOLO_SUCURSALES,
TIP_X_TIPO_PERMISO ) VALUES (
-4, 'ADM_Asignar_Permisos', 'Asigna un permiso a un rol', 0, -5);
INSERT INTO ADM_PERMISOS ( X_PERMISO, C_PERMISO, T_PERMISOS, L_SOLO_SUCURSALES,
TIP_X_TIPO_PERMISO ) VALUES (
-5, 'ADM_Listar_Roles', 'Lista los roles', 0, -1);
INSERT INTO ADM_PERMISOS ( X_PERMISO, C_PERMISO, T_PERMISOS, L_SOLO_SUCURSALES,
TIP_X_TIPO_PERMISO ) VALUES (
-6, 'ADM_Mostrar_Rol', 'Muestra el detalle del rol', 0, -2);
INSERT INTO ADM_PERMISOS ( X_PERMISO, C_PERMISO, T_PERMISOS, L_SOLO_SUCURSALES,
TIP_X_TIPO_PERMISO ) VALUES (
-7, 'CIR_Asociar_PoliticaReserva', 'Asociar Politica Reserva', 0, -5);
INSERT INTO ADM_PERMISOS ( X_PERMISO, C_PERMISO, T_PERMISOS, L_SOLO_SUCURSALES,
TIP_X_TIPO_PERMISO ) VALUES (
-8, 'CAT_Listar_Registros_Bibliograficos', 'Listar los registros bibliograficos del catalogo'
, 0, -1);
INSERT INTO ADM_PERMISOS ( X_PERMISO, C_PERMISO, T_PERMISOS, L_SOLO_SUCURSALES,
TIP_X_TIPO_PERMISO ) VALUES (
-9, 'CAT_Detalle_Registro_Bibliografico', 'Ver el detalle de un registro bibliografico y sus ejemplares'
, 0, -2);
INSERT INTO ADM_PERMISOS ( X_PERMISO, C_PERMISO, T_PERMISOS, L_SOLO_SUCURSALES,
TIP_X_TIPO_PERMISO ) VALUES (
-10, 'CAT_Crear_Registro_Bibliografico', 'Dar de alta un registro bibliografico', 0
, -3);
INSERT INTO ADM_PERMISOS ( X_PERMISO, C_PERMISO, T_PERMISOS, L_SOLO_SUCURSALES,
TIP_X_TIPO_PERMISO ) VALUES (
-11, 'CAT_Modificar_Registro_Bibliografico', 'Modificar un registro bibliografico'
, 0, -3);
INSERT INTO ADM_PERMISOS ( X_PERMISO, C_PERMISO, T_PERMISOS, L_SOLO_SUCURSALES,
TIP_X_TIPO_PERMISO ) VALUES (
-12, 'CAT_Copiar_Registro_Bibliografico', 'Copiar un registro bibliografico', 0, -5);
INSERT INTO ADM_PERMISOS ( X_PERMISO, C_PERMISO, T_PERMISOS, L_SOLO_SUCURSALES,
TIP_X_TIPO_PERMISO ) VALUES (
-13, 'CAT_Eliminar_Registro_Bibliografico', 'Eliminar un registro bibliografico', 0
, -4);
INSERT INTO ADM_PERMISOS ( X_PERMISO, C_PERMISO, T_PERMISOS, L_SOLO_SUCURSALES,
TIP_X_TIPO_PERMISO ) VALUES (
-14, 'CAT_Detalle_Ejemplar', 'Ver el detalle de un ejemplar', 0, -2);
INSERT INTO ADM_PERMISOS ( X_PERMISO, C_PERMISO, T_PERMISOS, L_SOLO_SUCURSALES,
TIP_X_TIPO_PERMISO ) VALUES (
-15, 'CAT_Crear_Ejemplar', 'Dar de alta un ejemplar', 0, -3);
INSERT INTO ADM_PERMISOS ( X_PERMISO, C_PERMISO, T_PERMISOS, L_SOLO_SUCURSALES,
TIP_X_TIPO_PERMISO ) VALUES (
-16, 'CAT_Modificar_Ejemplar', 'Modificar Ejemplar', 0, -3);
INSERT INTO ADM_PERMISOS ( X_PERMISO, C_PERMISO, T_PERMISOS, L_SOLO_SUCURSALES,
TIP_X_TIPO_PERMISO ) VALUES (
-17, 'CAT_Copiar_Ejemplar', 'Copiar Ejemplar', 0, -5);
INSERT INTO ADM_PERMISOS ( X_PERMISO, C_PERMISO, T_PERMISOS, L_SOLO_SUCURSALES,
TIP_X_TIPO_PERMISO ) VALUES (
-18, 'CAT_Eliminar_Ejemplar', 'Eliminar un ejemplar', 0, -4);
INSERT INTO ADM_PERMISOS ( X_PERMISO, C_PERMISO, T_PERMISOS, L_SOLO_SUCURSALES,
TIP_X_TIPO_PERMISO ) VALUES (
-19, 'ADM_Listar_Codigos', 'Listar los codigos', 0, -1);
INSERT INTO ADM_PERMISOS ( X_PERMISO, C_PERMISO, T_PERMISOS, L_SOLO_SUCURSALES,
TIP_X_TIPO_PERMISO ) VALUES (
-20, 'ADM_Listar_Usuarios', 'Listar los usuarios', 0, -1);
INSERT INTO ADM_PERMISOS ( X_PERMISO, C_PERMISO, T_PERMISOS, L_SOLO_SUCURSALES,
TIP_X_TIPO_PERMISO ) VALUES (
-21, 'ADM_Cambiar_Clave', 'Cambiar la clave del usuario', 0, -5);
INSERT INTO ADM_PERMISOS ( X_PERMISO, C_PERMISO, T_PERMISOS, L_SOLO_SUCURSALES,
TIP_X_TIPO_PERMISO ) VALUES (
-22, 'CIR_Listar_Politicas_Prestamos', 'Listado de politicas de prestamos', 0, -1);
INSERT INTO ADM_PERMISOS ( X_PERMISO, C_PERMISO, T_PERMISOS, L_SOLO_SUCURSALES,
TIP_X_TIPO_PERMISO ) VALUES (
-23, 'CIR_Listar_Asociacion_Politicas_Prestamos', 'Listado de asociacion de politica de prestamos'
, 0, -1);
INSERT INTO ADM_PERMISOS ( X_PERMISO, C_PERMISO, T_PERMISOS, L_SOLO_SUCURSALES,
TIP_X_TIPO_PERMISO ) VALUES (
-24, 'CIR_Prestamo_Sala', 'Prestamo en sala', 1, -5);
INSERT INTO ADM_PERMISOS ( X_PERMISO, C_PERMISO, T_PERMISOS, L_SOLO_SUCURSALES,
TIP_X_TIPO_PERMISO ) VALUES (
-25, 'CIR_Prestamo_Domicilio', 'Lista los prestamos a domicilio', 1, -1);
INSERT INTO ADM_PERMISOS ( X_PERMISO, C_PERMISO, T_PERMISOS, L_SOLO_SUCURSALES,
TIP_X_TIPO_PERMISO ) VALUES (
-26, 'ADM_Listar_Biblioteca', 'Lista las bibliotecas', 0, -1);
INSERT INTO ADM_PERMISOS ( X_PERMISO, C_PERMISO, T_PERMISOS, L_SOLO_SUCURSALES,
TIP_X_TIPO_PERMISO ) VALUES (
-27, 'CIR_Listar_Politicas_Reservas', 'Lista las politicas de reservas', 0, -1);
INSERT INTO ADM_PERMISOS ( X_PERMISO, C_PERMISO, T_PERMISOS, L_SOLO_SUCURSALES,
TIP_X_TIPO_PERMISO ) VALUES (
-28, 'ADM_Mantenimiento_Biblioteca', 'Lista las bibliotecas', 0, -3);
INSERT INTO ADM_PERMISOS ( X_PERMISO, C_PERMISO, T_PERMISOS, L_SOLO_SUCURSALES,
TIP_X_TIPO_PERMISO ) VALUES (
-29, 'ADM_Mostrar_Biblioteca', 'Muestra el detalle de la biblioteca', 0, -2);
INSERT INTO ADM_PERMISOS ( X_PERMISO, C_PERMISO, T_PERMISOS, L_SOLO_SUCURSALES,
TIP_X_TIPO_PERMISO ) VALUES (
-30, 'ADM_Eliminar_Biblioteca', 'Elimina la biblioteca', 0, -4);
INSERT INTO ADM_PERMISOS ( X_PERMISO, C_PERMISO, T_PERMISOS, L_SOLO_SUCURSALES,
TIP_X_TIPO_PERMISO ) VALUES (
-31, 'ADM_Mantenimiento_Codigo', 'Modificar los codigos', 0, -3);
INSERT INTO ADM_PERMISOS ( X_PERMISO, C_PERMISO, T_PERMISOS, L_SOLO_SUCURSALES,
TIP_X_TIPO_PERMISO ) VALUES (
-32, 'ADM_Mostrar_Codigo', 'Muestra el detalle del codigo', 0, -2);
INSERT INTO ADM_PERMISOS ( X_PERMISO, C_PERMISO, T_PERMISOS, L_SOLO_SUCURSALES,
TIP_X_TIPO_PERMISO ) VALUES (
-33, 'ADM_Eliminar_Codigo', 'Elimina el codigo', 0, -4);
INSERT INTO ADM_PERMISOS ( X_PERMISO, C_PERMISO, T_PERMISOS, L_SOLO_SUCURSALES,
TIP_X_TIPO_PERMISO ) VALUES (
-34, 'CIR_Mantenimiento_Politica_Prestamo', 'Lista la politica de prestamo', 0, -3);
INSERT INTO ADM_PERMISOS ( X_PERMISO, C_PERMISO, T_PERMISOS, L_SOLO_SUCURSALES,
TIP_X_TIPO_PERMISO ) VALUES (
-35, 'CIR_Mostrar_Politicas_Prestamos', 'Muestra el detalle de politica de prestamo'
, 0, -2);
INSERT INTO ADM_PERMISOS ( X_PERMISO, C_PERMISO, T_PERMISOS, L_SOLO_SUCURSALES,
TIP_X_TIPO_PERMISO ) VALUES (
-36, 'CIR_Eliminar_Politica_Prestamo', 'Elimina la politica de prestamo', 0, -4);
INSERT INTO ADM_PERMISOS ( X_PERMISO, C_PERMISO, T_PERMISOS, L_SOLO_SUCURSALES,
TIP_X_TIPO_PERMISO ) VALUES (
-37, 'CIR_Asociar_Politica_Reserva', 'Asociar Politica de Reserva', 0, -5);
INSERT INTO ADM_PERMISOS ( X_PERMISO, C_PERMISO, T_PERMISOS, L_SOLO_SUCURSALES,
TIP_X_TIPO_PERMISO ) VALUES (
-38, 'CIR_Mantenimiento_Asociacion_Politicas_Prestamos', 'Crea las asociaciones Politicas de prestamo'
, 0, -3);
INSERT INTO ADM_PERMISOS ( X_PERMISO, C_PERMISO, T_PERMISOS, L_SOLO_SUCURSALES,
TIP_X_TIPO_PERMISO ) VALUES (
-39, 'CIR_Mostrar_Asociacion_Politicas_Prestamos', 'Muestra las asociaciones Politicas de prestamo'
, 0, -2);
INSERT INTO ADM_PERMISOS ( X_PERMISO, C_PERMISO, T_PERMISOS, L_SOLO_SUCURSALES,
TIP_X_TIPO_PERMISO ) VALUES (
-40, 'CIR_Eliminar_Asociacion_Politicas_Prestamos', 'Elimina las asociaciones Politicas de prestamo'
, 0, -4);
INSERT INTO ADM_PERMISOS ( X_PERMISO, C_PERMISO, T_PERMISOS, L_SOLO_SUCURSALES,
TIP_X_TIPO_PERMISO ) VALUES (
-41, 'ADM_Mantenimiento_Usuario', 'Crea los usuarios', 0, -3);
INSERT INTO ADM_PERMISOS ( X_PERMISO, C_PERMISO, T_PERMISOS, L_SOLO_SUCURSALES,
TIP_X_TIPO_PERMISO ) VALUES (
-42, 'ADM_Mostrar_Usuario', 'Muestra el detalle del usuario', 0, -2);
INSERT INTO ADM_PERMISOS ( X_PERMISO, C_PERMISO, T_PERMISOS, L_SOLO_SUCURSALES,
TIP_X_TIPO_PERMISO ) VALUES (
-43, 'ADM_Desactivar_Usuario', 'Dar de baja al usuario', 0, -4);
INSERT INTO ADM_PERMISOS ( X_PERMISO, C_PERMISO, T_PERMISOS, L_SOLO_SUCURSALES,
TIP_X_TIPO_PERMISO ) VALUES (
-44, 'ADM_Asignar_Usuario', 'Asignacion usuario', 0, -5);
INSERT INTO ADM_PERMISOS ( X_PERMISO, C_PERMISO, T_PERMISOS, L_SOLO_SUCURSALES,
TIP_X_TIPO_PERMISO ) VALUES (
-45, 'CIR_Mantenimiento_Politica_Reserva', 'Crea Politica Reserva', 0, -3);
INSERT INTO ADM_PERMISOS ( X_PERMISO, C_PERMISO, T_PERMISOS, L_SOLO_SUCURSALES,
TIP_X_TIPO_PERMISO ) VALUES (
-46, 'CIR_Mostrar_Politica_Reserva', 'Muestra el detalle de Politica Reserva', 0, -2);
INSERT INTO ADM_PERMISOS ( X_PERMISO, C_PERMISO, T_PERMISOS, L_SOLO_SUCURSALES,
TIP_X_TIPO_PERMISO ) VALUES (
-47, 'CIR_Eliminar_Politica_Reserva', 'Elimina Politica Reserva', 0, -4);
INSERT INTO ADM_PERMISOS ( X_PERMISO, C_PERMISO, T_PERMISOS, L_SOLO_SUCURSALES,
TIP_X_TIPO_PERMISO ) VALUES (
-48, 'LEC_Listar_Lectores', 'Lista los lectores', 0, -1);
INSERT INTO ADM_PERMISOS ( X_PERMISO, C_PERMISO, T_PERMISOS, L_SOLO_SUCURSALES,
TIP_X_TIPO_PERMISO ) VALUES (
-49, 'LEC_Mostrar_Lector', 'Muestra el detalle del lector', 0, -2);
INSERT INTO ADM_PERMISOS ( X_PERMISO, C_PERMISO, T_PERMISOS, L_SOLO_SUCURSALES,
TIP_X_TIPO_PERMISO ) VALUES (
-50, 'CIR_Listar_Asociacion_Politicas_Reservas', 'Listado de asociacion de politica de reservas'
, 0, -1);
INSERT INTO ADM_PERMISOS ( X_PERMISO, C_PERMISO, T_PERMISOS, L_SOLO_SUCURSALES,
TIP_X_TIPO_PERMISO ) VALUES (
-51, 'CIR_Mostrar_Asociacion_Politicas_Reservas', 'Muestra las asociaciones Politicas de reservas'
, 0, -2);
INSERT INTO ADM_PERMISOS ( X_PERMISO, C_PERMISO, T_PERMISOS, L_SOLO_SUCURSALES,
TIP_X_TIPO_PERMISO ) VALUES (
-52, 'CIR_Mantenimiento_Asociacion_Politicas_Reservas', 'Mantenimiento para las asociaciones Politicas de reservas'
, 0, -3);
INSERT INTO ADM_PERMISOS ( X_PERMISO, C_PERMISO, T_PERMISOS, L_SOLO_SUCURSALES,
TIP_X_TIPO_PERMISO ) VALUES (
-53, 'LEC_Mantenimiento_Lector', 'Crear un nuevo lector', 0, -3);
INSERT INTO ADM_PERMISOS ( X_PERMISO, C_PERMISO, T_PERMISOS, L_SOLO_SUCURSALES,
TIP_X_TIPO_PERMISO ) VALUES (
-54, 'LEC_Renovar_Lector', 'Renovar un lector', 0, -5);
INSERT INTO ADM_PERMISOS ( X_PERMISO, C_PERMISO, T_PERMISOS, L_SOLO_SUCURSALES,
TIP_X_TIPO_PERMISO ) VALUES (
-55, 'LEC_Modificar_Lector', 'Modificar un Lector', 0, -3);
INSERT INTO ADM_PERMISOS ( X_PERMISO, C_PERMISO, T_PERMISOS, L_SOLO_SUCURSALES,
TIP_X_TIPO_PERMISO ) VALUES (
-56, 'LEC_Copiar_Lector', 'Copiar un Lector', 0, -5);
INSERT INTO ADM_PERMISOS ( X_PERMISO, C_PERMISO, T_PERMISOS, L_SOLO_SUCURSALES,
TIP_X_TIPO_PERMISO ) VALUES (
-57, 'LEC_Eliminar_Lector', 'Eliminar un Lector', 0, -4);
INSERT INTO ADM_PERMISOS ( X_PERMISO, C_PERMISO, T_PERMISOS, L_SOLO_SUCURSALES,
TIP_X_TIPO_PERMISO ) VALUES (
-58, 'LEC_Transferir_Lector', 'Transferir un Lector', 0, -5);
INSERT INTO ADM_PERMISOS ( X_PERMISO, C_PERMISO, T_PERMISOS, L_SOLO_SUCURSALES,
TIP_X_TIPO_PERMISO ) VALUES (
-59, 'CAT_Listar_Registros_Bibliograficos', 'Muestra el listado de registros bibliograficos'
, 0, -1);
INSERT INTO ADM_PERMISOS ( X_PERMISO, C_PERMISO, T_PERMISOS, L_SOLO_SUCURSALES,
TIP_X_TIPO_PERMISO ) VALUES (
-60, 'CAT_Editor_Catalogacion', 'Muestra registro bibliografico', 0, -2);
INSERT INTO ADM_PERMISOS ( X_PERMISO, C_PERMISO, T_PERMISOS, L_SOLO_SUCURSALES,
TIP_X_TIPO_PERMISO ) VALUES (
-61, 'ADM_Listar_Catalogos', 'Lista los catalogos', 0, -1);
INSERT INTO ADM_PERMISOS ( X_PERMISO, C_PERMISO, T_PERMISOS, L_SOLO_SUCURSALES,
TIP_X_TIPO_PERMISO ) VALUES (
-62, 'CAT_Listar_Autoridades', 'Lista de autoridades', 0, -1);
INSERT INTO ADM_PERMISOS ( X_PERMISO, C_PERMISO, T_PERMISOS, L_SOLO_SUCURSALES,
TIP_X_TIPO_PERMISO ) VALUES (
-63, 'CAT_Listar_Ejemplares', 'Lista de ejemplares', 0, -1);
INSERT INTO ADM_PERMISOS ( X_PERMISO, C_PERMISO, T_PERMISOS, L_SOLO_SUCURSALES,
TIP_X_TIPO_PERMISO ) VALUES (
-64, 'CAT_Editor_Catalogacion_Autoridades', 'editor autoridades', 0, -2);
INSERT INTO ADM_PERMISOS ( X_PERMISO, C_PERMISO, T_PERMISOS, L_SOLO_SUCURSALES,
TIP_X_TIPO_PERMISO ) VALUES (
-65, 'CAT_Mostrar_Ejemplar', 'ver ejemplar', 0, -2);
INSERT INTO ADM_PERMISOS ( X_PERMISO, C_PERMISO, T_PERMISOS, L_SOLO_SUCURSALES,
TIP_X_TIPO_PERMISO ) VALUES (
-66, 'LEC_Crear_Usuario_OPAC_Lectores', 'Crear usuario del OPAC', 0, -5);
INSERT INTO ADM_PERMISOS ( X_PERMISO, C_PERMISO, T_PERMISOS, L_SOLO_SUCURSALES,
TIP_X_TIPO_PERMISO ) VALUES (
-67, 'ADM_Mostrar_Catalogo', 'ver catalogo', 0, -2);
INSERT INTO ADM_PERMISOS ( X_PERMISO, C_PERMISO, T_PERMISOS, L_SOLO_SUCURSALES,
TIP_X_TIPO_PERMISO ) VALUES (
-68, 'ADM_Mantenimiento_Catalogo', 'Mantenimiento para los catalogos', 0, -3);
INSERT INTO ADM_PERMISOS ( X_PERMISO, C_PERMISO, T_PERMISOS, L_SOLO_SUCURSALES,
TIP_X_TIPO_PERMISO ) VALUES (
-69, 'ADM_Eliminar_Catalogo', 'Elimina el catalogo', 0, -4);
INSERT INTO ADM_PERMISOS ( X_PERMISO, C_PERMISO, T_PERMISOS, L_SOLO_SUCURSALES,
TIP_X_TIPO_PERMISO ) VALUES (
-70, 'CIR_Eliminar_Asociacion_Politicas_Reservas', 'Elimina asociacion politica reserva'
, 0, -4);
INSERT INTO ADM_PERMISOS ( X_PERMISO, C_PERMISO, T_PERMISOS, L_SOLO_SUCURSALES,
TIP_X_TIPO_PERMISO ) VALUES (
-71, 'CIR_Mantenimiento_Consorcio', 'Crea un consorcio', 0, -3);
INSERT INTO ADM_PERMISOS ( X_PERMISO, C_PERMISO, T_PERMISOS, L_SOLO_SUCURSALES,
TIP_X_TIPO_PERMISO ) VALUES (
-72, 'CIR_Mostrar_Consorcio', 'ver consorcio', 0, -2);
INSERT INTO ADM_PERMISOS ( X_PERMISO, C_PERMISO, T_PERMISOS, L_SOLO_SUCURSALES,
TIP_X_TIPO_PERMISO ) VALUES (
-73, 'CIR_Eliminar_Consorcio', 'Elimina el consorcio', 0, -4);
INSERT INTO ADM_PERMISOS ( X_PERMISO, C_PERMISO, T_PERMISOS, L_SOLO_SUCURSALES,
TIP_X_TIPO_PERMISO ) VALUES (
-74, 'CIR_Listar_Consorcio', 'Lista de consorcio', 0, -1);
INSERT INTO ADM_PERMISOS ( X_PERMISO, C_PERMISO, T_PERMISOS, L_SOLO_SUCURSALES,
TIP_X_TIPO_PERMISO ) VALUES (
-75, 'CIR_Mostrar_Prestamo', 'ver prestamo', 0, -2);
INSERT INTO ADM_PERMISOS ( X_PERMISO, C_PERMISO, T_PERMISOS, L_SOLO_SUCURSALES,
TIP_X_TIPO_PERMISO ) VALUES (
-76, 'CIR_Recibo_Prestamo', 'recibo del prestamo', 0, -5);
INSERT INTO ADM_PERMISOS ( X_PERMISO, C_PERMISO, T_PERMISOS, L_SOLO_SUCURSALES,
TIP_X_TIPO_PERMISO ) VALUES (
-77, 'CIR_Eliminar_Prestamo', 'eliminar un prestamo', 0, -4);
INSERT INTO ADM_PERMISOS ( X_PERMISO, C_PERMISO, T_PERMISOS, L_SOLO_SUCURSALES,
TIP_X_TIPO_PERMISO ) VALUES (
-78, 'CIR_CambiarFecha_Prestamo', 'cambiar la fecha', 0, -5);
INSERT INTO ADM_PERMISOS ( X_PERMISO, C_PERMISO, T_PERMISOS, L_SOLO_SUCURSALES,
TIP_X_TIPO_PERMISO ) VALUES (
-79, 'CIR_Devolver_Prestamo', 'devolver prestamo', 0, -5);
INSERT INTO ADM_PERMISOS ( X_PERMISO, C_PERMISO, T_PERMISOS, L_SOLO_SUCURSALES,
TIP_X_TIPO_PERMISO ) VALUES (
-80, 'CIR_Renovar_Prestamo', 'renovar prestamo', 0, -5);
INSERT INTO ADM_PERMISOS ( X_PERMISO, C_PERMISO, T_PERMISOS, L_SOLO_SUCURSALES,
TIP_X_TIPO_PERMISO ) VALUES (
-81, 'CIR_addRegistro_Prestamo', 'anadir por registro bibliotecario', 0, -5);
INSERT INTO ADM_PERMISOS ( X_PERMISO, C_PERMISO, T_PERMISOS, L_SOLO_SUCURSALES,
TIP_X_TIPO_PERMISO ) VALUES (
-82, 'CIR_addEjemplar_Prestamo', 'anadir por ejemplar', 0, -5);
INSERT INTO ADM_PERMISOS ( X_PERMISO, C_PERMISO, T_PERMISOS, L_SOLO_SUCURSALES,
TIP_X_TIPO_PERMISO ) VALUES (
-83, 'CIR_Duplicar_Prestamo', 'duplicar', 0, -5);
INSERT INTO ADM_PERMISOS ( X_PERMISO, C_PERMISO, T_PERMISOS, L_SOLO_SUCURSALES,
TIP_X_TIPO_PERMISO ) VALUES (
-84, 'CIR_Prestar_Prestamo', 'prestar', 0, -5);
INSERT INTO ADM_PERMISOS ( X_PERMISO, C_PERMISO, T_PERMISOS, L_SOLO_SUCURSALES,
TIP_X_TIPO_PERMISO ) VALUES (
-85, 'CIR_Gestionar_Consorcios', 'Permite la gestion de los consorcios', 1, -5);
INSERT INTO ADM_PERMISOS ( X_PERMISO, C_PERMISO, T_PERMISOS, L_SOLO_SUCURSALES,
TIP_X_TIPO_PERMISO ) VALUES (
-86, 'IEX_Listar_Transformaciones_Jobs', 'Permite listar transformaciones y jobs'
, 0, -1);
INSERT INTO ADM_PERMISOS ( X_PERMISO, C_PERMISO, T_PERMISOS, L_SOLO_SUCURSALES,
TIP_X_TIPO_PERMISO ) VALUES (
-87, 'CAT_Asignar_Titulo', 'Asigna un titulo a un ejemplar', 0, -5);
INSERT INTO ADM_PERMISOS ( X_PERMISO, C_PERMISO, T_PERMISOS, L_SOLO_SUCURSALES,
TIP_X_TIPO_PERMISO ) VALUES (
-88, 'IEX_Ejecutar_Spoon', 'Permite ejecutar la aplicacion Spoon de Pentaho', 0, -5);
INSERT INTO ADM_PERMISOS ( X_PERMISO, C_PERMISO, T_PERMISOS, L_SOLO_SUCURSALES,
TIP_X_TIPO_PERMISO ) VALUES (
-89, 'CIR_Listar_Peticiones_PIB', 'Permite listar las peticiones del prestamo interbibliotecario'
, 1, -1);
INSERT INTO ADM_PERMISOS ( X_PERMISO, C_PERMISO, T_PERMISOS, L_SOLO_SUCURSALES,
TIP_X_TIPO_PERMISO ) VALUES (
-90, 'CIR_Listar_Bibliotecas_Externas', 'Permite listar las bibliotecas externas del prestamo interbibliotecario'
, 0, -1);
INSERT INTO ADM_PERMISOS ( X_PERMISO, C_PERMISO, T_PERMISOS, L_SOLO_SUCURSALES,
TIP_X_TIPO_PERMISO ) VALUES (
-91, 'ADM_Listar_Parametros', 'Permite listar los parametros', 0, -1);
INSERT INTO ADM_PERMISOS ( X_PERMISO, C_PERMISO, T_PERMISOS, L_SOLO_SUCURSALES,
TIP_X_TIPO_PERMISO ) VALUES (
-92, 'ADM_Mantenimiento_Parametro', 'Lista los Parametros', 0, -3);
INSERT INTO ADM_PERMISOS ( X_PERMISO, C_PERMISO, T_PERMISOS, L_SOLO_SUCURSALES,
TIP_X_TIPO_PERMISO ) VALUES (
-93, 'ADM_Mostrar_Parametro', 'Muestra el detalle del Parametro', 0, -2);
INSERT INTO ADM_PERMISOS ( X_PERMISO, C_PERMISO, T_PERMISOS, L_SOLO_SUCURSALES,
TIP_X_TIPO_PERMISO ) VALUES (
-94, 'ADM_Eliminar_Parametro', 'Elimina el Parametro', 0, -4);
INSERT INTO ADM_PERMISOS ( X_PERMISO, C_PERMISO, T_PERMISOS, L_SOLO_SUCURSALES,
TIP_X_TIPO_PERMISO ) VALUES (
-95, 'IEX_Mantenimiento_TransformacionJob', 'Lista las Transformaciones o Job', 0
, -3);
INSERT INTO ADM_PERMISOS ( X_PERMISO, C_PERMISO, T_PERMISOS, L_SOLO_SUCURSALES,
TIP_X_TIPO_PERMISO ) VALUES (
-96, 'IEX_Mostrar_TransformacionJob', 'Muestra el detalle de las Transformaciones o Job'
, 0, -2);
INSERT INTO ADM_PERMISOS ( X_PERMISO, C_PERMISO, T_PERMISOS, L_SOLO_SUCURSALES,
TIP_X_TIPO_PERMISO ) VALUES (
-97, 'IEX_Eliminar_TransformacionJob', 'Elimina la Transformaciones o Job', 0, -4);
INSERT INTO ADM_PERMISOS ( X_PERMISO, C_PERMISO, T_PERMISOS, L_SOLO_SUCURSALES,
TIP_X_TIPO_PERMISO ) VALUES (
-98, 'CIR_Mantenimiento_Biblioteca_Externa', 'Lista las Biblioteca Externa', 0, -3);
INSERT INTO ADM_PERMISOS ( X_PERMISO, C_PERMISO, T_PERMISOS, L_SOLO_SUCURSALES,
TIP_X_TIPO_PERMISO ) VALUES (
-99, 'CIR_Mostrar_Biblioteca_Externa', 'Muestra el detalle de las Biblioteca Externa'
, 0, -2);
INSERT INTO ADM_PERMISOS ( X_PERMISO, C_PERMISO, T_PERMISOS, L_SOLO_SUCURSALES,
TIP_X_TIPO_PERMISO ) VALUES (
-100, 'CIR_Eliminar_Biblioteca_Externa', 'Elimina la Biblioteca Externa', 0, -4);
INSERT INTO ADM_PERMISOS ( X_PERMISO, C_PERMISO, T_PERMISOS, L_SOLO_SUCURSALES,
TIP_X_TIPO_PERMISO ) VALUES (
-101, 'CIR_Mantenimiento_Peticion_Prestamo_Interbibliotecario', 'Lista las Peticiones del Prestamo Interbibliotecario'
, 0, -3);
INSERT INTO ADM_PERMISOS ( X_PERMISO, C_PERMISO, T_PERMISOS, L_SOLO_SUCURSALES,
TIP_X_TIPO_PERMISO ) VALUES (
-102, 'CIR_Mostrar_Peticion_Prestamo_Interbibliotecario', 'Muestra el detalle de las Peticiones del PIB'
, 0, -2);
INSERT INTO ADM_PERMISOS ( X_PERMISO, C_PERMISO, T_PERMISOS, L_SOLO_SUCURSALES,
TIP_X_TIPO_PERMISO ) VALUES (
-103, 'CIR_Eliminar_Peticion_Prestamo_Interbibliotecario', 'Elimina la Peticion del Prestamo Interbibliotecario'
, 0, -4);
INSERT INTO ADM_PERMISOS ( X_PERMISO, C_PERMISO, T_PERMISOS, L_SOLO_SUCURSALES,
TIP_X_TIPO_PERMISO ) VALUES (
-104, 'IEX_Ejecutar_TransformacionJob', 'Ejecuta la Transformacion o Job', 0, -5);
INSERT INTO ADM_PERMISOS ( X_PERMISO, C_PERMISO, T_PERMISOS, L_SOLO_SUCURSALES,
TIP_X_TIPO_PERMISO ) VALUES (
-105, 'CIR_Mantenimiento_ContactoPIB', 'Edita los contactos', 0, -3);
INSERT INTO ADM_PERMISOS ( X_PERMISO, C_PERMISO, T_PERMISOS, L_SOLO_SUCURSALES,
TIP_X_TIPO_PERMISO ) VALUES (
-106, 'CIR_Mostrar_ContactoPIB', 'Muestra el detalle de los contactos', 0, -2);
INSERT INTO ADM_PERMISOS ( X_PERMISO, C_PERMISO, T_PERMISOS, L_SOLO_SUCURSALES,
TIP_X_TIPO_PERMISO ) VALUES (
-107, 'ADM_Activar_Usuario', 'Dar de alta al usuario', 0, -5);
INSERT INTO ADM_PERMISOS ( X_PERMISO, C_PERMISO, T_PERMISOS, L_SOLO_SUCURSALES,
TIP_X_TIPO_PERMISO ) VALUES (
-108, 'CIR_Listar_Reservas', 'Lista las reservas', 1, -5);
INSERT INTO ADM_PERMISOS ( X_PERMISO, C_PERMISO, T_PERMISOS, L_SOLO_SUCURSALES,
TIP_X_TIPO_PERMISO ) VALUES (
-109, 'CIR_Eliminar_Reservas', 'Elimina la reserva', 0, -4);
INSERT INTO ADM_PERMISOS ( X_PERMISO, C_PERMISO, T_PERMISOS, L_SOLO_SUCURSALES,
TIP_X_TIPO_PERMISO ) VALUES (
-110, 'CIR_Mantenimiento_Biblioteca_Consorciada', 'Lista las biblioteca consorciada'
, 0, -3);
INSERT INTO ADM_PERMISOS ( X_PERMISO, C_PERMISO, T_PERMISOS, L_SOLO_SUCURSALES,
TIP_X_TIPO_PERMISO ) VALUES (
-111, 'CIR_Mostrar_Biblioteca_Consorciada', 'Muestra el detalle de las biblioteca consorciada'
, 0, -2);
INSERT INTO ADM_PERMISOS ( X_PERMISO, C_PERMISO, T_PERMISOS, L_SOLO_SUCURSALES,
TIP_X_TIPO_PERMISO ) VALUES (
-112, 'CIR_Eliminar_Biblioteca_Consorciada', 'Elimina la biblioteca consorciada', 0
, -4);
INSERT INTO ADM_PERMISOS ( X_PERMISO, C_PERMISO, T_PERMISOS, L_SOLO_SUCURSALES,
TIP_X_TIPO_PERMISO ) VALUES (
-113, 'CIR_Listar_Biblioteca_Consorciada', 'Lista las bibliotecas consorciada', 0
, -5);
INSERT INTO ADM_PERMISOS ( X_PERMISO, C_PERMISO, T_PERMISOS, L_SOLO_SUCURSALES,
TIP_X_TIPO_PERMISO ) VALUES (
-114, 'CIR_Eliminar_Contacto_PIB', 'Elimina el contacto', 0, -4);
INSERT INTO ADM_PERMISOS ( X_PERMISO, C_PERMISO, T_PERMISOS, L_SOLO_SUCURSALES,
TIP_X_TIPO_PERMISO ) VALUES (
-115, 'ADQ_Listar_Proveedores', 'Buscar Proveedores', 0, -1);
INSERT INTO ADM_PERMISOS ( X_PERMISO, C_PERMISO, T_PERMISOS, L_SOLO_SUCURSALES,
TIP_X_TIPO_PERMISO ) VALUES (
-116, 'ADQ_Mostrar_Proveedores', 'Mostrar Proveedores', 0, -2);
INSERT INTO ADM_PERMISOS ( X_PERMISO, C_PERMISO, T_PERMISOS, L_SOLO_SUCURSALES,
TIP_X_TIPO_PERMISO ) VALUES (
-117, 'ADQ_Alta_Proveedores', 'Crear Proveedores', 0, -3);
INSERT INTO ADM_PERMISOS ( X_PERMISO, C_PERMISO, T_PERMISOS, L_SOLO_SUCURSALES,
TIP_X_TIPO_PERMISO ) VALUES (
-118, 'ADQ_Mantenimiento_Proveedores', 'Modificacion Proveedores', 0, -3);
INSERT INTO ADM_PERMISOS ( X_PERMISO, C_PERMISO, T_PERMISOS, L_SOLO_SUCURSALES,
TIP_X_TIPO_PERMISO ) VALUES (
-119, 'ADQ_Eliminar_Proveedores', 'Eliminacion Proveedores', 0, -4);
INSERT INTO ADM_PERMISOS ( X_PERMISO, C_PERMISO, T_PERMISOS, L_SOLO_SUCURSALES,
TIP_X_TIPO_PERMISO ) VALUES (
-120, 'ADQ_Mostrar_DireccionPostal', 'Mostrar Direccion Postal', 0, -2);
INSERT INTO ADM_PERMISOS ( X_PERMISO, C_PERMISO, T_PERMISOS, L_SOLO_SUCURSALES,
TIP_X_TIPO_PERMISO ) VALUES (
-121, 'ADQ_Alta_DireccionPostal', 'Alta Direccion Postal', 0, -3);
INSERT INTO ADM_PERMISOS ( X_PERMISO, C_PERMISO, T_PERMISOS, L_SOLO_SUCURSALES,
TIP_X_TIPO_PERMISO ) VALUES (
-122, 'ADQ_Mantenimiento_DireccionPostal', 'Modificacion Direccion Postal', 0, -3);
INSERT INTO ADM_PERMISOS ( X_PERMISO, C_PERMISO, T_PERMISOS, L_SOLO_SUCURSALES,
TIP_X_TIPO_PERMISO ) VALUES (
-123, 'ADQ_Eliminar_DireccionPostal', 'Eliminacion Direccion Postal', 0, -4);
INSERT INTO ADM_PERMISOS ( X_PERMISO, C_PERMISO, T_PERMISOS, L_SOLO_SUCURSALES,
TIP_X_TIPO_PERMISO ) VALUES (
-124, 'ADQ_Mostrar_Contacto', 'Mostrar Contacto', 0, -2);
INSERT INTO ADM_PERMISOS ( X_PERMISO, C_PERMISO, T_PERMISOS, L_SOLO_SUCURSALES,
TIP_X_TIPO_PERMISO ) VALUES (
-125, 'ADQ_Alta_Contacto', 'Alta Contacto', 0, -3);
INSERT INTO ADM_PERMISOS ( X_PERMISO, C_PERMISO, T_PERMISOS, L_SOLO_SUCURSALES,
TIP_X_TIPO_PERMISO ) VALUES (
-126, 'ADQ_Mantenimiento_Contacto', 'Modificacion Contacto', 0, -3);
INSERT INTO ADM_PERMISOS ( X_PERMISO, C_PERMISO, T_PERMISOS, L_SOLO_SUCURSALES,
TIP_X_TIPO_PERMISO ) VALUES (
-127, 'ADQ_Eliminar_Contacto', 'Eliminacion Contacto', 0, -4);
INSERT INTO ADM_PERMISOS ( X_PERMISO, C_PERMISO, T_PERMISOS, L_SOLO_SUCURSALES,
TIP_X_TIPO_PERMISO ) VALUES (
-128, 'ADQ_Listar_Motivos', 'Listado de Motivos de rechazo', 0, -1);
INSERT INTO ADM_PERMISOS ( X_PERMISO, C_PERMISO, T_PERMISOS, L_SOLO_SUCURSALES,
TIP_X_TIPO_PERMISO ) VALUES (
-129, 'ADQ_Mostrar_Motivos', 'Mostrar Motivos', 0, -2);
INSERT INTO ADM_PERMISOS ( X_PERMISO, C_PERMISO, T_PERMISOS, L_SOLO_SUCURSALES,
TIP_X_TIPO_PERMISO ) VALUES (
-130, 'ADQ_Alta_Motivos', 'Alta Motivos', 0, -3);
INSERT INTO ADM_PERMISOS ( X_PERMISO, C_PERMISO, T_PERMISOS, L_SOLO_SUCURSALES,
TIP_X_TIPO_PERMISO ) VALUES (
-131, 'ADQ_Mantenimiento_Motivos', 'Modificacion Motivos', 0, -3);
INSERT INTO ADM_PERMISOS ( X_PERMISO, C_PERMISO, T_PERMISOS, L_SOLO_SUCURSALES,
TIP_X_TIPO_PERMISO ) VALUES (
-132, 'ADQ_Eliminar_Motivos', 'Eliminacion Motivos', 0, -4);
INSERT INTO ADM_PERMISOS ( X_PERMISO, C_PERMISO, T_PERMISOS, L_SOLO_SUCURSALES,
TIP_X_TIPO_PERMISO ) VALUES (
-133, 'ADQ_Listar_Desideratas', 'Listado de Desideratas', 0, -1);
INSERT INTO ADM_PERMISOS ( X_PERMISO, C_PERMISO, T_PERMISOS, L_SOLO_SUCURSALES,
TIP_X_TIPO_PERMISO ) VALUES (
-134, 'ADQ_Mostrar_Desideratas', 'Mostrar Desiderata', 0, -2);
INSERT INTO ADM_PERMISOS ( X_PERMISO, C_PERMISO, T_PERMISOS, L_SOLO_SUCURSALES,
TIP_X_TIPO_PERMISO ) VALUES (
-135, 'ADQ_Alta_Desiderata', 'Alta Desiderata', 0, -3);
INSERT INTO ADM_PERMISOS ( X_PERMISO, C_PERMISO, T_PERMISOS, L_SOLO_SUCURSALES,
TIP_X_TIPO_PERMISO ) VALUES (
-136, 'ADQ_Mantenimiento_Desideratas', 'Modificacion Desideratas', 0, -3);
INSERT INTO ADM_PERMISOS ( X_PERMISO, C_PERMISO, T_PERMISOS, L_SOLO_SUCURSALES,
TIP_X_TIPO_PERMISO ) VALUES (
-137, 'ADQ_Aceptar_Desiderata', 'Aceptar Desiderata', 0, -5);
INSERT INTO ADM_PERMISOS ( X_PERMISO, C_PERMISO, T_PERMISOS, L_SOLO_SUCURSALES,
TIP_X_TIPO_PERMISO ) VALUES (
-138, 'ADQ_Cancelar_Desiderata', 'Cancelar Desiderata', 0, -5);
INSERT INTO ADM_PERMISOS ( X_PERMISO, C_PERMISO, T_PERMISOS, L_SOLO_SUCURSALES,
TIP_X_TIPO_PERMISO ) VALUES (
-139, 'ADQ_Rechazar_Desiderata', 'Rechazar Desiderata', 0, -4);
INSERT INTO ADM_PERMISOS ( X_PERMISO, C_PERMISO, T_PERMISOS, L_SOLO_SUCURSALES,
TIP_X_TIPO_PERMISO ) VALUES (
-140, 'ADQ_Eliminar_Desiderata', 'Eliminacion Desiderata', 0, -4);
INSERT INTO ADM_PERMISOS ( X_PERMISO, C_PERMISO, T_PERMISOS, L_SOLO_SUCURSALES,
TIP_X_TIPO_PERMISO ) VALUES (
-141, 'CIR_Eliminar_Servicio_NCIP', 'Elimina el servicio NCIP', 0, -4);
INSERT INTO ADM_PERMISOS ( X_PERMISO, C_PERMISO, T_PERMISOS, L_SOLO_SUCURSALES,
TIP_X_TIPO_PERMISO ) VALUES (
-142, 'PRO_Listar_ProcesosPlanificados', 'Listar Procesos Planificados', 0, -1);
INSERT INTO ADM_PERMISOS ( X_PERMISO, C_PERMISO, T_PERMISOS, L_SOLO_SUCURSALES,
TIP_X_TIPO_PERMISO ) VALUES (
-143, 'PRO_Ver_Proceso', 'Detalle de Proceso', 0, -2);
INSERT INTO ADM_PERMISOS ( X_PERMISO, C_PERMISO, T_PERMISOS, L_SOLO_SUCURSALES,
TIP_X_TIPO_PERMISO ) VALUES (
-144, 'PRO_Editar_Proceso', 'Editar Proceso', 0, -3);
INSERT INTO ADM_PERMISOS ( X_PERMISO, C_PERMISO, T_PERMISOS, L_SOLO_SUCURSALES,
TIP_X_TIPO_PERMISO ) VALUES (
-145, 'PRO_Cambiar_Planificacion_Proceso', 'Cambiar Planificaci??n de Proceso', 0
, -3);
INSERT INTO ADM_PERMISOS ( X_PERMISO, C_PERMISO, T_PERMISOS, L_SOLO_SUCURSALES,
TIP_X_TIPO_PERMISO ) VALUES (
-146, 'PRO_Ejecutar_Proceso', 'Ejecutar procesos', 0, -3);
INSERT INTO ADM_PERMISOS ( X_PERMISO, C_PERMISO, T_PERMISOS, L_SOLO_SUCURSALES,
TIP_X_TIPO_PERMISO ) VALUES (
-147, 'SER_Alta_Suscripcion', 'Alta de una suscripcion', 0, -5);
INSERT INTO ADM_PERMISOS ( X_PERMISO, C_PERMISO, T_PERMISOS, L_SOLO_SUCURSALES,
TIP_X_TIPO_PERMISO ) VALUES (
-148, 'SER_Modificar_Suscripcion', 'Modificar una suscripcion', 0, -3);
INSERT INTO ADM_PERMISOS ( X_PERMISO, C_PERMISO, T_PERMISOS, L_SOLO_SUCURSALES,
TIP_X_TIPO_PERMISO ) VALUES (
-149, 'SER_Eliminar_Suscripcion', 'Elimina una suscripcion', 0, -4);
INSERT INTO ADM_PERMISOS ( X_PERMISO, C_PERMISO, T_PERMISOS, L_SOLO_SUCURSALES,
TIP_X_TIPO_PERMISO ) VALUES (
-150, 'SER_Listar_Suscripcion', 'Lista las suscripciones', 0, -1);
INSERT INTO ADM_PERMISOS ( X_PERMISO, C_PERMISO, T_PERMISOS, L_SOLO_SUCURSALES,
TIP_X_TIPO_PERMISO ) VALUES (
-151, 'SER_Mostrar_Suscripcion', 'Muestra la suscripcion', 0, -2);
INSERT INTO ADM_PERMISOS ( X_PERMISO, C_PERMISO, T_PERMISOS, L_SOLO_SUCURSALES,
TIP_X_TIPO_PERMISO ) VALUES (
-152, 'SER_Alta_periodicidad', 'Alta de una periodicidad', 0, -5);
INSERT INTO ADM_PERMISOS ( X_PERMISO, C_PERMISO, T_PERMISOS, L_SOLO_SUCURSALES,
TIP_X_TIPO_PERMISO ) VALUES (
-153, 'SER_Eliminar_periodicidad', 'Elimina una periodicidad', 0, -4);
INSERT INTO ADM_PERMISOS ( X_PERMISO, C_PERMISO, T_PERMISOS, L_SOLO_SUCURSALES,
TIP_X_TIPO_PERMISO ) VALUES (
-154, 'SER_Edicion_periodicidad', 'Edicion de una periodicidad', 0, -3);
INSERT INTO ADM_PERMISOS ( X_PERMISO, C_PERMISO, T_PERMISOS, L_SOLO_SUCURSALES,
TIP_X_TIPO_PERMISO ) VALUES (
-155, 'SER_Mostrar_periodicidad', 'Muestra de una periodicidad', 0, -2);
INSERT INTO ADM_PERMISOS ( X_PERMISO, C_PERMISO, T_PERMISOS, L_SOLO_SUCURSALES,
TIP_X_TIPO_PERMISO ) VALUES (
-156, 'SER_Listar_periodicidad', 'Listar periodicidades', 0, -1);
INSERT INTO ADM_PERMISOS ( X_PERMISO, C_PERMISO, T_PERMISOS, L_SOLO_SUCURSALES,
TIP_X_TIPO_PERMISO ) VALUES (
-157, 'SER_Alta_Pedidosuscripcion', 'Alta de un pedido de suscripciones', 0, -5);
INSERT INTO ADM_PERMISOS ( X_PERMISO, C_PERMISO, T_PERMISOS, L_SOLO_SUCURSALES,
TIP_X_TIPO_PERMISO ) VALUES (
-158, 'SER_Eliminar_Pedidosuscripcion', 'Elimina un pedido de suscripciones', 0, -4);
INSERT INTO ADM_PERMISOS ( X_PERMISO, C_PERMISO, T_PERMISOS, L_SOLO_SUCURSALES,
TIP_X_TIPO_PERMISO ) VALUES (
-159, 'SER_Edicion_Pedidosuscripcion', 'Edicion de un pedido de suscripciones', 0
, -3);
INSERT INTO ADM_PERMISOS ( X_PERMISO, C_PERMISO, T_PERMISOS, L_SOLO_SUCURSALES,
TIP_X_TIPO_PERMISO ) VALUES (
-160, 'SER_Mostrar_Pedidosuscripcion', 'Muestra de un pedido de suscripciones', 0
, -2);
INSERT INTO ADM_PERMISOS ( X_PERMISO, C_PERMISO, T_PERMISOS, L_SOLO_SUCURSALES,
TIP_X_TIPO_PERMISO ) VALUES (
-161, 'SER_Listar_Pedidosuscripcion', 'Listar pedidos de suscripciones', 0, -1);
INSERT INTO ADM_PERMISOS ( X_PERMISO, C_PERMISO, T_PERMISOS, L_SOLO_SUCURSALES,
TIP_X_TIPO_PERMISO ) VALUES (
-162, 'SER_Alta_Pedidoencuadernacion', 'Alta de un pedido de encuadernaciones', 0
, -5);
INSERT INTO ADM_PERMISOS ( X_PERMISO, C_PERMISO, T_PERMISOS, L_SOLO_SUCURSALES,
TIP_X_TIPO_PERMISO ) VALUES (
-163, 'SER_Eliminar_Pedidoencuadernacion', 'Elimina un pedido de encuadernaciones'
, 0, -4);
INSERT INTO ADM_PERMISOS ( X_PERMISO, C_PERMISO, T_PERMISOS, L_SOLO_SUCURSALES,
TIP_X_TIPO_PERMISO ) VALUES (
-164, 'SER_Edicion_Pedidoencuadernacion', 'Edicion de un pedido de encuadernaciones'
, 0, -3);
INSERT INTO ADM_PERMISOS ( X_PERMISO, C_PERMISO, T_PERMISOS, L_SOLO_SUCURSALES,
TIP_X_TIPO_PERMISO ) VALUES (
-165, 'SER_Mostrar_Pedidoencuadernacion', 'Muestra de un pedido de encuadernaciones'
, 0, -2);
INSERT INTO ADM_PERMISOS ( X_PERMISO, C_PERMISO, T_PERMISOS, L_SOLO_SUCURSALES,
TIP_X_TIPO_PERMISO ) VALUES (
-166, 'SER_Listar_Pedidoencuadernacion', 'Listar pedidos de encuadernaciones', 0, -1);
INSERT INTO ADM_PERMISOS ( X_PERMISO, C_PERMISO, T_PERMISOS, L_SOLO_SUCURSALES,
TIP_X_TIPO_PERMISO ) VALUES (
-167, 'CIR_Mantenimiento_Reservas', 'Crear una nueva reserva', 0, -3);
INSERT INTO ADM_PERMISOS ( X_PERMISO, C_PERMISO, T_PERMISOS, L_SOLO_SUCURSALES,
TIP_X_TIPO_PERMISO ) VALUES (
-168, 'CIR_Duplicar_Reservas', 'Duplicar una reserva existente', 0, -5);
INSERT INTO ADM_PERMISOS ( X_PERMISO, C_PERMISO, T_PERMISOS, L_SOLO_SUCURSALES,
TIP_X_TIPO_PERMISO ) VALUES (
-169, 'CIR_Prestar_Reservas', 'Prestar ejemplar', 0, -5);
INSERT INTO ADM_PERMISOS ( X_PERMISO, C_PERMISO, T_PERMISOS, L_SOLO_SUCURSALES,
TIP_X_TIPO_PERMISO ) VALUES (
-170, 'CIR_Mostrar_Reservas', 'Muestra el detalle de la reserva', 0, -2);
INSERT INTO ADM_PERMISOS ( X_PERMISO, C_PERMISO, T_PERMISOS, L_SOLO_SUCURSALES,
TIP_X_TIPO_PERMISO ) VALUES (
-171, 'CIR_Mantenimiento_PeticionPIB', 'Crear una nueva peticion', 0, -3);
INSERT INTO ADM_PERMISOS ( X_PERMISO, C_PERMISO, T_PERMISOS, L_SOLO_SUCURSALES,
TIP_X_TIPO_PERMISO ) VALUES (
-172, 'CIR_Mostrar_PeticionPIB', 'Mostrar una peticion', 0, -2);
INSERT INTO ADM_PERMISOS ( X_PERMISO, C_PERMISO, T_PERMISOS, L_SOLO_SUCURSALES,
TIP_X_TIPO_PERMISO ) VALUES (
-173, 'CIR_Eliminar_PeticionPIB', 'Eliminar una peticion', 0, -4);
INSERT INTO ADM_PERMISOS ( X_PERMISO, C_PERMISO, T_PERMISOS, L_SOLO_SUCURSALES,
TIP_X_TIPO_PERMISO ) VALUES (
-174, 'LEC_Imprimir_Carnet', 'Imprimir carnet', 0, -5);
INSERT INTO ADM_PERMISOS ( X_PERMISO, C_PERMISO, T_PERMISOS, L_SOLO_SUCURSALES,
TIP_X_TIPO_PERMISO ) VALUES (
-175, 'CAT_Imprimir_Tejuelo', 'Imprimir tejuelo', 0, -5);
INSERT INTO ADM_PERMISOS ( X_PERMISO, C_PERMISO, T_PERMISOS, L_SOLO_SUCURSALES,
TIP_X_TIPO_PERMISO ) VALUES (
-176, 'CAT_Imprimir_CODIGO_BARRAS', 'Imprimir codigo de barras', 0, -5);
INSERT INTO ADM_PERMISOS ( X_PERMISO, C_PERMISO, T_PERMISOS, L_SOLO_SUCURSALES,
TIP_X_TIPO_PERMISO ) VALUES (
-177, 'CAT_Imprimir_TEJ_CB', 'Imprimir tejuelo y codigo de barras', 0, -5);
INSERT INTO ADM_PERMISOS ( X_PERMISO, C_PERMISO, T_PERMISOS, L_SOLO_SUCURSALES,
TIP_X_TIPO_PERMISO ) VALUES (
-178, 'CAT_ADMINISTRAR_REGISTRO_IMAGEN', 'Administrar la imagen de un registro', 0
, -3);
INSERT INTO ADM_PERMISOS ( X_PERMISO, C_PERMISO, T_PERMISOS, L_SOLO_SUCURSALES,
TIP_X_TIPO_PERMISO ) VALUES (
-179, 'CIR_Imprimir_Codigo_Barras', 'Imprime el codigo de barras del ejemplar', 0
, -5);
INSERT INTO ADM_PERMISOS ( X_PERMISO, C_PERMISO, T_PERMISOS, L_SOLO_SUCURSALES,
TIP_X_TIPO_PERMISO ) VALUES (
-180, 'CIR_Imprimir_Tejuelo', 'Imprime el tejuego del ejemplar', 0, -5);
INSERT INTO ADM_PERMISOS ( X_PERMISO, C_PERMISO, T_PERMISOS, L_SOLO_SUCURSALES,
TIP_X_TIPO_PERMISO ) VALUES (
-181, 'CIR_Imprimir_Reclamacion', 'Imprime una reclamacion para los prestamos', 0
, -5);
INSERT INTO ADM_PERMISOS ( X_PERMISO, C_PERMISO, T_PERMISOS, L_SOLO_SUCURSALES,
TIP_X_TIPO_PERMISO ) VALUES (
-182, 'CAT_CREAR_AUTORIDAD', 'Crear una nueva autoridad', 0, -3);
INSERT INTO ADM_PERMISOS ( X_PERMISO, C_PERMISO, T_PERMISOS, L_SOLO_SUCURSALES,
TIP_X_TIPO_PERMISO ) VALUES (
-183, 'CAT_COPIAR_AUTORIDAD', 'Copiar una autoridad', 0, -5);
INSERT INTO ADM_PERMISOS ( X_PERMISO, C_PERMISO, T_PERMISOS, L_SOLO_SUCURSALES,
TIP_X_TIPO_PERMISO ) VALUES (
-184, 'CAT_ELIMINAR_AUTORIDAD', 'Eliminar una autoridad', 0, -4);
INSERT INTO ADM_PERMISOS ( X_PERMISO, C_PERMISO, T_PERMISOS, L_SOLO_SUCURSALES,
TIP_X_TIPO_PERMISO ) VALUES (
-185, 'CAT_MOSTRAR_AUTORIDAD', 'Mostrar una autoridad', 0, -2);
INSERT INTO ADM_PERMISOS ( X_PERMISO, C_PERMISO, T_PERMISOS, L_SOLO_SUCURSALES,
TIP_X_TIPO_PERMISO ) VALUES (
-186, 'LEC_IMPRIMIR_RECLAMACION', 'Imprimir reclamacion', 0, -5);
INSERT INTO ADM_PERMISOS ( X_PERMISO, C_PERMISO, T_PERMISOS, L_SOLO_SUCURSALES,
TIP_X_TIPO_PERMISO ) VALUES (
-1007, 'EIL_Listar parametros', 'Permite listar parametros', 0, -1);
INSERT INTO ADM_PERMISOS ( X_PERMISO, C_PERMISO, T_PERMISOS, L_SOLO_SUCURSALES,
TIP_X_TIPO_PERMISO ) VALUES (
-1008, 'MEN_Ver_Notificacion', 'Detalle Notificacion', 0, -2);
INSERT INTO ADM_PERMISOS ( X_PERMISO, C_PERMISO, T_PERMISOS, L_SOLO_SUCURSALES,
TIP_X_TIPO_PERMISO ) VALUES (
-1009, 'MEN_Add_Notificacion', 'Anadir Notificacion', 0, -3);
INSERT INTO ADM_PERMISOS ( X_PERMISO, C_PERMISO, T_PERMISOS, L_SOLO_SUCURSALES,
TIP_X_TIPO_PERMISO ) VALUES (
-1010, 'MEN_Activar_Desactivar_Notificacion', 'Activar Desactivar Notificacion', 0
, -3);
INSERT INTO ADM_PERMISOS ( X_PERMISO, C_PERMISO, T_PERMISOS, L_SOLO_SUCURSALES,
TIP_X_TIPO_PERMISO ) VALUES (
-1011, 'EST_Generar_Informes', 'Generar Estadisticas', 0, -5);
INSERT INTO ADM_PERMISOS ( X_PERMISO, C_PERMISO, T_PERMISOS, L_SOLO_SUCURSALES,
TIP_X_TIPO_PERMISO ) VALUES (
-1012, 'EST_Listar_Informes', 'Listado de Estadisticas', 0, -1);
INSERT INTO ADM_PERMISOS ( X_PERMISO, C_PERMISO, T_PERMISOS, L_SOLO_SUCURSALES,
TIP_X_TIPO_PERMISO ) VALUES (
-1013, 'EST_Mostrar_Informes', 'Mostrar Estadisticas', 0, -2);
INSERT INTO ADM_PERMISOS ( X_PERMISO, C_PERMISO, T_PERMISOS, L_SOLO_SUCURSALES,
TIP_X_TIPO_PERMISO ) VALUES (
-1014, 'EST_Alta_Informes', 'Alta Estadisticas', 0, -3);
INSERT INTO ADM_PERMISOS ( X_PERMISO, C_PERMISO, T_PERMISOS, L_SOLO_SUCURSALES,
TIP_X_TIPO_PERMISO ) VALUES (
-1015, 'EST_Mantenimiento_Informes', 'Modificacion Estadisticas', 0, -3);
INSERT INTO ADM_PERMISOS ( X_PERMISO, C_PERMISO, T_PERMISOS, L_SOLO_SUCURSALES,
TIP_X_TIPO_PERMISO ) VALUES (
-1016, 'EST_Eliminar_Informes', 'Eliminacion Estadisticas', 0, -4);
INSERT INTO ADM_PERMISOS ( X_PERMISO, C_PERMISO, T_PERMISOS, L_SOLO_SUCURSALES,
TIP_X_TIPO_PERMISO ) VALUES (
-1017, 'EST_Guardar_Aceptar_Informe', 'Guardar Aceptar Estadisticas', 0, -3);
INSERT INTO ADM_PERMISOS ( X_PERMISO, C_PERMISO, T_PERMISOS, L_SOLO_SUCURSALES,
TIP_X_TIPO_PERMISO ) VALUES (
-1018, 'EST_Mostrar_Plantilla', 'Mostrar Plantilla', 0, -2);
INSERT INTO ADM_PERMISOS ( X_PERMISO, C_PERMISO, T_PERMISOS, L_SOLO_SUCURSALES,
TIP_X_TIPO_PERMISO ) VALUES (
-1019, 'EST_Asignar_Quitar_Plantilla', 'Asignar Quitar Plantilla', 0, -3);
INSERT INTO ADM_PERMISOS ( X_PERMISO, C_PERMISO, T_PERMISOS, L_SOLO_SUCURSALES,
TIP_X_TIPO_PERMISO ) VALUES (
-1020, 'EST_Mostrar_Parametro', 'Mostrar Parametro', 0, -2);
INSERT INTO ADM_PERMISOS ( X_PERMISO, C_PERMISO, T_PERMISOS, L_SOLO_SUCURSALES,
TIP_X_TIPO_PERMISO ) VALUES (
-1021, 'EST_Activar_Quitar_Parametro', 'Activar Quitar Parametro', 0, -5);
INSERT INTO ADM_PERMISOS ( X_PERMISO, C_PERMISO, T_PERMISOS, L_SOLO_SUCURSALES,
TIP_X_TIPO_PERMISO ) VALUES (
-1022, 'EST_Alta_Parametro', 'Alta Parametro', 0, -3);
INSERT INTO ADM_PERMISOS ( X_PERMISO, C_PERMISO, T_PERMISOS, L_SOLO_SUCURSALES,
TIP_X_TIPO_PERMISO ) VALUES (
-1023, 'EST_Editar_Detalle_Parametro', 'Editar Detalle Parametro', 0, -3);
INSERT INTO ADM_PERMISOS ( X_PERMISO, C_PERMISO, T_PERMISOS, L_SOLO_SUCURSALES,
TIP_X_TIPO_PERMISO ) VALUES (
-1024, 'EST_Eliminar_Parametro', 'Eliminar Parametro', 0, -4);
INSERT INTO ADM_PERMISOS ( X_PERMISO, C_PERMISO, T_PERMISOS, L_SOLO_SUCURSALES,
TIP_X_TIPO_PERMISO ) VALUES (
-1025, 'MEN_Editar_Tipo_Notificacion', 'Editar Tipo Notificacion', 0, -3);
INSERT INTO ADM_PERMISOS ( X_PERMISO, C_PERMISO, T_PERMISOS, L_SOLO_SUCURSALES,
TIP_X_TIPO_PERMISO ) VALUES (
-1026, 'MEN_Notificar', 'Notificar', 0, -5);
INSERT INTO ADM_PERMISOS ( X_PERMISO, C_PERMISO, T_PERMISOS, L_SOLO_SUCURSALES,
TIP_X_TIPO_PERMISO ) VALUES (
-1027, 'MEN_Mostrar_Detalle_Notificacion', 'Mostrar Detalle Notificacion', 0, -2);
INSERT INTO ADM_PERMISOS ( X_PERMISO, C_PERMISO, T_PERMISOS, L_SOLO_SUCURSALES,
TIP_X_TIPO_PERMISO ) VALUES (
-1028, 'MEN_Del_Notificacion', 'Eliminar Notificacion', 0, -4);
INSERT INTO ADM_PERMISOS ( X_PERMISO, C_PERMISO, T_PERMISOS, L_SOLO_SUCURSALES,
TIP_X_TIPO_PERMISO ) VALUES (
-1029, 'MEN_Listar_Catalogo_DSI', 'Mostrar Listado Catalogo DSI', 0, -2);
commit;

INSERT INTO ADM_PROVINCIA ( X_PROVINCIA, C_PROVINCIA, T_PROVINCIA,
COM_X_COM_AUTONOMA ) VALUES (
-1, '29', 'Malaga', -1);
INSERT INTO ADM_PROVINCIA ( X_PROVINCIA, C_PROVINCIA, T_PROVINCIA,
COM_X_COM_AUTONOMA ) VALUES (
-2, '04', 'Almeria', -1);
INSERT INTO ADM_PROVINCIA ( X_PROVINCIA, C_PROVINCIA, T_PROVINCIA,
COM_X_COM_AUTONOMA ) VALUES (
-3, '10', 'Caceres', -2);
INSERT INTO ADM_PROVINCIA ( X_PROVINCIA, C_PROVINCIA, T_PROVINCIA,
COM_X_COM_AUTONOMA ) VALUES (
-4, '11', 'Aveyron', -3);
INSERT INTO ADM_PROVINCIA ( X_PROVINCIA, C_PROVINCIA, T_PROVINCIA,
COM_X_COM_AUTONOMA ) VALUES (
-5, '12', 'Wales', -4);
commit;

INSERT INTO ADM_ROLES ( X_ROL, C_ROL, N_NIVEL, T_ROL ) VALUES (
-1, 'Administrador', 10, 'Permisos para todos los botones y menus que se han registrado en la version de prueba de librae');
INSERT INTO ADM_ROLES ( X_ROL, C_ROL, N_NIVEL, T_ROL ) VALUES (
-2, 'Leer', 5, 'Permisos para todos los leer');
INSERT INTO ADM_ROLES ( X_ROL, C_ROL, N_NIVEL, T_ROL ) VALUES (
-3, 'Vacio', 1, 'Todos los permisos para modificar de la aplicacion');
INSERT INTO ADM_ROLES ( X_ROL, C_ROL, N_NIVEL, T_ROL ) VALUES (
-4, 'ORBE_INICIAL_VACIO', 1, 'Rol vacio inicial para los usuarios creados a partir de Orbe');
commit;

INSERT INTO ADM_ROLES_PERMISOS ( X_ROLES_PERMISOS, PER_X_PERMISO,
ROL_X_ROL ) VALUES (
-1, -7, -2);
INSERT INTO ADM_ROLES_PERMISOS ( X_ROLES_PERMISOS, PER_X_PERMISO,
ROL_X_ROL ) VALUES (
-2, -8, -2);
INSERT INTO ADM_ROLES_PERMISOS ( X_ROLES_PERMISOS, PER_X_PERMISO,
ROL_X_ROL ) VALUES (
-3, -1, -1);
INSERT INTO ADM_ROLES_PERMISOS ( X_ROLES_PERMISOS, PER_X_PERMISO,
ROL_X_ROL ) VALUES (
-4, -2, -1);
INSERT INTO ADM_ROLES_PERMISOS ( X_ROLES_PERMISOS, PER_X_PERMISO,
ROL_X_ROL ) VALUES (
-5, -3, -1);
INSERT INTO ADM_ROLES_PERMISOS ( X_ROLES_PERMISOS, PER_X_PERMISO,
ROL_X_ROL ) VALUES (
-6, -4, -1);
INSERT INTO ADM_ROLES_PERMISOS ( X_ROLES_PERMISOS, PER_X_PERMISO,
ROL_X_ROL ) VALUES (
-7, -5, -1);
INSERT INTO ADM_ROLES_PERMISOS ( X_ROLES_PERMISOS, PER_X_PERMISO,
ROL_X_ROL ) VALUES (
-8, -6, -1);
INSERT INTO ADM_ROLES_PERMISOS ( X_ROLES_PERMISOS, PER_X_PERMISO,
ROL_X_ROL ) VALUES (
-9, -19, -1);
INSERT INTO ADM_ROLES_PERMISOS ( X_ROLES_PERMISOS, PER_X_PERMISO,
ROL_X_ROL ) VALUES (
-10, -20, -1);
INSERT INTO ADM_ROLES_PERMISOS ( X_ROLES_PERMISOS, PER_X_PERMISO,
ROL_X_ROL ) VALUES (
-11, -21, -1);
INSERT INTO ADM_ROLES_PERMISOS ( X_ROLES_PERMISOS, PER_X_PERMISO,
ROL_X_ROL ) VALUES (
-12, -22, -1);
INSERT INTO ADM_ROLES_PERMISOS ( X_ROLES_PERMISOS, PER_X_PERMISO,
ROL_X_ROL ) VALUES (
-13, -23, -1);
INSERT INTO ADM_ROLES_PERMISOS ( X_ROLES_PERMISOS, PER_X_PERMISO,
ROL_X_ROL ) VALUES (
-14, -24, -1);
INSERT INTO ADM_ROLES_PERMISOS ( X_ROLES_PERMISOS, PER_X_PERMISO,
ROL_X_ROL ) VALUES (
-15, -25, -1);
INSERT INTO ADM_ROLES_PERMISOS ( X_ROLES_PERMISOS, PER_X_PERMISO,
ROL_X_ROL ) VALUES (
-16, -26, -1);
INSERT INTO ADM_ROLES_PERMISOS ( X_ROLES_PERMISOS, PER_X_PERMISO,
ROL_X_ROL ) VALUES (
-17, -27, -1);
INSERT INTO ADM_ROLES_PERMISOS ( X_ROLES_PERMISOS, PER_X_PERMISO,
ROL_X_ROL ) VALUES (
-18, -28, -1);
INSERT INTO ADM_ROLES_PERMISOS ( X_ROLES_PERMISOS, PER_X_PERMISO,
ROL_X_ROL ) VALUES (
-19, -29, -1);
INSERT INTO ADM_ROLES_PERMISOS ( X_ROLES_PERMISOS, PER_X_PERMISO,
ROL_X_ROL ) VALUES (
-20, -30, -1);
INSERT INTO ADM_ROLES_PERMISOS ( X_ROLES_PERMISOS, PER_X_PERMISO,
ROL_X_ROL ) VALUES (
-21, -31, -1);
INSERT INTO ADM_ROLES_PERMISOS ( X_ROLES_PERMISOS, PER_X_PERMISO,
ROL_X_ROL ) VALUES (
-22, -32, -1);
INSERT INTO ADM_ROLES_PERMISOS ( X_ROLES_PERMISOS, PER_X_PERMISO,
ROL_X_ROL ) VALUES (
-23, -33, -1);
INSERT INTO ADM_ROLES_PERMISOS ( X_ROLES_PERMISOS, PER_X_PERMISO,
ROL_X_ROL ) VALUES (
-24, -34, -1);
INSERT INTO ADM_ROLES_PERMISOS ( X_ROLES_PERMISOS, PER_X_PERMISO,
ROL_X_ROL ) VALUES (
-25, -35, -1);
INSERT INTO ADM_ROLES_PERMISOS ( X_ROLES_PERMISOS, PER_X_PERMISO,
ROL_X_ROL ) VALUES (
-26, -36, -1);
INSERT INTO ADM_ROLES_PERMISOS ( X_ROLES_PERMISOS, PER_X_PERMISO,
ROL_X_ROL ) VALUES (
-27, -37, -1);
INSERT INTO ADM_ROLES_PERMISOS ( X_ROLES_PERMISOS, PER_X_PERMISO,
ROL_X_ROL ) VALUES (
-28, -38, -1);
INSERT INTO ADM_ROLES_PERMISOS ( X_ROLES_PERMISOS, PER_X_PERMISO,
ROL_X_ROL ) VALUES (
-29, -39, -1);
INSERT INTO ADM_ROLES_PERMISOS ( X_ROLES_PERMISOS, PER_X_PERMISO,
ROL_X_ROL ) VALUES (
-30, -40, -1);
INSERT INTO ADM_ROLES_PERMISOS ( X_ROLES_PERMISOS, PER_X_PERMISO,
ROL_X_ROL ) VALUES (
-31, -41, -1);
INSERT INTO ADM_ROLES_PERMISOS ( X_ROLES_PERMISOS, PER_X_PERMISO,
ROL_X_ROL ) VALUES (
-32, -42, -1);
INSERT INTO ADM_ROLES_PERMISOS ( X_ROLES_PERMISOS, PER_X_PERMISO,
ROL_X_ROL ) VALUES (
-33, -43, -1);
INSERT INTO ADM_ROLES_PERMISOS ( X_ROLES_PERMISOS, PER_X_PERMISO,
ROL_X_ROL ) VALUES (
-34, -44, -1);
INSERT INTO ADM_ROLES_PERMISOS ( X_ROLES_PERMISOS, PER_X_PERMISO,
ROL_X_ROL ) VALUES (
-35, -45, -1);
INSERT INTO ADM_ROLES_PERMISOS ( X_ROLES_PERMISOS, PER_X_PERMISO,
ROL_X_ROL ) VALUES (
-36, -46, -1);
INSERT INTO ADM_ROLES_PERMISOS ( X_ROLES_PERMISOS, PER_X_PERMISO,
ROL_X_ROL ) VALUES (
-37, -47, -1);
INSERT INTO ADM_ROLES_PERMISOS ( X_ROLES_PERMISOS, PER_X_PERMISO,
ROL_X_ROL ) VALUES (
-38, -7, -1);
INSERT INTO ADM_ROLES_PERMISOS ( X_ROLES_PERMISOS, PER_X_PERMISO,
ROL_X_ROL ) VALUES (
-39, -48, -1);
INSERT INTO ADM_ROLES_PERMISOS ( X_ROLES_PERMISOS, PER_X_PERMISO,
ROL_X_ROL ) VALUES (
-40, -49, -1);
INSERT INTO ADM_ROLES_PERMISOS ( X_ROLES_PERMISOS, PER_X_PERMISO,
ROL_X_ROL ) VALUES (
-41, -50, -1);
INSERT INTO ADM_ROLES_PERMISOS ( X_ROLES_PERMISOS, PER_X_PERMISO,
ROL_X_ROL ) VALUES (
-42, -51, -1);
INSERT INTO ADM_ROLES_PERMISOS ( X_ROLES_PERMISOS, PER_X_PERMISO,
ROL_X_ROL ) VALUES (
-43, -52, -1);
INSERT INTO ADM_ROLES_PERMISOS ( X_ROLES_PERMISOS, PER_X_PERMISO,
ROL_X_ROL ) VALUES (
-44, -53, -1);
INSERT INTO ADM_ROLES_PERMISOS ( X_ROLES_PERMISOS, PER_X_PERMISO,
ROL_X_ROL ) VALUES (
-45, -54, -1);
INSERT INTO ADM_ROLES_PERMISOS ( X_ROLES_PERMISOS, PER_X_PERMISO,
ROL_X_ROL ) VALUES (
-46, -55, -1);
INSERT INTO ADM_ROLES_PERMISOS ( X_ROLES_PERMISOS, PER_X_PERMISO,
ROL_X_ROL ) VALUES (
-47, -56, -1);
INSERT INTO ADM_ROLES_PERMISOS ( X_ROLES_PERMISOS, PER_X_PERMISO,
ROL_X_ROL ) VALUES (
-48, -57, -1);
INSERT INTO ADM_ROLES_PERMISOS ( X_ROLES_PERMISOS, PER_X_PERMISO,
ROL_X_ROL ) VALUES (
-49, -58, -1);
INSERT INTO ADM_ROLES_PERMISOS ( X_ROLES_PERMISOS, PER_X_PERMISO,
ROL_X_ROL ) VALUES (
-50, -61, -1);
INSERT INTO ADM_ROLES_PERMISOS ( X_ROLES_PERMISOS, PER_X_PERMISO,
ROL_X_ROL ) VALUES (
-51, -59, -1);
INSERT INTO ADM_ROLES_PERMISOS ( X_ROLES_PERMISOS, PER_X_PERMISO,
ROL_X_ROL ) VALUES (
-52, -60, -1);
INSERT INTO ADM_ROLES_PERMISOS ( X_ROLES_PERMISOS, PER_X_PERMISO,
ROL_X_ROL ) VALUES (
-53, -62, -1);
INSERT INTO ADM_ROLES_PERMISOS ( X_ROLES_PERMISOS, PER_X_PERMISO,
ROL_X_ROL ) VALUES (
-54, -63, -1);
INSERT INTO ADM_ROLES_PERMISOS ( X_ROLES_PERMISOS, PER_X_PERMISO,
ROL_X_ROL ) VALUES (
-55, -65, -1);
INSERT INTO ADM_ROLES_PERMISOS ( X_ROLES_PERMISOS, PER_X_PERMISO,
ROL_X_ROL ) VALUES (
-56, -64, -1);
INSERT INTO ADM_ROLES_PERMISOS ( X_ROLES_PERMISOS, PER_X_PERMISO,
ROL_X_ROL ) VALUES (
-57, -66, -1);
INSERT INTO ADM_ROLES_PERMISOS ( X_ROLES_PERMISOS, PER_X_PERMISO,
ROL_X_ROL ) VALUES (
-58, -67, -1);
INSERT INTO ADM_ROLES_PERMISOS ( X_ROLES_PERMISOS, PER_X_PERMISO,
ROL_X_ROL ) VALUES (
-59, -68, -1);
INSERT INTO ADM_ROLES_PERMISOS ( X_ROLES_PERMISOS, PER_X_PERMISO,
ROL_X_ROL ) VALUES (
-60, -69, -1);
INSERT INTO ADM_ROLES_PERMISOS ( X_ROLES_PERMISOS, PER_X_PERMISO,
ROL_X_ROL ) VALUES (
-61, -70, -1);
INSERT INTO ADM_ROLES_PERMISOS ( X_ROLES_PERMISOS, PER_X_PERMISO,
ROL_X_ROL ) VALUES (
-62, -48, -2);
INSERT INTO ADM_ROLES_PERMISOS ( X_ROLES_PERMISOS, PER_X_PERMISO,
ROL_X_ROL ) VALUES (
-63, -49, -2);
INSERT INTO ADM_ROLES_PERMISOS ( X_ROLES_PERMISOS, PER_X_PERMISO,
ROL_X_ROL ) VALUES (
-64, -71, -1);
INSERT INTO ADM_ROLES_PERMISOS ( X_ROLES_PERMISOS, PER_X_PERMISO,
ROL_X_ROL ) VALUES (
-65, -72, -1);
INSERT INTO ADM_ROLES_PERMISOS ( X_ROLES_PERMISOS, PER_X_PERMISO,
ROL_X_ROL ) VALUES (
-66, -73, -1);
INSERT INTO ADM_ROLES_PERMISOS ( X_ROLES_PERMISOS, PER_X_PERMISO,
ROL_X_ROL ) VALUES (
-67, -74, -1);
INSERT INTO ADM_ROLES_PERMISOS ( X_ROLES_PERMISOS, PER_X_PERMISO,
ROL_X_ROL ) VALUES (
-68, -75, -1);
INSERT INTO ADM_ROLES_PERMISOS ( X_ROLES_PERMISOS, PER_X_PERMISO,
ROL_X_ROL ) VALUES (
-69, -76, -1);
INSERT INTO ADM_ROLES_PERMISOS ( X_ROLES_PERMISOS, PER_X_PERMISO,
ROL_X_ROL ) VALUES (
-70, -77, -1);
INSERT INTO ADM_ROLES_PERMISOS ( X_ROLES_PERMISOS, PER_X_PERMISO,
ROL_X_ROL ) VALUES (
-71, -78, -1);
INSERT INTO ADM_ROLES_PERMISOS ( X_ROLES_PERMISOS, PER_X_PERMISO,
ROL_X_ROL ) VALUES (
-72, -79, -1);
INSERT INTO ADM_ROLES_PERMISOS ( X_ROLES_PERMISOS, PER_X_PERMISO,
ROL_X_ROL ) VALUES (
-73, -80, -1);
INSERT INTO ADM_ROLES_PERMISOS ( X_ROLES_PERMISOS, PER_X_PERMISO,
ROL_X_ROL ) VALUES (
-74, -81, -1);
INSERT INTO ADM_ROLES_PERMISOS ( X_ROLES_PERMISOS, PER_X_PERMISO,
ROL_X_ROL ) VALUES (
-75, -82, -1);
INSERT INTO ADM_ROLES_PERMISOS ( X_ROLES_PERMISOS, PER_X_PERMISO,
ROL_X_ROL ) VALUES (
-76, -83, -1);
INSERT INTO ADM_ROLES_PERMISOS ( X_ROLES_PERMISOS, PER_X_PERMISO,
ROL_X_ROL ) VALUES (
-77, -84, -1);
INSERT INTO ADM_ROLES_PERMISOS ( X_ROLES_PERMISOS, PER_X_PERMISO,
ROL_X_ROL ) VALUES (
-78, -59, -2);
INSERT INTO ADM_ROLES_PERMISOS ( X_ROLES_PERMISOS, PER_X_PERMISO,
ROL_X_ROL ) VALUES (
-79, -61, -2);
INSERT INTO ADM_ROLES_PERMISOS ( X_ROLES_PERMISOS, PER_X_PERMISO,
ROL_X_ROL ) VALUES (
-80, -62, -2);
INSERT INTO ADM_ROLES_PERMISOS ( X_ROLES_PERMISOS, PER_X_PERMISO,
ROL_X_ROL ) VALUES (
-81, -85, -1);
INSERT INTO ADM_ROLES_PERMISOS ( X_ROLES_PERMISOS, PER_X_PERMISO,
ROL_X_ROL ) VALUES (
-82, -86, -1);
INSERT INTO ADM_ROLES_PERMISOS ( X_ROLES_PERMISOS, PER_X_PERMISO,
ROL_X_ROL ) VALUES (
-83, -15, -1);
INSERT INTO ADM_ROLES_PERMISOS ( X_ROLES_PERMISOS, PER_X_PERMISO,
ROL_X_ROL ) VALUES (
-84, -16, -1);
INSERT INTO ADM_ROLES_PERMISOS ( X_ROLES_PERMISOS, PER_X_PERMISO,
ROL_X_ROL ) VALUES (
-85, -17, -1);
INSERT INTO ADM_ROLES_PERMISOS ( X_ROLES_PERMISOS, PER_X_PERMISO,
ROL_X_ROL ) VALUES (
-86, -18, -1);
INSERT INTO ADM_ROLES_PERMISOS ( X_ROLES_PERMISOS, PER_X_PERMISO,
ROL_X_ROL ) VALUES (
-87, -87, -1);
INSERT INTO ADM_ROLES_PERMISOS ( X_ROLES_PERMISOS, PER_X_PERMISO,
ROL_X_ROL ) VALUES (
-88, -63, -2);
INSERT INTO ADM_ROLES_PERMISOS ( X_ROLES_PERMISOS, PER_X_PERMISO,
ROL_X_ROL ) VALUES (
-89, -65, -2);
INSERT INTO ADM_ROLES_PERMISOS ( X_ROLES_PERMISOS, PER_X_PERMISO,
ROL_X_ROL ) VALUES (
-90, -88, -1);
INSERT INTO ADM_ROLES_PERMISOS ( X_ROLES_PERMISOS, PER_X_PERMISO,
ROL_X_ROL ) VALUES (
-91, -89, -1);
INSERT INTO ADM_ROLES_PERMISOS ( X_ROLES_PERMISOS, PER_X_PERMISO,
ROL_X_ROL ) VALUES (
-92, -90, -1);
INSERT INTO ADM_ROLES_PERMISOS ( X_ROLES_PERMISOS, PER_X_PERMISO,
ROL_X_ROL ) VALUES (
-93, -91, -1);
INSERT INTO ADM_ROLES_PERMISOS ( X_ROLES_PERMISOS, PER_X_PERMISO,
ROL_X_ROL ) VALUES (
-94, -92, -1);
INSERT INTO ADM_ROLES_PERMISOS ( X_ROLES_PERMISOS, PER_X_PERMISO,
ROL_X_ROL ) VALUES (
-95, -93, -1);
INSERT INTO ADM_ROLES_PERMISOS ( X_ROLES_PERMISOS, PER_X_PERMISO,
ROL_X_ROL ) VALUES (
-96, -94, -1);
INSERT INTO ADM_ROLES_PERMISOS ( X_ROLES_PERMISOS, PER_X_PERMISO,
ROL_X_ROL ) VALUES (
-97, -95, -1);
INSERT INTO ADM_ROLES_PERMISOS ( X_ROLES_PERMISOS, PER_X_PERMISO,
ROL_X_ROL ) VALUES (
-98, -96, -1);
INSERT INTO ADM_ROLES_PERMISOS ( X_ROLES_PERMISOS, PER_X_PERMISO,
ROL_X_ROL ) VALUES (
-99, -97, -1);
INSERT INTO ADM_ROLES_PERMISOS ( X_ROLES_PERMISOS, PER_X_PERMISO,
ROL_X_ROL ) VALUES (
-100, -98, -1);
INSERT INTO ADM_ROLES_PERMISOS ( X_ROLES_PERMISOS, PER_X_PERMISO,
ROL_X_ROL ) VALUES (
-101, -99, -1);
INSERT INTO ADM_ROLES_PERMISOS ( X_ROLES_PERMISOS, PER_X_PERMISO,
ROL_X_ROL ) VALUES (
-102, -100, -1);
INSERT INTO ADM_ROLES_PERMISOS ( X_ROLES_PERMISOS, PER_X_PERMISO,
ROL_X_ROL ) VALUES (
-103, -101, -1);
INSERT INTO ADM_ROLES_PERMISOS ( X_ROLES_PERMISOS, PER_X_PERMISO,
ROL_X_ROL ) VALUES (
-104, -102, -1);
INSERT INTO ADM_ROLES_PERMISOS ( X_ROLES_PERMISOS, PER_X_PERMISO,
ROL_X_ROL ) VALUES (
-105, -103, -1);
INSERT INTO ADM_ROLES_PERMISOS ( X_ROLES_PERMISOS, PER_X_PERMISO,
ROL_X_ROL ) VALUES (
-106, -104, -1);
INSERT INTO ADM_ROLES_PERMISOS ( X_ROLES_PERMISOS, PER_X_PERMISO,
ROL_X_ROL ) VALUES (
-107, -105, -1);
INSERT INTO ADM_ROLES_PERMISOS ( X_ROLES_PERMISOS, PER_X_PERMISO,
ROL_X_ROL ) VALUES (
-108, -106, -1);
INSERT INTO ADM_ROLES_PERMISOS ( X_ROLES_PERMISOS, PER_X_PERMISO,
ROL_X_ROL ) VALUES (
-109, -107, -1);
INSERT INTO ADM_ROLES_PERMISOS ( X_ROLES_PERMISOS, PER_X_PERMISO,
ROL_X_ROL ) VALUES (
-110, -108, -1);
INSERT INTO ADM_ROLES_PERMISOS ( X_ROLES_PERMISOS, PER_X_PERMISO,
ROL_X_ROL ) VALUES (
-111, -109, -1);
INSERT INTO ADM_ROLES_PERMISOS ( X_ROLES_PERMISOS, PER_X_PERMISO,
ROL_X_ROL ) VALUES (
-112, -110, -1);
INSERT INTO ADM_ROLES_PERMISOS ( X_ROLES_PERMISOS, PER_X_PERMISO,
ROL_X_ROL ) VALUES (
-113, -111, -1);
INSERT INTO ADM_ROLES_PERMISOS ( X_ROLES_PERMISOS, PER_X_PERMISO,
ROL_X_ROL ) VALUES (
-114, -112, -1);
INSERT INTO ADM_ROLES_PERMISOS ( X_ROLES_PERMISOS, PER_X_PERMISO,
ROL_X_ROL ) VALUES (
-115, -113, -1);
INSERT INTO ADM_ROLES_PERMISOS ( X_ROLES_PERMISOS, PER_X_PERMISO,
ROL_X_ROL ) VALUES (
-116, -114, -1);
INSERT INTO ADM_ROLES_PERMISOS ( X_ROLES_PERMISOS, PER_X_PERMISO,
ROL_X_ROL ) VALUES (
-117, -122, -1);
INSERT INTO ADM_ROLES_PERMISOS ( X_ROLES_PERMISOS, PER_X_PERMISO,
ROL_X_ROL ) VALUES (
-118, -123, -1);
INSERT INTO ADM_ROLES_PERMISOS ( X_ROLES_PERMISOS, PER_X_PERMISO,
ROL_X_ROL ) VALUES (
-119, -124, -1);
INSERT INTO ADM_ROLES_PERMISOS ( X_ROLES_PERMISOS, PER_X_PERMISO,
ROL_X_ROL ) VALUES (
-120, -125, -1);
INSERT INTO ADM_ROLES_PERMISOS ( X_ROLES_PERMISOS, PER_X_PERMISO,
ROL_X_ROL ) VALUES (
-121, -126, -1);
INSERT INTO ADM_ROLES_PERMISOS ( X_ROLES_PERMISOS, PER_X_PERMISO,
ROL_X_ROL ) VALUES (
-122, -127, -1);
INSERT INTO ADM_ROLES_PERMISOS ( X_ROLES_PERMISOS, PER_X_PERMISO,
ROL_X_ROL ) VALUES (
-123, -128, -1);
INSERT INTO ADM_ROLES_PERMISOS ( X_ROLES_PERMISOS, PER_X_PERMISO,
ROL_X_ROL ) VALUES (
-124, -129, -1);
INSERT INTO ADM_ROLES_PERMISOS ( X_ROLES_PERMISOS, PER_X_PERMISO,
ROL_X_ROL ) VALUES (
-125, -130, -1);
INSERT INTO ADM_ROLES_PERMISOS ( X_ROLES_PERMISOS, PER_X_PERMISO,
ROL_X_ROL ) VALUES (
-126, -131, -1);
INSERT INTO ADM_ROLES_PERMISOS ( X_ROLES_PERMISOS, PER_X_PERMISO,
ROL_X_ROL ) VALUES (
-127, -132, -1);
INSERT INTO ADM_ROLES_PERMISOS ( X_ROLES_PERMISOS, PER_X_PERMISO,
ROL_X_ROL ) VALUES (
-128, -133, -1);
INSERT INTO ADM_ROLES_PERMISOS ( X_ROLES_PERMISOS, PER_X_PERMISO,
ROL_X_ROL ) VALUES (
-129, -134, -1);
INSERT INTO ADM_ROLES_PERMISOS ( X_ROLES_PERMISOS, PER_X_PERMISO,
ROL_X_ROL ) VALUES (
-130, -135, -1);
INSERT INTO ADM_ROLES_PERMISOS ( X_ROLES_PERMISOS, PER_X_PERMISO,
ROL_X_ROL ) VALUES (
-131, -136, -1);
INSERT INTO ADM_ROLES_PERMISOS ( X_ROLES_PERMISOS, PER_X_PERMISO,
ROL_X_ROL ) VALUES (
-132, -137, -1);
INSERT INTO ADM_ROLES_PERMISOS ( X_ROLES_PERMISOS, PER_X_PERMISO,
ROL_X_ROL ) VALUES (
-133, -138, -1);
INSERT INTO ADM_ROLES_PERMISOS ( X_ROLES_PERMISOS, PER_X_PERMISO,
ROL_X_ROL ) VALUES (
-134, -139, -1);
INSERT INTO ADM_ROLES_PERMISOS ( X_ROLES_PERMISOS, PER_X_PERMISO,
ROL_X_ROL ) VALUES (
-135, -140, -1);
INSERT INTO ADM_ROLES_PERMISOS ( X_ROLES_PERMISOS, PER_X_PERMISO,
ROL_X_ROL ) VALUES (
-136, -115, -2);
INSERT INTO ADM_ROLES_PERMISOS ( X_ROLES_PERMISOS, PER_X_PERMISO,
ROL_X_ROL ) VALUES (
-137, -116, -2);
INSERT INTO ADM_ROLES_PERMISOS ( X_ROLES_PERMISOS, PER_X_PERMISO,
ROL_X_ROL ) VALUES (
-138, -120, -2);
INSERT INTO ADM_ROLES_PERMISOS ( X_ROLES_PERMISOS, PER_X_PERMISO,
ROL_X_ROL ) VALUES (
-139, -124, -2);
INSERT INTO ADM_ROLES_PERMISOS ( X_ROLES_PERMISOS, PER_X_PERMISO,
ROL_X_ROL ) VALUES (
-140, -128, -2);
INSERT INTO ADM_ROLES_PERMISOS ( X_ROLES_PERMISOS, PER_X_PERMISO,
ROL_X_ROL ) VALUES (
-141, -129, -2);
INSERT INTO ADM_ROLES_PERMISOS ( X_ROLES_PERMISOS, PER_X_PERMISO,
ROL_X_ROL ) VALUES (
-142, -133, -2);
INSERT INTO ADM_ROLES_PERMISOS ( X_ROLES_PERMISOS, PER_X_PERMISO,
ROL_X_ROL ) VALUES (
-143, -134, -2);
INSERT INTO ADM_ROLES_PERMISOS ( X_ROLES_PERMISOS, PER_X_PERMISO,
ROL_X_ROL ) VALUES (
-144, -115, -3);
INSERT INTO ADM_ROLES_PERMISOS ( X_ROLES_PERMISOS, PER_X_PERMISO,
ROL_X_ROL ) VALUES (
-145, -116, -3);
INSERT INTO ADM_ROLES_PERMISOS ( X_ROLES_PERMISOS, PER_X_PERMISO,
ROL_X_ROL ) VALUES (
-146, -118, -3);
INSERT INTO ADM_ROLES_PERMISOS ( X_ROLES_PERMISOS, PER_X_PERMISO,
ROL_X_ROL ) VALUES (
-147, -120, -3);
INSERT INTO ADM_ROLES_PERMISOS ( X_ROLES_PERMISOS, PER_X_PERMISO,
ROL_X_ROL ) VALUES (
-148, -122, -3);
INSERT INTO ADM_ROLES_PERMISOS ( X_ROLES_PERMISOS, PER_X_PERMISO,
ROL_X_ROL ) VALUES (
-149, -124, -3);
INSERT INTO ADM_ROLES_PERMISOS ( X_ROLES_PERMISOS, PER_X_PERMISO,
ROL_X_ROL ) VALUES (
-150, -126, -3);
INSERT INTO ADM_ROLES_PERMISOS ( X_ROLES_PERMISOS, PER_X_PERMISO,
ROL_X_ROL ) VALUES (
-151, -128, -3);
INSERT INTO ADM_ROLES_PERMISOS ( X_ROLES_PERMISOS, PER_X_PERMISO,
ROL_X_ROL ) VALUES (
-152, -129, -3);
INSERT INTO ADM_ROLES_PERMISOS ( X_ROLES_PERMISOS, PER_X_PERMISO,
ROL_X_ROL ) VALUES (
-153, -131, -3);
INSERT INTO ADM_ROLES_PERMISOS ( X_ROLES_PERMISOS, PER_X_PERMISO,
ROL_X_ROL ) VALUES (
-154, -133, -3);
INSERT INTO ADM_ROLES_PERMISOS ( X_ROLES_PERMISOS, PER_X_PERMISO,
ROL_X_ROL ) VALUES (
-155, -134, -3);
INSERT INTO ADM_ROLES_PERMISOS ( X_ROLES_PERMISOS, PER_X_PERMISO,
ROL_X_ROL ) VALUES (
-156, -136, -3);
INSERT INTO ADM_ROLES_PERMISOS ( X_ROLES_PERMISOS, PER_X_PERMISO,
ROL_X_ROL ) VALUES (
-157, -141, -1);
INSERT INTO ADM_ROLES_PERMISOS ( X_ROLES_PERMISOS, PER_X_PERMISO,
ROL_X_ROL ) VALUES (
-158, -121, -1);
INSERT INTO ADM_ROLES_PERMISOS ( X_ROLES_PERMISOS, PER_X_PERMISO,
ROL_X_ROL ) VALUES (
-159, -117, -1);
INSERT INTO ADM_ROLES_PERMISOS ( X_ROLES_PERMISOS, PER_X_PERMISO,
ROL_X_ROL ) VALUES (
-160, -119, -1);
INSERT INTO ADM_ROLES_PERMISOS ( X_ROLES_PERMISOS, PER_X_PERMISO,
ROL_X_ROL ) VALUES (
-161, -115, -1);
INSERT INTO ADM_ROLES_PERMISOS ( X_ROLES_PERMISOS, PER_X_PERMISO,
ROL_X_ROL ) VALUES (
-162, -118, -1);
INSERT INTO ADM_ROLES_PERMISOS ( X_ROLES_PERMISOS, PER_X_PERMISO,
ROL_X_ROL ) VALUES (
-163, -120, -1);
INSERT INTO ADM_ROLES_PERMISOS ( X_ROLES_PERMISOS, PER_X_PERMISO,
ROL_X_ROL ) VALUES (
-164, -116, -1);
INSERT INTO ADM_ROLES_PERMISOS ( X_ROLES_PERMISOS, PER_X_PERMISO,
ROL_X_ROL ) VALUES (
-165, -12, -1);
INSERT INTO ADM_ROLES_PERMISOS ( X_ROLES_PERMISOS, PER_X_PERMISO,
ROL_X_ROL ) VALUES (
-166, -10, -1);
INSERT INTO ADM_ROLES_PERMISOS ( X_ROLES_PERMISOS, PER_X_PERMISO,
ROL_X_ROL ) VALUES (
-167, -14, -1);
INSERT INTO ADM_ROLES_PERMISOS ( X_ROLES_PERMISOS, PER_X_PERMISO,
ROL_X_ROL ) VALUES (
-168, -9, -1);
INSERT INTO ADM_ROLES_PERMISOS ( X_ROLES_PERMISOS, PER_X_PERMISO,
ROL_X_ROL ) VALUES (
-169, -13, -1);
INSERT INTO ADM_ROLES_PERMISOS ( X_ROLES_PERMISOS, PER_X_PERMISO,
ROL_X_ROL ) VALUES (
-170, -8, -1);
INSERT INTO ADM_ROLES_PERMISOS ( X_ROLES_PERMISOS, PER_X_PERMISO,
ROL_X_ROL ) VALUES (
-171, -11, -1);
INSERT INTO ADM_ROLES_PERMISOS ( X_ROLES_PERMISOS, PER_X_PERMISO,
ROL_X_ROL ) VALUES (
-172, -143, -1);
INSERT INTO ADM_ROLES_PERMISOS ( X_ROLES_PERMISOS, PER_X_PERMISO,
ROL_X_ROL ) VALUES (
-173, -143, -1);
INSERT INTO ADM_ROLES_PERMISOS ( X_ROLES_PERMISOS, PER_X_PERMISO,
ROL_X_ROL ) VALUES (
-174, -144, -1);
INSERT INTO ADM_ROLES_PERMISOS ( X_ROLES_PERMISOS, PER_X_PERMISO,
ROL_X_ROL ) VALUES (
-175, -144, -1);
INSERT INTO ADM_ROLES_PERMISOS ( X_ROLES_PERMISOS, PER_X_PERMISO,
ROL_X_ROL ) VALUES (
-176, -145, -1);
INSERT INTO ADM_ROLES_PERMISOS ( X_ROLES_PERMISOS, PER_X_PERMISO,
ROL_X_ROL ) VALUES (
-177, -146, -1);
INSERT INTO ADM_ROLES_PERMISOS ( X_ROLES_PERMISOS, PER_X_PERMISO,
ROL_X_ROL ) VALUES (
-178, -147, -1);
INSERT INTO ADM_ROLES_PERMISOS ( X_ROLES_PERMISOS, PER_X_PERMISO,
ROL_X_ROL ) VALUES (
-179, -148, -1);
INSERT INTO ADM_ROLES_PERMISOS ( X_ROLES_PERMISOS, PER_X_PERMISO,
ROL_X_ROL ) VALUES (
-180, -149, -1);
INSERT INTO ADM_ROLES_PERMISOS ( X_ROLES_PERMISOS, PER_X_PERMISO,
ROL_X_ROL ) VALUES (
-181, -150, -1);
INSERT INTO ADM_ROLES_PERMISOS ( X_ROLES_PERMISOS, PER_X_PERMISO,
ROL_X_ROL ) VALUES (
-182, -151, -1);
INSERT INTO ADM_ROLES_PERMISOS ( X_ROLES_PERMISOS, PER_X_PERMISO,
ROL_X_ROL ) VALUES (
-183, -152, -1);
INSERT INTO ADM_ROLES_PERMISOS ( X_ROLES_PERMISOS, PER_X_PERMISO,
ROL_X_ROL ) VALUES (
-184, -153, -1);
INSERT INTO ADM_ROLES_PERMISOS ( X_ROLES_PERMISOS, PER_X_PERMISO,
ROL_X_ROL ) VALUES (
-185, -154, -1);
INSERT INTO ADM_ROLES_PERMISOS ( X_ROLES_PERMISOS, PER_X_PERMISO,
ROL_X_ROL ) VALUES (
-186, -155, -1);
INSERT INTO ADM_ROLES_PERMISOS ( X_ROLES_PERMISOS, PER_X_PERMISO,
ROL_X_ROL ) VALUES (
-187, -156, -1);
INSERT INTO ADM_ROLES_PERMISOS ( X_ROLES_PERMISOS, PER_X_PERMISO,
ROL_X_ROL ) VALUES (
-188, -5, -2);
INSERT INTO ADM_ROLES_PERMISOS ( X_ROLES_PERMISOS, PER_X_PERMISO,
ROL_X_ROL ) VALUES (
-189, -6, -2);
INSERT INTO ADM_ROLES_PERMISOS ( X_ROLES_PERMISOS, PER_X_PERMISO,
ROL_X_ROL ) VALUES (
-190, -19, -2);
INSERT INTO ADM_ROLES_PERMISOS ( X_ROLES_PERMISOS, PER_X_PERMISO,
ROL_X_ROL ) VALUES (
-191, -20, -2);
INSERT INTO ADM_ROLES_PERMISOS ( X_ROLES_PERMISOS, PER_X_PERMISO,
ROL_X_ROL ) VALUES (
-192, -22, -2);
INSERT INTO ADM_ROLES_PERMISOS ( X_ROLES_PERMISOS, PER_X_PERMISO,
ROL_X_ROL ) VALUES (
-193, -23, -2);
INSERT INTO ADM_ROLES_PERMISOS ( X_ROLES_PERMISOS, PER_X_PERMISO,
ROL_X_ROL ) VALUES (
-194, -26, -2);
INSERT INTO ADM_ROLES_PERMISOS ( X_ROLES_PERMISOS, PER_X_PERMISO,
ROL_X_ROL ) VALUES (
-195, -27, -2);
INSERT INTO ADM_ROLES_PERMISOS ( X_ROLES_PERMISOS, PER_X_PERMISO,
ROL_X_ROL ) VALUES (
-196, -29, -2);
INSERT INTO ADM_ROLES_PERMISOS ( X_ROLES_PERMISOS, PER_X_PERMISO,
ROL_X_ROL ) VALUES (
-197, -32, -2);
INSERT INTO ADM_ROLES_PERMISOS ( X_ROLES_PERMISOS, PER_X_PERMISO,
ROL_X_ROL ) VALUES (
-198, -35, -2);
INSERT INTO ADM_ROLES_PERMISOS ( X_ROLES_PERMISOS, PER_X_PERMISO,
ROL_X_ROL ) VALUES (
-199, -39, -2);
INSERT INTO ADM_ROLES_PERMISOS ( X_ROLES_PERMISOS, PER_X_PERMISO,
ROL_X_ROL ) VALUES (
-200, -42, -2);
INSERT INTO ADM_ROLES_PERMISOS ( X_ROLES_PERMISOS, PER_X_PERMISO,
ROL_X_ROL ) VALUES (
-201, -46, -2);
INSERT INTO ADM_ROLES_PERMISOS ( X_ROLES_PERMISOS, PER_X_PERMISO,
ROL_X_ROL ) VALUES (
-202, -50, -2);
INSERT INTO ADM_ROLES_PERMISOS ( X_ROLES_PERMISOS, PER_X_PERMISO,
ROL_X_ROL ) VALUES (
-203, -51, -2);
INSERT INTO ADM_ROLES_PERMISOS ( X_ROLES_PERMISOS, PER_X_PERMISO,
ROL_X_ROL ) VALUES (
-204, -67, -2);
INSERT INTO ADM_ROLES_PERMISOS ( X_ROLES_PERMISOS, PER_X_PERMISO,
ROL_X_ROL ) VALUES (
-205, -72, -2);
INSERT INTO ADM_ROLES_PERMISOS ( X_ROLES_PERMISOS, PER_X_PERMISO,
ROL_X_ROL ) VALUES (
-206, -74, -2);
INSERT INTO ADM_ROLES_PERMISOS ( X_ROLES_PERMISOS, PER_X_PERMISO,
ROL_X_ROL ) VALUES (
-207, -86, -2);
INSERT INTO ADM_ROLES_PERMISOS ( X_ROLES_PERMISOS, PER_X_PERMISO,
ROL_X_ROL ) VALUES (
-208, -89, -2);
INSERT INTO ADM_ROLES_PERMISOS ( X_ROLES_PERMISOS, PER_X_PERMISO,
ROL_X_ROL ) VALUES (
-209, -90, -2);
INSERT INTO ADM_ROLES_PERMISOS ( X_ROLES_PERMISOS, PER_X_PERMISO,
ROL_X_ROL ) VALUES (
-210, -91, -2);
INSERT INTO ADM_ROLES_PERMISOS ( X_ROLES_PERMISOS, PER_X_PERMISO,
ROL_X_ROL ) VALUES (
-211, -93, -2);
INSERT INTO ADM_ROLES_PERMISOS ( X_ROLES_PERMISOS, PER_X_PERMISO,
ROL_X_ROL ) VALUES (
-212, -96, -2);
INSERT INTO ADM_ROLES_PERMISOS ( X_ROLES_PERMISOS, PER_X_PERMISO,
ROL_X_ROL ) VALUES (
-213, -99, -2);
INSERT INTO ADM_ROLES_PERMISOS ( X_ROLES_PERMISOS, PER_X_PERMISO,
ROL_X_ROL ) VALUES (
-214, -102, -2);
INSERT INTO ADM_ROLES_PERMISOS ( X_ROLES_PERMISOS, PER_X_PERMISO,
ROL_X_ROL ) VALUES (
-215, -106, -2);
INSERT INTO ADM_ROLES_PERMISOS ( X_ROLES_PERMISOS, PER_X_PERMISO,
ROL_X_ROL ) VALUES (
-216, -108, -2);
INSERT INTO ADM_ROLES_PERMISOS ( X_ROLES_PERMISOS, PER_X_PERMISO,
ROL_X_ROL ) VALUES (
-217, -111, -2);
INSERT INTO ADM_ROLES_PERMISOS ( X_ROLES_PERMISOS, PER_X_PERMISO,
ROL_X_ROL ) VALUES (
-218, -113, -2);
INSERT INTO ADM_ROLES_PERMISOS ( X_ROLES_PERMISOS, PER_X_PERMISO,
ROL_X_ROL ) VALUES (
-219, -157, -1);
INSERT INTO ADM_ROLES_PERMISOS ( X_ROLES_PERMISOS, PER_X_PERMISO,
ROL_X_ROL ) VALUES (
-220, -158, -1);
INSERT INTO ADM_ROLES_PERMISOS ( X_ROLES_PERMISOS, PER_X_PERMISO,
ROL_X_ROL ) VALUES (
-221, -159, -1);
INSERT INTO ADM_ROLES_PERMISOS ( X_ROLES_PERMISOS, PER_X_PERMISO,
ROL_X_ROL ) VALUES (
-222, -160, -1);
INSERT INTO ADM_ROLES_PERMISOS ( X_ROLES_PERMISOS, PER_X_PERMISO,
ROL_X_ROL ) VALUES (
-223, -161, -1);
INSERT INTO ADM_ROLES_PERMISOS ( X_ROLES_PERMISOS, PER_X_PERMISO,
ROL_X_ROL ) VALUES (
-224, -162, -1);
INSERT INTO ADM_ROLES_PERMISOS ( X_ROLES_PERMISOS, PER_X_PERMISO,
ROL_X_ROL ) VALUES (
-225, -163, -1);
INSERT INTO ADM_ROLES_PERMISOS ( X_ROLES_PERMISOS, PER_X_PERMISO,
ROL_X_ROL ) VALUES (
-226, -164, -1);
INSERT INTO ADM_ROLES_PERMISOS ( X_ROLES_PERMISOS, PER_X_PERMISO,
ROL_X_ROL ) VALUES (
-227, -165, -1);
INSERT INTO ADM_ROLES_PERMISOS ( X_ROLES_PERMISOS, PER_X_PERMISO,
ROL_X_ROL ) VALUES (
-228, -166, -1);
INSERT INTO ADM_ROLES_PERMISOS ( X_ROLES_PERMISOS, PER_X_PERMISO,
ROL_X_ROL ) VALUES (
-229, -150, -2);
INSERT INTO ADM_ROLES_PERMISOS ( X_ROLES_PERMISOS, PER_X_PERMISO,
ROL_X_ROL ) VALUES (
-230, -151, -2);
INSERT INTO ADM_ROLES_PERMISOS ( X_ROLES_PERMISOS, PER_X_PERMISO,
ROL_X_ROL ) VALUES (
-231, -155, -2);
INSERT INTO ADM_ROLES_PERMISOS ( X_ROLES_PERMISOS, PER_X_PERMISO,
ROL_X_ROL ) VALUES (
-232, -156, -2);
INSERT INTO ADM_ROLES_PERMISOS ( X_ROLES_PERMISOS, PER_X_PERMISO,
ROL_X_ROL ) VALUES (
-233, -160, -2);
INSERT INTO ADM_ROLES_PERMISOS ( X_ROLES_PERMISOS, PER_X_PERMISO,
ROL_X_ROL ) VALUES (
-234, -161, -2);
INSERT INTO ADM_ROLES_PERMISOS ( X_ROLES_PERMISOS, PER_X_PERMISO,
ROL_X_ROL ) VALUES (
-235, -165, -2);
INSERT INTO ADM_ROLES_PERMISOS ( X_ROLES_PERMISOS, PER_X_PERMISO,
ROL_X_ROL ) VALUES (
-236, -166, -2);
INSERT INTO ADM_ROLES_PERMISOS ( X_ROLES_PERMISOS, PER_X_PERMISO,
ROL_X_ROL ) VALUES (
-237, -167, -1);
INSERT INTO ADM_ROLES_PERMISOS ( X_ROLES_PERMISOS, PER_X_PERMISO,
ROL_X_ROL ) VALUES (
-238, -168, -1);
INSERT INTO ADM_ROLES_PERMISOS ( X_ROLES_PERMISOS, PER_X_PERMISO,
ROL_X_ROL ) VALUES (
-239, -169, -1);
INSERT INTO ADM_ROLES_PERMISOS ( X_ROLES_PERMISOS, PER_X_PERMISO,
ROL_X_ROL ) VALUES (
-240, -170, -1);
INSERT INTO ADM_ROLES_PERMISOS ( X_ROLES_PERMISOS, PER_X_PERMISO,
ROL_X_ROL ) VALUES (
-241, -170, -2);
INSERT INTO ADM_ROLES_PERMISOS ( X_ROLES_PERMISOS, PER_X_PERMISO,
ROL_X_ROL ) VALUES (
-242, -39, -2);
INSERT INTO ADM_ROLES_PERMISOS ( X_ROLES_PERMISOS, PER_X_PERMISO,
ROL_X_ROL ) VALUES (
-243, -171, -1);
INSERT INTO ADM_ROLES_PERMISOS ( X_ROLES_PERMISOS, PER_X_PERMISO,
ROL_X_ROL ) VALUES (
-244, -172, -1);
INSERT INTO ADM_ROLES_PERMISOS ( X_ROLES_PERMISOS, PER_X_PERMISO,
ROL_X_ROL ) VALUES (
-245, -172, -2);
INSERT INTO ADM_ROLES_PERMISOS ( X_ROLES_PERMISOS, PER_X_PERMISO,
ROL_X_ROL ) VALUES (
-246, -173, -1);
INSERT INTO ADM_ROLES_PERMISOS ( X_ROLES_PERMISOS, PER_X_PERMISO,
ROL_X_ROL ) VALUES (
-247, -174, -1);
INSERT INTO ADM_ROLES_PERMISOS ( X_ROLES_PERMISOS, PER_X_PERMISO,
ROL_X_ROL ) VALUES (
-248, -175, -1);
INSERT INTO ADM_ROLES_PERMISOS ( X_ROLES_PERMISOS, PER_X_PERMISO,
ROL_X_ROL ) VALUES (
-249, -176, -1);
INSERT INTO ADM_ROLES_PERMISOS ( X_ROLES_PERMISOS, PER_X_PERMISO,
ROL_X_ROL ) VALUES (
-250, -177, -1);
INSERT INTO ADM_ROLES_PERMISOS ( X_ROLES_PERMISOS, PER_X_PERMISO,
ROL_X_ROL ) VALUES (
-251, -178, -1);
INSERT INTO ADM_ROLES_PERMISOS ( X_ROLES_PERMISOS, PER_X_PERMISO,
ROL_X_ROL ) VALUES (
-252, -182, -1);
INSERT INTO ADM_ROLES_PERMISOS ( X_ROLES_PERMISOS, PER_X_PERMISO,
ROL_X_ROL ) VALUES (
-253, -183, -1);
INSERT INTO ADM_ROLES_PERMISOS ( X_ROLES_PERMISOS, PER_X_PERMISO,
ROL_X_ROL ) VALUES (
-254, -184, -1);
INSERT INTO ADM_ROLES_PERMISOS ( X_ROLES_PERMISOS, PER_X_PERMISO,
ROL_X_ROL ) VALUES (
-255, -185, -1);
INSERT INTO ADM_ROLES_PERMISOS ( X_ROLES_PERMISOS, PER_X_PERMISO,
ROL_X_ROL ) VALUES (
-256, -185, -2);
INSERT INTO ADM_ROLES_PERMISOS ( X_ROLES_PERMISOS, PER_X_PERMISO,
ROL_X_ROL ) VALUES (
-257, -186, -1);
INSERT INTO ADM_ROLES_PERMISOS ( X_ROLES_PERMISOS, PER_X_PERMISO,
ROL_X_ROL ) VALUES (
-1010, -1007, -2);
INSERT INTO ADM_ROLES_PERMISOS ( X_ROLES_PERMISOS, PER_X_PERMISO,
ROL_X_ROL ) VALUES (
-1011, -1008, -1);
INSERT INTO ADM_ROLES_PERMISOS ( X_ROLES_PERMISOS, PER_X_PERMISO,
ROL_X_ROL ) VALUES (
-1012, -1009, -1);
INSERT INTO ADM_ROLES_PERMISOS ( X_ROLES_PERMISOS, PER_X_PERMISO,
ROL_X_ROL ) VALUES (
-1013, -1010, -1);
INSERT INTO ADM_ROLES_PERMISOS ( X_ROLES_PERMISOS, PER_X_PERMISO,
ROL_X_ROL ) VALUES (
-1014, -1008, -2);
INSERT INTO ADM_ROLES_PERMISOS ( X_ROLES_PERMISOS, PER_X_PERMISO,
ROL_X_ROL ) VALUES (
-1015, -1011, -1);
INSERT INTO ADM_ROLES_PERMISOS ( X_ROLES_PERMISOS, PER_X_PERMISO,
ROL_X_ROL ) VALUES (
-1016, -1012, -1);
INSERT INTO ADM_ROLES_PERMISOS ( X_ROLES_PERMISOS, PER_X_PERMISO,
ROL_X_ROL ) VALUES (
-1017, -1013, -1);
INSERT INTO ADM_ROLES_PERMISOS ( X_ROLES_PERMISOS, PER_X_PERMISO,
ROL_X_ROL ) VALUES (
-1018, -1014, -1);
INSERT INTO ADM_ROLES_PERMISOS ( X_ROLES_PERMISOS, PER_X_PERMISO,
ROL_X_ROL ) VALUES (
-1019, -1015, -1);
INSERT INTO ADM_ROLES_PERMISOS ( X_ROLES_PERMISOS, PER_X_PERMISO,
ROL_X_ROL ) VALUES (
-1020, -1016, -1);
INSERT INTO ADM_ROLES_PERMISOS ( X_ROLES_PERMISOS, PER_X_PERMISO,
ROL_X_ROL ) VALUES (
-1021, -1012, -2);
INSERT INTO ADM_ROLES_PERMISOS ( X_ROLES_PERMISOS, PER_X_PERMISO,
ROL_X_ROL ) VALUES (
-1022, -1013, -2);
INSERT INTO ADM_ROLES_PERMISOS ( X_ROLES_PERMISOS, PER_X_PERMISO,
ROL_X_ROL ) VALUES (
-1023, -1012, -3);
INSERT INTO ADM_ROLES_PERMISOS ( X_ROLES_PERMISOS, PER_X_PERMISO,
ROL_X_ROL ) VALUES (
-1024, -1013, -3);
INSERT INTO ADM_ROLES_PERMISOS ( X_ROLES_PERMISOS, PER_X_PERMISO,
ROL_X_ROL ) VALUES (
-1025, -1015, -1);
INSERT INTO ADM_ROLES_PERMISOS ( X_ROLES_PERMISOS, PER_X_PERMISO,
ROL_X_ROL ) VALUES (
-1026, -1017, -1);
INSERT INTO ADM_ROLES_PERMISOS ( X_ROLES_PERMISOS, PER_X_PERMISO,
ROL_X_ROL ) VALUES (
-1027, -1018, -1);
INSERT INTO ADM_ROLES_PERMISOS ( X_ROLES_PERMISOS, PER_X_PERMISO,
ROL_X_ROL ) VALUES (
-1028, -1019, -1);
INSERT INTO ADM_ROLES_PERMISOS ( X_ROLES_PERMISOS, PER_X_PERMISO,
ROL_X_ROL ) VALUES (
-1029, -1020, -1);
INSERT INTO ADM_ROLES_PERMISOS ( X_ROLES_PERMISOS, PER_X_PERMISO,
ROL_X_ROL ) VALUES (
-1030, -1021, -1);
INSERT INTO ADM_ROLES_PERMISOS ( X_ROLES_PERMISOS, PER_X_PERMISO,
ROL_X_ROL ) VALUES (
-1031, -1022, -1);
INSERT INTO ADM_ROLES_PERMISOS ( X_ROLES_PERMISOS, PER_X_PERMISO,
ROL_X_ROL ) VALUES (
-1032, -1023, -1);
INSERT INTO ADM_ROLES_PERMISOS ( X_ROLES_PERMISOS, PER_X_PERMISO,
ROL_X_ROL ) VALUES (
-1033, -1024, -1);
INSERT INTO ADM_ROLES_PERMISOS ( X_ROLES_PERMISOS, PER_X_PERMISO,
ROL_X_ROL ) VALUES (
-1034, -1018, -2);
INSERT INTO ADM_ROLES_PERMISOS ( X_ROLES_PERMISOS, PER_X_PERMISO,
ROL_X_ROL ) VALUES (
-1035, -1020, -2);
INSERT INTO ADM_ROLES_PERMISOS ( X_ROLES_PERMISOS, PER_X_PERMISO,
ROL_X_ROL ) VALUES (
-1036, -1017, -3);
INSERT INTO ADM_ROLES_PERMISOS ( X_ROLES_PERMISOS, PER_X_PERMISO,
ROL_X_ROL ) VALUES (
-1037, -1019, -3);
INSERT INTO ADM_ROLES_PERMISOS ( X_ROLES_PERMISOS, PER_X_PERMISO,
ROL_X_ROL ) VALUES (
-1038, -1022, -3);
INSERT INTO ADM_ROLES_PERMISOS ( X_ROLES_PERMISOS, PER_X_PERMISO,
ROL_X_ROL ) VALUES (
-1039, -1023, -3);
INSERT INTO ADM_ROLES_PERMISOS ( X_ROLES_PERMISOS, PER_X_PERMISO,
ROL_X_ROL ) VALUES (
-1040, -1025, -1);
INSERT INTO ADM_ROLES_PERMISOS ( X_ROLES_PERMISOS, PER_X_PERMISO,
ROL_X_ROL ) VALUES (
-1041, -1025, -3);
INSERT INTO ADM_ROLES_PERMISOS ( X_ROLES_PERMISOS, PER_X_PERMISO,
ROL_X_ROL ) VALUES (
-1042, -1026, -1);
INSERT INTO ADM_ROLES_PERMISOS ( X_ROLES_PERMISOS, PER_X_PERMISO,
ROL_X_ROL ) VALUES (
-1043, -1027, -1);
INSERT INTO ADM_ROLES_PERMISOS ( X_ROLES_PERMISOS, PER_X_PERMISO,
ROL_X_ROL ) VALUES (
-1044, -1027, -2);
INSERT INTO ADM_ROLES_PERMISOS ( X_ROLES_PERMISOS, PER_X_PERMISO,
ROL_X_ROL ) VALUES (
-1045, -1028, -1);
INSERT INTO ADM_ROLES_PERMISOS ( X_ROLES_PERMISOS, PER_X_PERMISO,
ROL_X_ROL ) VALUES (
-1046, -1029, -1);
INSERT INTO ADM_ROLES_PERMISOS ( X_ROLES_PERMISOS, PER_X_PERMISO,
ROL_X_ROL ) VALUES (
-1047, -1029, -2);
INSERT INTO ADM_ROLES_PERMISOS ( X_ROLES_PERMISOS, PER_X_PERMISO,
ROL_X_ROL ) VALUES (
-1048, -1029, -1);
INSERT INTO ADM_ROLES_PERMISOS ( X_ROLES_PERMISOS, PER_X_PERMISO,
ROL_X_ROL ) VALUES (
-1049, -1030, -2);
INSERT INTO ADM_ROLES_PERMISOS ( X_ROLES_PERMISOS, PER_X_PERMISO,
ROL_X_ROL ) VALUES (
-1050, -1030, -1);
INSERT INTO ADM_ROLES_PERMISOS ( X_ROLES_PERMISOS, PER_X_PERMISO,
ROL_X_ROL ) VALUES (
-1051, -1031, -2);
INSERT INTO ADM_ROLES_PERMISOS ( X_ROLES_PERMISOS, PER_X_PERMISO,
ROL_X_ROL ) VALUES (
-1052, -1031, -1);
INSERT INTO ADM_ROLES_PERMISOS ( X_ROLES_PERMISOS, PER_X_PERMISO,
ROL_X_ROL ) VALUES (
-1053, -1032, -2);
INSERT INTO ADM_ROLES_PERMISOS ( X_ROLES_PERMISOS, PER_X_PERMISO,
ROL_X_ROL ) VALUES (
-1054, -1032, -1);
INSERT INTO ADM_ROLES_PERMISOS ( X_ROLES_PERMISOS, PER_X_PERMISO,
ROL_X_ROL ) VALUES (
-1055, -1033, -1);
INSERT INTO ADM_ROLES_PERMISOS ( X_ROLES_PERMISOS, PER_X_PERMISO,
ROL_X_ROL ) VALUES (
-1056, -1034, -1);
INSERT INTO ADM_ROLES_PERMISOS ( X_ROLES_PERMISOS, PER_X_PERMISO,
ROL_X_ROL ) VALUES (
-1057, -1035, -1);
INSERT INTO ADM_ROLES_PERMISOS ( X_ROLES_PERMISOS, PER_X_PERMISO,
ROL_X_ROL ) VALUES (
-1058, -1033, -2);
INSERT INTO ADM_ROLES_PERMISOS ( X_ROLES_PERMISOS, PER_X_PERMISO,
ROL_X_ROL ) VALUES (
-1060, -1027, -2);
INSERT INTO ADM_ROLES_PERMISOS ( X_ROLES_PERMISOS, PER_X_PERMISO,
ROL_X_ROL ) VALUES (
-1061, -1038, -1);
INSERT INTO ADM_ROLES_PERMISOS ( X_ROLES_PERMISOS, PER_X_PERMISO,
ROL_X_ROL ) VALUES (
-1062, -1036, -1);
INSERT INTO ADM_ROLES_PERMISOS ( X_ROLES_PERMISOS, PER_X_PERMISO,
ROL_X_ROL ) VALUES (
-1063, -1037, -1);
INSERT INTO ADM_ROLES_PERMISOS ( X_ROLES_PERMISOS, PER_X_PERMISO,
ROL_X_ROL ) VALUES (
-1064, -142, -1);
INSERT INTO ADM_ROLES_PERMISOS ( X_ROLES_PERMISOS, PER_X_PERMISO,
ROL_X_ROL ) VALUES (
-1065, -142, -2);
commit;

INSERT INTO ADM_TIPOS_BIBLIOTECA ( X_TIPO_BIBLIOTECA, C_TIPO_BIBLIOTECA,
T_TIPO_BIBLIOTECA ) VALUES (
-1, 'G', 'Grupo de Bibliotecas');
INSERT INTO ADM_TIPOS_BIBLIOTECA ( X_TIPO_BIBLIOTECA, C_TIPO_BIBLIOTECA,
T_TIPO_BIBLIOTECA ) VALUES (
-2, 'B', 'Biblioteca');
INSERT INTO ADM_TIPOS_BIBLIOTECA ( X_TIPO_BIBLIOTECA, C_TIPO_BIBLIOTECA,
T_TIPO_BIBLIOTECA ) VALUES (
-3, 'S', 'Sucursal');
commit;

INSERT INTO ADM_TIPOS_CODIGOS ( X_TIPO_CODIGO, C_TIPO_CODIGO,
T_TIPO_CODIGO ) VALUES (
-1, 'B', '#tipoCodigo.biblioteca');
INSERT INTO ADM_TIPOS_CODIGOS ( X_TIPO_CODIGO, C_TIPO_CODIGO,
T_TIPO_CODIGO ) VALUES (
-2, 'E', '#tipoCodigo.ejemplar');
INSERT INTO ADM_TIPOS_CODIGOS ( X_TIPO_CODIGO, C_TIPO_CODIGO,
T_TIPO_CODIGO ) VALUES (
-3, 'L', '#tipoCodigo.lector');
commit;

INSERT INTO ADM_TIPOS_IDENTIFICACION ( X_TIPO_IDENTIFICACION, C_TIPO_IDENTIFICACION,
T_TIPO_IDENTIFICACION ) VALUES (
-1, 'Pasaporte', 'Documento de validez internacional');
INSERT INTO ADM_TIPOS_IDENTIFICACION ( X_TIPO_IDENTIFICACION, C_TIPO_IDENTIFICACION,
T_TIPO_IDENTIFICACION ) VALUES (
-2, 'NIE', 'Tarjeta de Extranjeria');
INSERT INTO ADM_TIPOS_IDENTIFICACION ( X_TIPO_IDENTIFICACION, C_TIPO_IDENTIFICACION,
T_TIPO_IDENTIFICACION ) VALUES (
-3, 'NIF', 'Numero de Identificacion Fiscal');
INSERT INTO ADM_TIPOS_IDENTIFICACION ( X_TIPO_IDENTIFICACION, C_TIPO_IDENTIFICACION,
T_TIPO_IDENTIFICACION ) VALUES (
-4, 'CIF', 'Codigo de Identificacion Fiscal');
commit;

INSERT INTO ADM_TIPOS_PERMISO ( X_TIPO_PERMISO, C_TIPO_PERMISO,
T_TIPO_PERMISO ) VALUES (
-1, 'Listar', 'Permite listar');
INSERT INTO ADM_TIPOS_PERMISO ( X_TIPO_PERMISO, C_TIPO_PERMISO,
T_TIPO_PERMISO ) VALUES (
-2, 'Mostrar', 'Permite ver los detalles');
INSERT INTO ADM_TIPOS_PERMISO ( X_TIPO_PERMISO, C_TIPO_PERMISO,
T_TIPO_PERMISO ) VALUES (
-3, 'Mantenimiento', 'Permite editar los parametros');
INSERT INTO ADM_TIPOS_PERMISO ( X_TIPO_PERMISO, C_TIPO_PERMISO,
T_TIPO_PERMISO ) VALUES (
-4, 'Eliminar', 'Permite eliminar un valor');
INSERT INTO ADM_TIPOS_PERMISO ( X_TIPO_PERMISO, C_TIPO_PERMISO,
T_TIPO_PERMISO ) VALUES (
-5, 'Otros', 'Otros permisos');
commit;

INSERT INTO ADM_TIPOS_VIAS ( X_TIPO_VIA, C_TIPO_VIA, T_TIPO_VIA ) VALUES (
155, 'ACERA', 'Acera');
INSERT INTO ADM_TIPOS_VIAS ( X_TIPO_VIA, C_TIPO_VIA, T_TIPO_VIA ) VALUES (
156, 'ALAM', 'Alameda');
INSERT INTO ADM_TIPOS_VIAS ( X_TIPO_VIA, C_TIPO_VIA, T_TIPO_VIA ) VALUES (
157, 'ALDEA', 'Aldea');
INSERT INTO ADM_TIPOS_VIAS ( X_TIPO_VIA, C_TIPO_VIA, T_TIPO_VIA ) VALUES (
158, 'ALQUE', 'Alqueria');
INSERT INTO ADM_TIPOS_VIAS ( X_TIPO_VIA, C_TIPO_VIA, T_TIPO_VIA ) VALUES (
159, 'ANDAD', 'Andador');
INSERT INTO ADM_TIPOS_VIAS ( X_TIPO_VIA, C_TIPO_VIA, T_TIPO_VIA ) VALUES (
160, 'APTOS', 'Apartamentos');
INSERT INTO ADM_TIPOS_VIAS ( X_TIPO_VIA, C_TIPO_VIA, T_TIPO_VIA ) VALUES (
162, 'ARRAL', 'Arrabal');
INSERT INTO ADM_TIPOS_VIAS ( X_TIPO_VIA, C_TIPO_VIA, T_TIPO_VIA ) VALUES (
163, 'ATAJO', 'Atajo');
INSERT INTO ADM_TIPOS_VIAS ( X_TIPO_VIA, C_TIPO_VIA, T_TIPO_VIA ) VALUES (
164, 'AVIA', 'Autovia');
INSERT INTO ADM_TIPOS_VIAS ( X_TIPO_VIA, C_TIPO_VIA, T_TIPO_VIA ) VALUES (
165, 'AVDA', 'Avenida');
INSERT INTO ADM_TIPOS_VIAS ( X_TIPO_VIA, C_TIPO_VIA, T_TIPO_VIA ) VALUES (
301, 'RCIAL', 'Residencial (*)');
INSERT INTO ADM_TIPOS_VIAS ( X_TIPO_VIA, C_TIPO_VIA, T_TIPO_VIA ) VALUES (
167, 'BJADA', 'Bajada');
INSERT INTO ADM_TIPOS_VIAS ( X_TIPO_VIA, C_TIPO_VIA, T_TIPO_VIA ) VALUES (
169, 'BRANC', 'Barranco');
INSERT INTO ADM_TIPOS_VIAS ( X_TIPO_VIA, C_TIPO_VIA, T_TIPO_VIA ) VALUES (
170, 'BARRO', 'Barrio');
INSERT INTO ADM_TIPOS_VIAS ( X_TIPO_VIA, C_TIPO_VIA, T_TIPO_VIA ) VALUES (
171, 'BLQUE', 'Bloque');
INSERT INTO ADM_TIPOS_VIAS ( X_TIPO_VIA, C_TIPO_VIA, T_TIPO_VIA ) VALUES (
172, 'CALLE', 'Calle');
INSERT INTO ADM_TIPOS_VIAS ( X_TIPO_VIA, C_TIPO_VIA, T_TIPO_VIA ) VALUES (
173, 'CLLON', 'Callejon');
INSERT INTO ADM_TIPOS_VIAS ( X_TIPO_VIA, C_TIPO_VIA, T_TIPO_VIA ) VALUES (
174, 'CZADA', 'Calzada');
INSERT INTO ADM_TIPOS_VIAS ( X_TIPO_VIA, C_TIPO_VIA, T_TIPO_VIA ) VALUES (
175, 'C.H.', 'Camino Hondo');
INSERT INTO ADM_TIPOS_VIAS ( X_TIPO_VIA, C_TIPO_VIA, T_TIPO_VIA ) VALUES (
176, 'C.V.', 'Camino Viejo');
INSERT INTO ADM_TIPOS_VIAS ( X_TIPO_VIA, C_TIPO_VIA, T_TIPO_VIA ) VALUES (
177, 'CANT', 'Canton');
INSERT INTO ADM_TIPOS_VIAS ( X_TIPO_VIA, C_TIPO_VIA, T_TIPO_VIA ) VALUES (
178, 'CTRA', 'Carretera');
INSERT INTO ADM_TIPOS_VIAS ( X_TIPO_VIA, C_TIPO_VIA, T_TIPO_VIA ) VALUES (
179, 'CRRIL', 'Carril');
INSERT INTO ADM_TIPOS_VIAS ( X_TIPO_VIA, C_TIPO_VIA, T_TIPO_VIA ) VALUES (
181, 'CSRIO', 'Caserio');
INSERT INTO ADM_TIPOS_VIAS ( X_TIPO_VIA, C_TIPO_VIA, T_TIPO_VIA ) VALUES (
302, 'PTIO', 'Patio (*)');
INSERT INTO ADM_TIPOS_VIAS ( X_TIPO_VIA, C_TIPO_VIA, T_TIPO_VIA ) VALUES (
183, 'CERRO', 'Cerro');
INSERT INTO ADM_TIPOS_VIAS ( X_TIPO_VIA, C_TIPO_VIA, T_TIPO_VIA ) VALUES (
185, 'CIRCU', 'Circunvalacion');
INSERT INTO ADM_TIPOS_VIAS ( X_TIPO_VIA, C_TIPO_VIA, T_TIPO_VIA ) VALUES (
186, 'CBTIZ', 'Cobertizo');
INSERT INTO ADM_TIPOS_VIAS ( X_TIPO_VIA, C_TIPO_VIA, T_TIPO_VIA ) VALUES (
187, 'COL', 'Colonia');
INSERT INTO ADM_TIPOS_VIAS ( X_TIPO_VIA, C_TIPO_VIA, T_TIPO_VIA ) VALUES (
188, 'COMPJ', 'Complejo');
INSERT INTO ADM_TIPOS_VIAS ( X_TIPO_VIA, C_TIPO_VIA, T_TIPO_VIA ) VALUES (
190, 'CRRDO', 'Corredor');
INSERT INTO ADM_TIPOS_VIAS ( X_TIPO_VIA, C_TIPO_VIA, T_TIPO_VIA ) VALUES (
191, 'CSTAN', 'Costanilla');
INSERT INTO ADM_TIPOS_VIAS ( X_TIPO_VIA, C_TIPO_VIA, T_TIPO_VIA ) VALUES (
192, 'CRA', 'Carrera');
INSERT INTO ADM_TIPOS_VIAS ( X_TIPO_VIA, C_TIPO_VIA, T_TIPO_VIA ) VALUES (
193, 'CUSTA', 'Cuesta');
INSERT INTO ADM_TIPOS_VIAS ( X_TIPO_VIA, C_TIPO_VIA, T_TIPO_VIA ) VALUES (
194, 'ESCA', 'Escalera');
INSERT INTO ADM_TIPOS_VIAS ( X_TIPO_VIA, C_TIPO_VIA, T_TIPO_VIA ) VALUES (
195, 'ESCAL', 'Escalinata');
INSERT INTO ADM_TIPOS_VIAS ( X_TIPO_VIA, C_TIPO_VIA, T_TIPO_VIA ) VALUES (
196, 'ESLDA', 'Espalda');
INSERT INTO ADM_TIPOS_VIAS ( X_TIPO_VIA, C_TIPO_VIA, T_TIPO_VIA ) VALUES (
197, 'EXPLA', 'Explanada');
INSERT INTO ADM_TIPOS_VIAS ( X_TIPO_VIA, C_TIPO_VIA, T_TIPO_VIA ) VALUES (
198, 'EXTRR', 'Extrarradio');
INSERT INTO ADM_TIPOS_VIAS ( X_TIPO_VIA, C_TIPO_VIA, T_TIPO_VIA ) VALUES (
199, 'FC', 'Fabrica');
INSERT INTO ADM_TIPOS_VIAS ( X_TIPO_VIA, C_TIPO_VIA, T_TIPO_VIA ) VALUES (
200, 'FINCA', 'Finca');
INSERT INTO ADM_TIPOS_VIAS ( X_TIPO_VIA, C_TIPO_VIA, T_TIPO_VIA ) VALUES (
201, 'GTA', 'Glorieta');
INSERT INTO ADM_TIPOS_VIAS ( X_TIPO_VIA, C_TIPO_VIA, T_TIPO_VIA ) VALUES (
202, 'GALE', 'Galeria');
INSERT INTO ADM_TIPOS_VIAS ( X_TIPO_VIA, C_TIPO_VIA, T_TIPO_VIA ) VALUES (
203, 'GRUPO', 'Grupo');
INSERT INTO ADM_TIPOS_VIAS ( X_TIPO_VIA, C_TIPO_VIA, T_TIPO_VIA ) VALUES (
204, 'JDIN', 'Jardin');
INSERT INTO ADM_TIPOS_VIAS ( X_TIPO_VIA, C_TIPO_VIA, T_TIPO_VIA ) VALUES (
205, 'LUGAR', 'Lugar');
INSERT INTO ADM_TIPOS_VIAS ( X_TIPO_VIA, C_TIPO_VIA, T_TIPO_VIA ) VALUES (
206, 'MALEC', 'Malecon');
INSERT INTO ADM_TIPOS_VIAS ( X_TIPO_VIA, C_TIPO_VIA, T_TIPO_VIA ) VALUES (
207, 'MONTE', 'Monte');
INSERT INTO ADM_TIPOS_VIAS ( X_TIPO_VIA, C_TIPO_VIA, T_TIPO_VIA ) VALUES (
208, 'MIRAD', 'Mirador');
INSERT INTO ADM_TIPOS_VIAS ( X_TIPO_VIA, C_TIPO_VIA, T_TIPO_VIA ) VALUES (
209, 'MUELL', 'Muelle');
INSERT INTO ADM_TIPOS_VIAS ( X_TIPO_VIA, C_TIPO_VIA, T_TIPO_VIA ) VALUES (
215, 'PRAJE', 'Paraje');
INSERT INTO ADM_TIPOS_VIAS ( X_TIPO_VIA, C_TIPO_VIA, T_TIPO_VIA ) VALUES (
216, 'PQUE', 'Parque');
INSERT INTO ADM_TIPOS_VIAS ( X_TIPO_VIA, C_TIPO_VIA, T_TIPO_VIA ) VALUES (
217, 'PARTI', 'Particular');
INSERT INTO ADM_TIPOS_VIAS ( X_TIPO_VIA, C_TIPO_VIA, T_TIPO_VIA ) VALUES (
218, 'PTDA', 'Partida');
INSERT INTO ADM_TIPOS_VIAS ( X_TIPO_VIA, C_TIPO_VIA, T_TIPO_VIA ) VALUES (
219, 'PZO', 'Pasadizo');
INSERT INTO ADM_TIPOS_VIAS ( X_TIPO_VIA, C_TIPO_VIA, T_TIPO_VIA ) VALUES (
220, 'PSAJE', 'Pasaje');
INSERT INTO ADM_TIPOS_VIAS ( X_TIPO_VIA, C_TIPO_VIA, T_TIPO_VIA ) VALUES (
221, 'PASEO', 'Paseo');
INSERT INTO ADM_TIPOS_VIAS ( X_TIPO_VIA, C_TIPO_VIA, T_TIPO_VIA ) VALUES (
222, 'PLAZA', 'Plaza');
INSERT INTO ADM_TIPOS_VIAS ( X_TIPO_VIA, C_TIPO_VIA, T_TIPO_VIA ) VALUES (
223, 'PLZLA', 'Plazuela');
INSERT INTO ADM_TIPOS_VIAS ( X_TIPO_VIA, C_TIPO_VIA, T_TIPO_VIA ) VALUES (
224, 'PBDO', 'Poblado');
INSERT INTO ADM_TIPOS_VIAS ( X_TIPO_VIA, C_TIPO_VIA, T_TIPO_VIA ) VALUES (
225, 'POLIG', 'Poligono');
INSERT INTO ADM_TIPOS_VIAS ( X_TIPO_VIA, C_TIPO_VIA, T_TIPO_VIA ) VALUES (
227, 'PROL', 'Prolongacion');
INSERT INTO ADM_TIPOS_VIAS ( X_TIPO_VIA, C_TIPO_VIA, T_TIPO_VIA ) VALUES (
230, 'RAMAL', 'Ramal');
INSERT INTO ADM_TIPOS_VIAS ( X_TIPO_VIA, C_TIPO_VIA, T_TIPO_VIA ) VALUES (
231, 'RBLA', 'Rambla');
INSERT INTO ADM_TIPOS_VIAS ( X_TIPO_VIA, C_TIPO_VIA, T_TIPO_VIA ) VALUES (
233, 'RCDA', 'Rinconada');
INSERT INTO ADM_TIPOS_VIAS ( X_TIPO_VIA, C_TIPO_VIA, T_TIPO_VIA ) VALUES (
234, 'RONDA', 'Ronda');
INSERT INTO ADM_TIPOS_VIAS ( X_TIPO_VIA, C_TIPO_VIA, T_TIPO_VIA ) VALUES (
235, 'RTDA', 'Rotonda');
INSERT INTO ADM_TIPOS_VIAS ( X_TIPO_VIA, C_TIPO_VIA, T_TIPO_VIA ) VALUES (
237, 'SENDA', 'Senda');
INSERT INTO ADM_TIPOS_VIAS ( X_TIPO_VIA, C_TIPO_VIA, T_TIPO_VIA ) VALUES (
238, 'SBIDA', 'Subida');
INSERT INTO ADM_TIPOS_VIAS ( X_TIPO_VIA, C_TIPO_VIA, T_TIPO_VIA ) VALUES (
239, 'TRANS', 'Transito');
INSERT INTO ADM_TIPOS_VIAS ( X_TIPO_VIA, C_TIPO_VIA, T_TIPO_VIA ) VALUES (
240, 'TRAS', 'Trasera');
INSERT INTO ADM_TIPOS_VIAS ( X_TIPO_VIA, C_TIPO_VIA, T_TIPO_VIA ) VALUES (
241, 'TRVA', 'Travesia');
INSERT INTO ADM_TIPOS_VIAS ( X_TIPO_VIA, C_TIPO_VIA, T_TIPO_VIA ) VALUES (
243, 'URB', 'Urbanizacion');
INSERT INTO ADM_TIPOS_VIAS ( X_TIPO_VIA, C_TIPO_VIA, T_TIPO_VIA ) VALUES (
244, 'VREDA', 'Vereda');
INSERT INTO ADM_TIPOS_VIAS ( X_TIPO_VIA, C_TIPO_VIA, T_TIPO_VIA ) VALUES (
245, 'VIA', 'Via');
INSERT INTO ADM_TIPOS_VIAS ( X_TIPO_VIA, C_TIPO_VIA, T_TIPO_VIA ) VALUES (
247, 'ZONA', 'Zona');
INSERT INTO ADM_TIPOS_VIAS ( X_TIPO_VIA, C_TIPO_VIA, T_TIPO_VIA ) VALUES (
248, 'ARRY', 'Arroyo');
INSERT INTO ADM_TIPOS_VIAS ( X_TIPO_VIA, C_TIPO_VIA, T_TIPO_VIA ) VALUES (
249, 'C?ADA', 'Ca?ada');
INSERT INTO ADM_TIPOS_VIAS ( X_TIPO_VIA, C_TIPO_VIA, T_TIPO_VIA ) VALUES (
250, 'CAMPA', 'Campamento');
INSERT INTO ADM_TIPOS_VIAS ( X_TIPO_VIA, C_TIPO_VIA, T_TIPO_VIA ) VALUES (
252, 'CLLJA', 'Calleja');
INSERT INTO ADM_TIPOS_VIAS ( X_TIPO_VIA, C_TIPO_VIA, T_TIPO_VIA ) VALUES (
253, 'CJTO', 'Conjunto');
INSERT INTO ADM_TIPOS_VIAS ( X_TIPO_VIA, C_TIPO_VIA, T_TIPO_VIA ) VALUES (
255, 'RCON', 'Rincon');
INSERT INTO ADM_TIPOS_VIAS ( X_TIPO_VIA, C_TIPO_VIA, T_TIPO_VIA ) VALUES (
256, 'RAMPA', 'Rampa');
INSERT INTO ADM_TIPOS_VIAS ( X_TIPO_VIA, C_TIPO_VIA, T_TIPO_VIA ) VALUES (
259, 'SECT', 'Sector');
INSERT INTO ADM_TIPOS_VIAS ( X_TIPO_VIA, C_TIPO_VIA, T_TIPO_VIA ) VALUES (
263, 'ALTO', 'Alto');
INSERT INTO ADM_TIPOS_VIAS ( X_TIPO_VIA, C_TIPO_VIA, T_TIPO_VIA ) VALUES (
264, 'ARB', 'Arboleda');
INSERT INTO ADM_TIPOS_VIAS ( X_TIPO_VIA, C_TIPO_VIA, T_TIPO_VIA ) VALUES (
265, 'AUTO', 'Autopista');
INSERT INTO ADM_TIPOS_VIAS ( X_TIPO_VIA, C_TIPO_VIA, T_TIPO_VIA ) VALUES (
266, 'BARDA', 'Barriada');
INSERT INTO ADM_TIPOS_VIAS ( X_TIPO_VIA, C_TIPO_VIA, T_TIPO_VIA ) VALUES (
267, 'BV', 'Bulevar');
INSERT INTO ADM_TIPOS_VIAS ( X_TIPO_VIA, C_TIPO_VIA, T_TIPO_VIA ) VALUES (
268, 'BRDLA', 'Barreduela');
INSERT INTO ADM_TIPOS_VIAS ( X_TIPO_VIA, C_TIPO_VIA, T_TIPO_VIA ) VALUES (
269, 'C.N.', 'Camino Nuevo');
INSERT INTO ADM_TIPOS_VIAS ( X_TIPO_VIA, C_TIPO_VIA, T_TIPO_VIA ) VALUES (
270, 'CMNO', 'Camino');
INSERT INTO ADM_TIPOS_VIAS ( X_TIPO_VIA, C_TIPO_VIA, T_TIPO_VIA ) VALUES (
271, 'CANAL', 'Canal');
INSERT INTO ADM_TIPOS_VIAS ( X_TIPO_VIA, C_TIPO_VIA, T_TIPO_VIA ) VALUES (
272, 'CJLA', 'Callejuela');
INSERT INTO ADM_TIPOS_VIAS ( X_TIPO_VIA, C_TIPO_VIA, T_TIPO_VIA ) VALUES (
273, 'CRRCI', 'Corredorcillo');
INSERT INTO ADM_TIPOS_VIAS ( X_TIPO_VIA, C_TIPO_VIA, T_TIPO_VIA ) VALUES (
274, 'CRRDE', 'Corredera');
INSERT INTO ADM_TIPOS_VIAS ( X_TIPO_VIA, C_TIPO_VIA, T_TIPO_VIA ) VALUES (
275, 'CRTJO', 'Cortijo');
INSERT INTO ADM_TIPOS_VIAS ( X_TIPO_VIA, C_TIPO_VIA, T_TIPO_VIA ) VALUES (
276, 'CRRLO', 'Corralillo');
INSERT INTO ADM_TIPOS_VIAS ( X_TIPO_VIA, C_TIPO_VIA, T_TIPO_VIA ) VALUES (
277, 'DEMAR', 'Demarcacion');
INSERT INTO ADM_TIPOS_VIAS ( X_TIPO_VIA, C_TIPO_VIA, T_TIPO_VIA ) VALUES (
278, 'ENTD', 'Entrada');
INSERT INTO ADM_TIPOS_VIAS ( X_TIPO_VIA, C_TIPO_VIA, T_TIPO_VIA ) VALUES (
279, 'EXTRM', 'Extramuros');
INSERT INTO ADM_TIPOS_VIAS ( X_TIPO_VIA, C_TIPO_VIA, T_TIPO_VIA ) VALUES (
280, 'G.V.', 'Gran Via');
INSERT INTO ADM_TIPOS_VIAS ( X_TIPO_VIA, C_TIPO_VIA, T_TIPO_VIA ) VALUES (
281, 'JDINS', 'Jardines');
INSERT INTO ADM_TIPOS_VIAS ( X_TIPO_VIA, C_TIPO_VIA, T_TIPO_VIA ) VALUES (
282, 'LOMA', 'Loma');
INSERT INTO ADM_TIPOS_VIAS ( X_TIPO_VIA, C_TIPO_VIA, T_TIPO_VIA ) VALUES (
283, 'LAGO', 'Lago');
INSERT INTO ADM_TIPOS_VIAS ( X_TIPO_VIA, C_TIPO_VIA, T_TIPO_VIA ) VALUES (
284, 'PINAR', 'Pinar');
INSERT INTO ADM_TIPOS_VIAS ( X_TIPO_VIA, C_TIPO_VIA, T_TIPO_VIA ) VALUES (
285, 'PISTA', 'Pista');
INSERT INTO ADM_TIPOS_VIAS ( X_TIPO_VIA, C_TIPO_VIA, T_TIPO_VIA ) VALUES (
286, 'PLCET', 'Placeta');
INSERT INTO ADM_TIPOS_VIAS ( X_TIPO_VIA, C_TIPO_VIA, T_TIPO_VIA ) VALUES (
287, 'PLLO', 'Pasillo');
INSERT INTO ADM_TIPOS_VIAS ( X_TIPO_VIA, C_TIPO_VIA, T_TIPO_VIA ) VALUES (
288, 'PNTE', 'Puente');
INSERT INTO ADM_TIPOS_VIAS ( X_TIPO_VIA, C_TIPO_VIA, T_TIPO_VIA ) VALUES (
293, 'RABAL', 'Rabal');
INSERT INTO ADM_TIPOS_VIAS ( X_TIPO_VIA, C_TIPO_VIA, T_TIPO_VIA ) VALUES (
290, 'PLAYA', 'Playa');
INSERT INTO ADM_TIPOS_VIAS ( X_TIPO_VIA, C_TIPO_VIA, T_TIPO_VIA ) VALUES (
291, 'PTLLO', 'Portillo');
INSERT INTO ADM_TIPOS_VIAS ( X_TIPO_VIA, C_TIPO_VIA, T_TIPO_VIA ) VALUES (
292, 'PZTA', 'Plazoleta');
INSERT INTO ADM_TIPOS_VIAS ( X_TIPO_VIA, C_TIPO_VIA, T_TIPO_VIA ) VALUES (
294, 'RBRA', 'Ribera');
INSERT INTO ADM_TIPOS_VIAS ( X_TIPO_VIA, C_TIPO_VIA, T_TIPO_VIA ) VALUES (
295, 'SEND', 'Sendero');
INSERT INTO ADM_TIPOS_VIAS ( X_TIPO_VIA, C_TIPO_VIA, T_TIPO_VIA ) VALUES (
296, 'TRVAL', 'Transversal');
INSERT INTO ADM_TIPOS_VIAS ( X_TIPO_VIA, C_TIPO_VIA, T_TIPO_VIA ) VALUES (
297, 'VALLE', 'Valle');
INSERT INTO ADM_TIPOS_VIAS ( X_TIPO_VIA, C_TIPO_VIA, T_TIPO_VIA ) VALUES (
298, 'VCTO', 'Viaducto');
INSERT INTO ADM_TIPOS_VIAS ( X_TIPO_VIA, C_TIPO_VIA, T_TIPO_VIA ) VALUES (
299, 'VIAL', 'Vial');
INSERT INTO ADM_TIPOS_VIAS ( X_TIPO_VIA, C_TIPO_VIA, T_TIPO_VIA ) VALUES (
261, 'ACCES', 'Acceso');
INSERT INTO ADM_TIPOS_VIAS ( X_TIPO_VIA, C_TIPO_VIA, T_TIPO_VIA ) VALUES (
262, 'ACEQ', 'Acequia');
commit;

INSERT INTO ADM_TRATAMIENTOS ( X_TRATAMIENTO, C_TRATAMIENTO, C_SEXO,
T_TRATAMIENTO ) VALUES (
-1, 'SR', 'H', 'Sr. D.');
INSERT INTO ADM_TRATAMIENTOS ( X_TRATAMIENTO, C_TRATAMIENTO, C_SEXO,
T_TRATAMIENTO ) VALUES (
-2, 'SRA', 'M', 'Sra. D?a');
INSERT INTO ADM_TRATAMIENTOS ( X_TRATAMIENTO, C_TRATAMIENTO, C_SEXO,
T_TRATAMIENTO ) VALUES (
-3, 'ILT', 'H', 'Ilmo. Sr.');
commit;

INSERT INTO ADM_USUARIO ( X_USUARIO, A, L_ACTIVO, T_APELLIDO1, T_APELLIDO2, T_CLAVE, C_UUID,
T_EMAIL, T_TELEF_FAX, F_ALTA, F_BAJA, F_MODIFICACION, T_TELEF_MOVIL, T_NOMBRE, N_IDENTIFICACION,
N_PORTALLOC, N_PORTALORG, N_PORTALUSR, D_SEXO, T_TELEF_FIJO, T_USUARIO, L_BIBLIOTECA_ACTUAL,
L_BIBLIOTECA_POR_DEFECTO, TIP_X_TIPO_IDENTIFICACION,
TRA_X_TRATAMIENTO ) VALUES (
-1, 6, 1, 'Cisneros', 'Gonzalez', 'db4073ff316aee85a5a2456dc8d6002c', 'c_uuid', 'jcisneros@ingenia.es'
, '98989898989', TO_TIMESTAMP('20/01/2008 0:00:00.000000','DD/MM/YYYY fmHH24fm:MI:SS.FF')
, NULL, NULL, '656565656', 'Javier', '44578342H', NULL, NULL, NULL, 0, '952277778'
, 'librae', NULL, -7, -1, -1);
INSERT INTO ADM_USUARIO ( X_USUARIO, A, L_ACTIVO, T_APELLIDO1, T_APELLIDO2, T_CLAVE, C_UUID,
T_EMAIL, T_TELEF_FAX, F_ALTA, F_BAJA, F_MODIFICACION, T_TELEF_MOVIL, T_NOMBRE, N_IDENTIFICACION,
N_PORTALLOC, N_PORTALORG, N_PORTALUSR, D_SEXO, T_TELEF_FIJO, T_USUARIO, L_BIBLIOTECA_ACTUAL,
L_BIBLIOTECA_POR_DEFECTO, TIP_X_TIPO_IDENTIFICACION,
TRA_X_TRATAMIENTO ) VALUES (
-2, 3, 1, 'ropero', 'empotrado', 'db4073ff316aee85a5a2456dc8d6002c', 'uuid', 'aropero@ingenia.es'
, '0981928374', TO_TIMESTAMP('20/01/2009 0:00:00.000000','DD/MM/YYYY fmHH24fm:MI:SS.FF')
, NULL, NULL, '12341234', 'Alicia', '1234123423', 2, 4565, 'asdf', 2, '9872341123'
, 'libraeLeer', NULL, -1, -2, -2);
INSERT INTO ADM_USUARIO ( X_USUARIO, A, L_ACTIVO, T_APELLIDO1, T_APELLIDO2, T_CLAVE, C_UUID,
T_EMAIL, T_TELEF_FAX, F_ALTA, F_BAJA, F_MODIFICACION, T_TELEF_MOVIL, T_NOMBRE, N_IDENTIFICACION,
N_PORTALLOC, N_PORTALORG, N_PORTALUSR, D_SEXO, T_TELEF_FIJO, T_USUARIO, L_BIBLIOTECA_ACTUAL,
L_BIBLIOTECA_POR_DEFECTO, TIP_X_TIPO_IDENTIFICACION,
TRA_X_TRATAMIENTO ) VALUES (
-3, 2, 1, 'Yague', 'Martin-Lunas', 'db4073ff316aee85a5a2456dc8d6002c', 'asdf', 'asdf'
, 'T_TELEF_FAX', TO_TIMESTAMP('20/01/2009 0:00:00.000000','DD/MM/YYYY fmHH24fm:MI:SS.FF')
, NULL, NULL, 'T_TELEF_MOVIL', 'Carlos', '12341234', 2345234, 2342435, 'N_PORTALUSR'
, 1, 'T_TELEF_FIJO', 'libraeVacio', NULL, -1, -3, -3);
commit;

INSERT INTO ADM_USUARIOS_BIBLIOTECAS_ROLES ( X_USUARIO_BIBLIOTECA_ROL, BIB_X_BIBLIOTECA, ROL_X_ROL,
USU_X_USUARIO ) VALUES (
-1, -100, -1, -1);
INSERT INTO ADM_USUARIOS_BIBLIOTECAS_ROLES ( X_USUARIO_BIBLIOTECA_ROL, BIB_X_BIBLIOTECA, ROL_X_ROL,
USU_X_USUARIO ) VALUES (
-2, -1, -2, -2);
INSERT INTO ADM_USUARIOS_BIBLIOTECAS_ROLES ( X_USUARIO_BIBLIOTECA_ROL, BIB_X_BIBLIOTECA, ROL_X_ROL,
USU_X_USUARIO ) VALUES (
-3, -1, -3, -3);
commit;

INSERT INTO ADQ_CONTACTOS_DIRECCIONES ( X_CONTACTO_DIRECCION, T_APELLIDOS, T_EMAIL, T_NOMBRES,
T_TELEFONO1, T_TELEFONO2, DIR_X_DIRECCION_POSTAL ) VALUES (
-1, 'apellido1', 'email1@contacto.es', 'nombre1', '000000011', '000000012', -1);
INSERT INTO ADQ_CONTACTOS_DIRECCIONES ( X_CONTACTO_DIRECCION, T_APELLIDOS, T_EMAIL, T_NOMBRES,
T_TELEFONO1, T_TELEFONO2, DIR_X_DIRECCION_POSTAL ) VALUES (
-2, 'apellido2', 'email2@contacto.es', 'nombre2', '000000021', '000000022', -2);
INSERT INTO ADQ_CONTACTOS_DIRECCIONES ( X_CONTACTO_DIRECCION, T_APELLIDOS, T_EMAIL, T_NOMBRES,
T_TELEFONO1, T_TELEFONO2, DIR_X_DIRECCION_POSTAL ) VALUES (
-3, 'apellido3', 'email3@contacto.es', 'nombre3', '000000031', '000000032', -3);
INSERT INTO ADQ_CONTACTOS_DIRECCIONES ( X_CONTACTO_DIRECCION, T_APELLIDOS, T_EMAIL, T_NOMBRES,
T_TELEFONO1, T_TELEFONO2, DIR_X_DIRECCION_POSTAL ) VALUES (
-4, 'apellido4', 'email4@contacto.es', 'nombre4', '000000041', '000000042', -1);
commit;

INSERT INTO ADQ_DESIDERATAS ( X_DESIDERATA, T_AUTOR, T_EDICION, T_EDITORIAL, T_ESTADO,
F_FECHA_ESTADO, T_FECHA_PUBLICACION, F_FECHA_SOLICITUD, T_ISBN, T_NOTAS, T_NOTAS_BIBLIOTECARIO,
L_DESEO_RESERVAR, T_TIPO_CANAL, T_TITULO, BIB_X_BIBLIOTECA, LEC_X_LECTOR, MOT_X_MOTIVO_RECHAZO,
PED_X_PEDIDO, REG_X_REGISTRO ) VALUES (
-1, 'Autor 003', 'Edicion 003', 'Editorial 003', 'En estudio', TO_TIMESTAMP('09/02/2009 0:00:00.000000','DD/MM/YYYY fmHH24fm:MI:SS.FF')
, 'Fecha String 003', TO_TIMESTAMP('09/02/2009 0:00:00.000000','DD/MM/YYYY fmHH24fm:MI:SS.FF')
, 'ISBN 003', 'Notas 003', 'Notas bibliotecario 003', 0, 'OPAC', 'Titulo 003', -7
, -7, NULL, NULL, NULL);
INSERT INTO ADQ_DESIDERATAS ( X_DESIDERATA, T_AUTOR, T_EDICION, T_EDITORIAL, T_ESTADO,
F_FECHA_ESTADO, T_FECHA_PUBLICACION, F_FECHA_SOLICITUD, T_ISBN, T_NOTAS, T_NOTAS_BIBLIOTECARIO,
L_DESEO_RESERVAR, T_TIPO_CANAL, T_TITULO, BIB_X_BIBLIOTECA, LEC_X_LECTOR, MOT_X_MOTIVO_RECHAZO,
PED_X_PEDIDO, REG_X_REGISTRO ) VALUES (
-2, 'Autor 002', 'Edicion 002', 'Editorial 002', 'En estudio', TO_TIMESTAMP('09/02/2009 0:00:00.000000','DD/MM/YYYY fmHH24fm:MI:SS.FF')
, 'Fecha String 002', TO_TIMESTAMP('09/02/2009 0:00:00.000000','DD/MM/YYYY fmHH24fm:MI:SS.FF')
, 'ISBN 001', 'Notas 002', 'Notas bibliotecario 002', 0, 'OPAC', 'Titulo 002', -7
, -1, NULL, NULL, NULL);
INSERT INTO ADQ_DESIDERATAS ( X_DESIDERATA, T_AUTOR, T_EDICION, T_EDITORIAL, T_ESTADO,
F_FECHA_ESTADO, T_FECHA_PUBLICACION, F_FECHA_SOLICITUD, T_ISBN, T_NOTAS, T_NOTAS_BIBLIOTECARIO,
L_DESEO_RESERVAR, T_TIPO_CANAL, T_TITULO, BIB_X_BIBLIOTECA, LEC_X_LECTOR, MOT_X_MOTIVO_RECHAZO,
PED_X_PEDIDO, REG_X_REGISTRO ) VALUES (
-3, 'Autor 001', 'Edicion 001', 'Editorial 001', 'En estudio', TO_TIMESTAMP('09/02/2009 0:00:00.000000','DD/MM/YYYY fmHH24fm:MI:SS.FF')
, 'Fecha String 001', TO_TIMESTAMP('09/02/2009 0:00:00.000000','DD/MM/YYYY fmHH24fm:MI:SS.FF')
, 'ISBN 001', 'Notas 001', 'Notas bibliotecario 001', 0, 'OPAC', 'Titulo 001', -7
, -9, NULL, NULL, NULL);
INSERT INTO ADQ_DESIDERATAS ( X_DESIDERATA, T_AUTOR, T_EDICION, T_EDITORIAL, T_ESTADO,
F_FECHA_ESTADO, T_FECHA_PUBLICACION, F_FECHA_SOLICITUD, T_ISBN, T_NOTAS, T_NOTAS_BIBLIOTECARIO,
L_DESEO_RESERVAR, T_TIPO_CANAL, T_TITULO, BIB_X_BIBLIOTECA, LEC_X_LECTOR, MOT_X_MOTIVO_RECHAZO,
PED_X_PEDIDO, REG_X_REGISTRO ) VALUES (
-4, 'Autor 001', 'Edicion 001', 'Editorial 004', 'En estudio', TO_TIMESTAMP('09/02/2009 0:00:00.000000','DD/MM/YYYY fmHH24fm:MI:SS.FF')
, 'Fecha String 001', TO_TIMESTAMP('10/03/2009 0:00:00.000000','DD/MM/YYYY fmHH24fm:MI:SS.FF')
, 'ISBN 001', 'Notas 001', 'Notas bibliotecario 001', 0, 'OPAC', 'Titulo 001', -7
, -9, NULL, NULL, NULL);
INSERT INTO ADQ_DESIDERATAS ( X_DESIDERATA, T_AUTOR, T_EDICION, T_EDITORIAL, T_ESTADO,
F_FECHA_ESTADO, T_FECHA_PUBLICACION, F_FECHA_SOLICITUD, T_ISBN, T_NOTAS, T_NOTAS_BIBLIOTECARIO,
L_DESEO_RESERVAR, T_TIPO_CANAL, T_TITULO, BIB_X_BIBLIOTECA, LEC_X_LECTOR, MOT_X_MOTIVO_RECHAZO,
PED_X_PEDIDO, REG_X_REGISTRO ) VALUES (
-5, 'Autor 003', 'Edicion 003', 'Editorial 003', 'En estudio', TO_TIMESTAMP('09/02/2009 0:00:00.000000','DD/MM/YYYY fmHH24fm:MI:SS.FF')
, 'Fecha String 003', TO_TIMESTAMP('07/08/2009 0:00:00.000000','DD/MM/YYYY fmHH24fm:MI:SS.FF')
, 'ISBN 003', 'Notas 003', 'Notas bibliotecario 003', 0, 'SIBG', 'Titulo 003', -1
, -7, NULL, NULL, NULL);
INSERT INTO ADQ_DESIDERATAS ( X_DESIDERATA, T_AUTOR, T_EDICION, T_EDITORIAL, T_ESTADO,
F_FECHA_ESTADO, T_FECHA_PUBLICACION, F_FECHA_SOLICITUD, T_ISBN, T_NOTAS, T_NOTAS_BIBLIOTECARIO,
L_DESEO_RESERVAR, T_TIPO_CANAL, T_TITULO, BIB_X_BIBLIOTECA, LEC_X_LECTOR, MOT_X_MOTIVO_RECHAZO,
PED_X_PEDIDO, REG_X_REGISTRO ) VALUES (
-6, 'Autor 002', 'Edicion 002', 'Editorial 002', 'Aceptada', TO_TIMESTAMP('09/02/2009 0:00:00.000000','DD/MM/YYYY fmHH24fm:MI:SS.FF')
, 'Fecha String 002', TO_TIMESTAMP('01/04/2009 0:00:00.000000','DD/MM/YYYY fmHH24fm:MI:SS.FF')
, 'ISBN 001', 'Notas 002', 'Notas bibliotecario 002', 0, 'SIBG', 'Titulo 006', -6
, -1, NULL, NULL, NULL);
commit;

INSERT INTO ADQ_DETALLES_FACTURAS ( X_DETALLE_FACTURA, P_DESCUENTO, N_EJEMPLARES, F_FECHA_DETALLE,
I_IMPORTE_REAL, P_IVA, FAC_X_FACTURA, PAR_X_PARTIDA,
TIP_X_TIPO_OPERACION_FACTURA ) VALUES (
-1, 1, 6, TO_TIMESTAMP('09/02/2009 0:00:00.000000','DD/MM/YYYY fmHH24fm:MI:SS.FF')
, 3, 1, NULL, NULL, NULL);
INSERT INTO ADQ_DETALLES_FACTURAS ( X_DETALLE_FACTURA, P_DESCUENTO, N_EJEMPLARES, F_FECHA_DETALLE,
I_IMPORTE_REAL, P_IVA, FAC_X_FACTURA, PAR_X_PARTIDA,
TIP_X_TIPO_OPERACION_FACTURA ) VALUES (
-2, 2, 2, TO_TIMESTAMP('09/02/2009 0:00:00.000000','DD/MM/YYYY fmHH24fm:MI:SS.FF')
, 3, 2, NULL, NULL, NULL);
INSERT INTO ADQ_DETALLES_FACTURAS ( X_DETALLE_FACTURA, P_DESCUENTO, N_EJEMPLARES, F_FECHA_DETALLE,
I_IMPORTE_REAL, P_IVA, FAC_X_FACTURA, PAR_X_PARTIDA,
TIP_X_TIPO_OPERACION_FACTURA ) VALUES (
-3, 3, 1, TO_TIMESTAMP('09/02/2009 0:00:00.000000','DD/MM/YYYY fmHH24fm:MI:SS.FF')
, 3, 3, NULL, NULL, NULL);
commit;

INSERT INTO ADQ_DIRECCIONES_POSTALES ( X_DIRECCION_POSTAL, T_COMENTARIOS, T_EMAIL, T_FAX,
L_PRINCIPAL, T_TELEFONO, DIR_X_DIRECCION, PRO_X_PROVEEDOR ) VALUES (
-1, 'comentario1', 'email1@a.es', '000000001', 1, '100000001', -1, -1);
INSERT INTO ADQ_DIRECCIONES_POSTALES ( X_DIRECCION_POSTAL, T_COMENTARIOS, T_EMAIL, T_FAX,
L_PRINCIPAL, T_TELEFONO, DIR_X_DIRECCION, PRO_X_PROVEEDOR ) VALUES (
-2, 'comentario2', 'email2@a.es', '000000002', 1, '100000002', -2, -2);
INSERT INTO ADQ_DIRECCIONES_POSTALES ( X_DIRECCION_POSTAL, T_COMENTARIOS, T_EMAIL, T_FAX,
L_PRINCIPAL, T_TELEFONO, DIR_X_DIRECCION, PRO_X_PROVEEDOR ) VALUES (
-3, 'comentario3', 'email3@a.es', '000000003', 0, '100000003', -3, -3);
INSERT INTO ADQ_DIRECCIONES_POSTALES ( X_DIRECCION_POSTAL, T_COMENTARIOS, T_EMAIL, T_FAX,
L_PRINCIPAL, T_TELEFONO, DIR_X_DIRECCION, PRO_X_PROVEEDOR ) VALUES (
-4, 'comentario4', 'email4@a.es', '000000004', 0, '100000004', -4, -4);
INSERT INTO ADQ_DIRECCIONES_POSTALES ( X_DIRECCION_POSTAL, T_COMENTARIOS, T_EMAIL, T_FAX,
L_PRINCIPAL, T_TELEFONO, DIR_X_DIRECCION, PRO_X_PROVEEDOR ) VALUES (
-5, 'comentario5', 'email5@a.es', '000000005', 0, '100000005', -5, -5);
INSERT INTO ADQ_DIRECCIONES_POSTALES ( X_DIRECCION_POSTAL, T_COMENTARIOS, T_EMAIL, T_FAX,
L_PRINCIPAL, T_TELEFONO, DIR_X_DIRECCION, PRO_X_PROVEEDOR ) VALUES (
-6, 'comentario6', 'email6@a.es', '000000006', 0, '100000006', -2, -1);
commit;

INSERT INTO ADQ_DIVISAS ( X_DIVISA, T_CODIGO, T_DESCRIPCION, N_ESCALA_DECIMALES,
F_FECHA_PUBLICACION, I_VALOR, BIB_X_BIBLIOTECA ) VALUES (
-1, 'asdfa', 'asdfasdf', 4, TO_TIMESTAMP('09/02/2009 0:00:00.000000','DD/MM/YYYY fmHH24fm:MI:SS.FF')
, 1, NULL);
INSERT INTO ADQ_DIVISAS ( X_DIVISA, T_CODIGO, T_DESCRIPCION, N_ESCALA_DECIMALES,
F_FECHA_PUBLICACION, I_VALOR, BIB_X_BIBLIOTECA ) VALUES (
-2, 'asdfadsf', 'asdfasdf', 1, TO_TIMESTAMP('09/02/2009 0:00:00.000000','DD/MM/YYYY fmHH24fm:MI:SS.FF')
, 1, NULL);
INSERT INTO ADQ_DIVISAS ( X_DIVISA, T_CODIGO, T_DESCRIPCION, N_ESCALA_DECIMALES,
F_FECHA_PUBLICACION, I_VALOR, BIB_X_BIBLIOTECA ) VALUES (
-3, 'sdfgsdfg', 'sdfsdfg', 5, TO_TIMESTAMP('09/02/2009 0:00:00.000000','DD/MM/YYYY fmHH24fm:MI:SS.FF')
, 1, NULL);
commit;

INSERT INTO ADQ_ESTADOS_PEDIDOS ( X_ESTADO_PEDIDO, F_FECHA, T_NOMBRE, PED_X_PEDIDO,
USU_X_USUARIO ) VALUES (
-1, TO_TIMESTAMP('16/02/2009 0:00:00.000000','DD/MM/YYYY fmHH24fm:MI:SS.FF'), 'asdfasdf'
, NULL, NULL);
INSERT INTO ADQ_ESTADOS_PEDIDOS ( X_ESTADO_PEDIDO, F_FECHA, T_NOMBRE, PED_X_PEDIDO,
USU_X_USUARIO ) VALUES (
-2, TO_TIMESTAMP('16/02/2009 0:00:00.000000','DD/MM/YYYY fmHH24fm:MI:SS.FF'), 'asdvfasdv'
, NULL, NULL);
INSERT INTO ADQ_ESTADOS_PEDIDOS ( X_ESTADO_PEDIDO, F_FECHA, T_NOMBRE, PED_X_PEDIDO,
USU_X_USUARIO ) VALUES (
-3, TO_TIMESTAMP('16/02/2009 0:00:00.000000','DD/MM/YYYY fmHH24fm:MI:SS.FF'), 'aasdfasdf'
, NULL, NULL);
commit;

INSERT INTO ADQ_FACTURAS ( X_FACTURA, T_ESTADO, F_FECHA_ALTA, F_FECHA_PAGO, T_NOTAS,
N_NUMERO_FACTURA, BIB_X_BIBLIOTECA, DIV_X_DIVISA, PAR_X_PARTIDA,
PRO_X_PROVEEDOR ) VALUES (
-1, 'asdfasdf', TO_TIMESTAMP('09/02/2009 0:00:00.000000','DD/MM/YYYY fmHH24fm:MI:SS.FF')
, TO_TIMESTAMP('09/02/2009 0:00:00.000000','DD/MM/YYYY fmHH24fm:MI:SS.FF'), 'asdfasdf'
, 'asdfasdf', NULL, NULL, NULL, NULL);
INSERT INTO ADQ_FACTURAS ( X_FACTURA, T_ESTADO, F_FECHA_ALTA, F_FECHA_PAGO, T_NOTAS,
N_NUMERO_FACTURA, BIB_X_BIBLIOTECA, DIV_X_DIVISA, PAR_X_PARTIDA,
PRO_X_PROVEEDOR ) VALUES (
-2, 'asfasdf', TO_TIMESTAMP('09/02/2009 0:00:00.000000','DD/MM/YYYY fmHH24fm:MI:SS.FF')
, TO_TIMESTAMP('09/02/2009 0:00:00.000000','DD/MM/YYYY fmHH24fm:MI:SS.FF'), 'afgadsf'
, 'asdfasdf', NULL, NULL, NULL, NULL);
INSERT INTO ADQ_FACTURAS ( X_FACTURA, T_ESTADO, F_FECHA_ALTA, F_FECHA_PAGO, T_NOTAS,
N_NUMERO_FACTURA, BIB_X_BIBLIOTECA, DIV_X_DIVISA, PAR_X_PARTIDA,
PRO_X_PROVEEDOR ) VALUES (
-3, 'asdfasdf', TO_TIMESTAMP('09/02/2009 0:00:00.000000','DD/MM/YYYY fmHH24fm:MI:SS.FF')
, TO_TIMESTAMP('09/02/2009 0:00:00.000000','DD/MM/YYYY fmHH24fm:MI:SS.FF'), 'asdfasdv'
, 'asdfads', NULL, NULL, NULL, NULL);
commit;

INSERT INTO ADQ_MOTIVO_RECHAZOS ( X_MOTIVO_RECHAZO, BIBLIOTECA,
T_DESCRIPCION ) VALUES (
-1, NULL, 'Descripcion 003');
INSERT INTO ADQ_MOTIVO_RECHAZOS ( X_MOTIVO_RECHAZO, BIBLIOTECA,
T_DESCRIPCION ) VALUES (
-2, NULL, 'Descripcion 002');
INSERT INTO ADQ_MOTIVO_RECHAZOS ( X_MOTIVO_RECHAZO, BIBLIOTECA,
T_DESCRIPCION ) VALUES (
-3, NULL, 'Descripcion 001');
commit;

INSERT INTO ADQ_PARTIDAS_PRESUPUESTARIAS ( X_PARTIDA_PRESUPUESTARIA, L_ACTIVA, I_ASIGNADO,
I_COMPROMETIDO, F_FECHA_FIN, F_FECHA_INICIO, I_GASTADA,
PRE_X_PRESUPUESTO ) VALUES (
-1, 0, 1, 1, TO_TIMESTAMP('10/02/2009 0:00:00.000000','DD/MM/YYYY fmHH24fm:MI:SS.FF')
, TO_TIMESTAMP('10/02/2009 0:00:00.000000','DD/MM/YYYY fmHH24fm:MI:SS.FF'), 1, NULL);
INSERT INTO ADQ_PARTIDAS_PRESUPUESTARIAS ( X_PARTIDA_PRESUPUESTARIA, L_ACTIVA, I_ASIGNADO,
I_COMPROMETIDO, F_FECHA_FIN, F_FECHA_INICIO, I_GASTADA,
PRE_X_PRESUPUESTO ) VALUES (
-2, 0, 1, 1, TO_TIMESTAMP('10/02/2009 0:00:00.000000','DD/MM/YYYY fmHH24fm:MI:SS.FF')
, TO_TIMESTAMP('10/02/2009 0:00:00.000000','DD/MM/YYYY fmHH24fm:MI:SS.FF'), 1, NULL);
INSERT INTO ADQ_PARTIDAS_PRESUPUESTARIAS ( X_PARTIDA_PRESUPUESTARIA, L_ACTIVA, I_ASIGNADO,
I_COMPROMETIDO, F_FECHA_FIN, F_FECHA_INICIO, I_GASTADA,
PRE_X_PRESUPUESTO ) VALUES (
-3, 0, 1, 1, TO_TIMESTAMP('10/02/2009 0:00:00.000000','DD/MM/YYYY fmHH24fm:MI:SS.FF')
, TO_TIMESTAMP('10/02/2009 0:00:00.000000','DD/MM/YYYY fmHH24fm:MI:SS.FF'), 1, NULL);
commit;

INSERT INTO ADQ_PEDIDOS ( X_PEDIDO, T_ESTADO, F_FECHA_PEDIDO, FECHAPREVISTA, F_FECHA_RECLAMACION,
T_NOTAS, T_NOTAS_PROVEEDOR, N_NUMERO_PEDIDO, L_RECLAMADO, T_REFERENCIA, BIB_X_BIBLIOTECA,
DIV_X_DIVISA, PAR_X_PARTIDA_PRESUPUESTARIA, PRO_X_PROVEEDOR,
TIP_X_TIPO_PEDIDO ) VALUES (
-1, 'asdfasdf', TO_TIMESTAMP('16/02/2009 0:00:00.000000','DD/MM/YYYY fmHH24fm:MI:SS.FF')
, TO_TIMESTAMP('16/02/2009 0:00:00.000000','DD/MM/YYYY fmHH24fm:MI:SS.FF'), TO_TIMESTAMP('16/02/2009 0:00:00.000000','DD/MM/YYYY fmHH24fm:MI:SS.FF')
, 'asdfasdf', 'asdasdv', 5, 0, 'asdfasdf', -1, NULL, NULL, NULL, NULL);
INSERT INTO ADQ_PEDIDOS ( X_PEDIDO, T_ESTADO, F_FECHA_PEDIDO, FECHAPREVISTA, F_FECHA_RECLAMACION,
T_NOTAS, T_NOTAS_PROVEEDOR, N_NUMERO_PEDIDO, L_RECLAMADO, T_REFERENCIA, BIB_X_BIBLIOTECA,
DIV_X_DIVISA, PAR_X_PARTIDA_PRESUPUESTARIA, PRO_X_PROVEEDOR,
TIP_X_TIPO_PEDIDO ) VALUES (
-2, 'asdfasdf', TO_TIMESTAMP('16/02/2009 0:00:00.000000','DD/MM/YYYY fmHH24fm:MI:SS.FF')
, TO_TIMESTAMP('16/02/2009 0:00:00.000000','DD/MM/YYYY fmHH24fm:MI:SS.FF'), TO_TIMESTAMP('16/02/2009 0:00:00.000000','DD/MM/YYYY fmHH24fm:MI:SS.FF')
, 'asdasdv', 'asdvasdv', 1, 0, 'asdfasdf', -2, NULL, NULL, NULL, NULL);
INSERT INTO ADQ_PEDIDOS ( X_PEDIDO, T_ESTADO, F_FECHA_PEDIDO, FECHAPREVISTA, F_FECHA_RECLAMACION,
T_NOTAS, T_NOTAS_PROVEEDOR, N_NUMERO_PEDIDO, L_RECLAMADO, T_REFERENCIA, BIB_X_BIBLIOTECA,
DIV_X_DIVISA, PAR_X_PARTIDA_PRESUPUESTARIA, PRO_X_PROVEEDOR,
TIP_X_TIPO_PEDIDO ) VALUES (
-3, 'asdfasd', TO_TIMESTAMP('16/02/2009 0:00:00.000000','DD/MM/YYYY fmHH24fm:MI:SS.FF')
, TO_TIMESTAMP('16/02/2009 0:00:00.000000','DD/MM/YYYY fmHH24fm:MI:SS.FF'), TO_TIMESTAMP('16/02/2009 0:00:00.000000','DD/MM/YYYY fmHH24fm:MI:SS.FF')
, 'asdfasdf', 'asdfasdf', 1, 0, 'asdfasdf', -3, NULL, NULL, NULL, NULL);
commit;

INSERT INTO ADQ_PRESUPUESTOS ( X_PRESUPUESTO, T_CODIGO, L_CUENTA_FINAL, T_DESCRIPCION,
F_FECHA_LIMITE, T_NOTAS, P_PORCENTAJE_AVISO, BIB_X_BIBLIOTECA,
PRES_X_PRESUPUESTO ) VALUES (
-1, 'asdfasdf', 0, 'asdfasdf', TO_TIMESTAMP('10/02/2009 0:00:00.000000','DD/MM/YYYY fmHH24fm:MI:SS.FF')
, 'qwfwe', 1, NULL, NULL);
INSERT INTO ADQ_PRESUPUESTOS ( X_PRESUPUESTO, T_CODIGO, L_CUENTA_FINAL, T_DESCRIPCION,
F_FECHA_LIMITE, T_NOTAS, P_PORCENTAJE_AVISO, BIB_X_BIBLIOTECA,
PRES_X_PRESUPUESTO ) VALUES (
-2, 'asdasdf', 0, 'asdfasdf', TO_TIMESTAMP('10/02/2009 0:00:00.000000','DD/MM/YYYY fmHH24fm:MI:SS.FF')
, 'adasdf', 1, NULL, NULL);
INSERT INTO ADQ_PRESUPUESTOS ( X_PRESUPUESTO, T_CODIGO, L_CUENTA_FINAL, T_DESCRIPCION,
F_FECHA_LIMITE, T_NOTAS, P_PORCENTAJE_AVISO, BIB_X_BIBLIOTECA,
PRES_X_PRESUPUESTO ) VALUES (
-3, 'asdfasd', 0, 'asdfasdf', TO_TIMESTAMP('10/02/2009 0:00:00.000000','DD/MM/YYYY fmHH24fm:MI:SS.FF')
, 'adfasdf', 1, NULL, NULL);
commit;

INSERT INTO ADQ_PROVEEDORES ( X_PROVEEDOR, T_CIF, T_DIRECCION_WEB, L_INSTITUCION,
T_NOMBRE_COMERCIAL, T_NOMBRE_FISCAL, PRO_X_PROVEEDOR_BIBLIOTECA ) VALUES (
-1, 'A58818501', 'asdfasdf', 0, 'nombrecomercial1', 'nombrefiscal1', -1);
INSERT INTO ADQ_PROVEEDORES ( X_PROVEEDOR, T_CIF, T_DIRECCION_WEB, L_INSTITUCION,
T_NOMBRE_COMERCIAL, T_NOMBRE_FISCAL, PRO_X_PROVEEDOR_BIBLIOTECA ) VALUES (
-2, 'B12345674', 'sdvdsav', 0, 'nombrecomercial2', 'nombrefiscal2', -2);
INSERT INTO ADQ_PROVEEDORES ( X_PROVEEDOR, T_CIF, T_DIRECCION_WEB, L_INSTITUCION,
T_NOMBRE_COMERCIAL, T_NOMBRE_FISCAL, PRO_X_PROVEEDOR_BIBLIOTECA ) VALUES (
-3, 'B83395988', 'asdvasd', 0, 'nombrecomercial3', 'nombrefiscal3', -3);
INSERT INTO ADQ_PROVEEDORES ( X_PROVEEDOR, T_CIF, T_DIRECCION_WEB, L_INSTITUCION,
T_NOMBRE_COMERCIAL, T_NOMBRE_FISCAL, PRO_X_PROVEEDOR_BIBLIOTECA ) VALUES (
-4, 'Q0818001J', 'asdvasd', 0, 'nombrecomercial4', 'nombrefiscal4', -4);
INSERT INTO ADQ_PROVEEDORES ( X_PROVEEDOR, T_CIF, T_DIRECCION_WEB, L_INSTITUCION,
T_NOMBRE_COMERCIAL, T_NOMBRE_FISCAL, PRO_X_PROVEEDOR_BIBLIOTECA ) VALUES (
-5, 'A82743287', 'asdvasd', 0, 'nombrecomercial5', 'nombrefiscal5', -5);
commit;

INSERT INTO ADQ_PROVEEDORES_BIBLIOTECAS ( X_PROVEEDOR_BIBLIOTECA, L_BLOQUEADO, P_DESCUENTO,
N_DIAS_DE_RECLAMACION, T_NOTAS, BIB_X_BIBLIOTECA ) VALUES (
-1, 0, 10, 1, 'NOTAS1', -7);
INSERT INTO ADQ_PROVEEDORES_BIBLIOTECAS ( X_PROVEEDOR_BIBLIOTECA, L_BLOQUEADO, P_DESCUENTO,
N_DIAS_DE_RECLAMACION, T_NOTAS, BIB_X_BIBLIOTECA ) VALUES (
-2, 1, 20, 2, 'NOTAS2', -7);
INSERT INTO ADQ_PROVEEDORES_BIBLIOTECAS ( X_PROVEEDOR_BIBLIOTECA, L_BLOQUEADO, P_DESCUENTO,
N_DIAS_DE_RECLAMACION, T_NOTAS, BIB_X_BIBLIOTECA ) VALUES (
-3, 0, 30, 3, 'NOTAS3', -7);
INSERT INTO ADQ_PROVEEDORES_BIBLIOTECAS ( X_PROVEEDOR_BIBLIOTECA, L_BLOQUEADO, P_DESCUENTO,
N_DIAS_DE_RECLAMACION, T_NOTAS, BIB_X_BIBLIOTECA ) VALUES (
-4, 0, 40, 4, 'NOTAS4', -7);
INSERT INTO ADQ_PROVEEDORES_BIBLIOTECAS ( X_PROVEEDOR_BIBLIOTECA, L_BLOQUEADO, P_DESCUENTO,
N_DIAS_DE_RECLAMACION, T_NOTAS, BIB_X_BIBLIOTECA ) VALUES (
-5, 0, 50, 5, 'NOTAS5', -7);
commit;

INSERT INTO ADQ_TIPOS_OPERACION ( X_TIPO_OPERACION, NOMBRE ) VALUES (
-1, 'nombre 001');
INSERT INTO ADQ_TIPOS_OPERACION ( X_TIPO_OPERACION, NOMBRE ) VALUES (
-2, 'nombre 002');
INSERT INTO ADQ_TIPOS_OPERACION ( X_TIPO_OPERACION, NOMBRE ) VALUES (
-3, 'nombre 003');
commit;

INSERT INTO ADQ_TRANSFERENCIAS ( X_TRANSFERENCIA, I_COMPROMETIDO, I_DISPONIBLE, F_FECHA,
PAR_X_PARTIDA_DESTINO, PAR_X_PARTIDA_ORIGEN ) VALUES (
-1, 1, 1, TO_TIMESTAMP('10/02/2009 0:00:00.000000','DD/MM/YYYY fmHH24fm:MI:SS.FF')
, NULL, NULL);
INSERT INTO ADQ_TRANSFERENCIAS ( X_TRANSFERENCIA, I_COMPROMETIDO, I_DISPONIBLE, F_FECHA,
PAR_X_PARTIDA_DESTINO, PAR_X_PARTIDA_ORIGEN ) VALUES (
-2, 1, 1, TO_TIMESTAMP('10/02/2009 0:00:00.000000','DD/MM/YYYY fmHH24fm:MI:SS.FF')
, NULL, NULL);
INSERT INTO ADQ_TRANSFERENCIAS ( X_TRANSFERENCIA, I_COMPROMETIDO, I_DISPONIBLE, F_FECHA,
PAR_X_PARTIDA_DESTINO, PAR_X_PARTIDA_ORIGEN ) VALUES (
-3, 1, 1, TO_TIMESTAMP('10/02/2009 0:00:00.000000','DD/MM/YYYY fmHH24fm:MI:SS.FF')
, NULL, NULL);
commit;

INSERT INTO BIB_DIG_ACTIVO_DIGITAL ( X_ACTIVO_DIGITAL, T_AREA, L_ESTADO, F_FECHA_CREACION,
F_FECHA_VINCULACION, T_MOD_CONTENIDO, T_PID, T_UID, T_URL, L_VISIBILIDAD,
REG_X_REGISTRO ) VALUES (
-1, 'Biblioteca de Antequera', 1, TO_TIMESTAMP('21/02/1998 0:00:00.000000','DD/MM/YYYY fmHH24fm:MI:SS.FF')
, NULL, 'Libro', '0000000001', '-1', 'http://dev.librae.org/ute/varios/Informe_Interfaces_LibrAE_01.02.pdf'
, 1, NULL);
INSERT INTO BIB_DIG_ACTIVO_DIGITAL ( X_ACTIVO_DIGITAL, T_AREA, L_ESTADO, F_FECHA_CREACION,
F_FECHA_VINCULACION, T_MOD_CONTENIDO, T_PID, T_UID, T_URL, L_VISIBILIDAD,
REG_X_REGISTRO ) VALUES (
-2, 'Biblioteca de Antequera', 1, TO_TIMESTAMP('03/12/2005 0:00:00.000000','DD/MM/YYYY fmHH24fm:MI:SS.FF')
, NULL, 'Video', '0000000002', NULL, 'http://www.juntadeandalucia.es/cultura/bivian/media/videos/biblioteca_voces/cultura_oral/gr_loj_20070518-00/index.html'
, 1, NULL);
INSERT INTO BIB_DIG_ACTIVO_DIGITAL ( X_ACTIVO_DIGITAL, T_AREA, L_ESTADO, F_FECHA_CREACION,
F_FECHA_VINCULACION, T_MOD_CONTENIDO, T_PID, T_UID, T_URL, L_VISIBILIDAD,
REG_X_REGISTRO ) VALUES (
-3, 'Biblioteca de Antequera', 1, TO_TIMESTAMP('10/10/2000 0:00:00.000000','DD/MM/YYYY fmHH24fm:MI:SS.FF')
, NULL, 'Libro', '0000000003', NULL, 'http://dev.librae.org/ute/varios/Informe_Interfaces_LibrAE_01.02.pdf'
, 1, NULL);
INSERT INTO BIB_DIG_ACTIVO_DIGITAL ( X_ACTIVO_DIGITAL, T_AREA, L_ESTADO, F_FECHA_CREACION,
F_FECHA_VINCULACION, T_MOD_CONTENIDO, T_PID, T_UID, T_URL, L_VISIBILIDAD,
REG_X_REGISTRO ) VALUES (
-4, 'Biblioteca de Antequera', 1, TO_TIMESTAMP('06/06/2003 0:00:00.000000','DD/MM/YYYY fmHH24fm:MI:SS.FF')
, NULL, 'Audio', '0000000004', NULL, 'http://www.juntadeandalucia.es/cultura/bibliotecavirtualandalucia/catalogo_imagenes/grupo.cmd?path=1004206'
, 1, NULL);
INSERT INTO BIB_DIG_ACTIVO_DIGITAL ( X_ACTIVO_DIGITAL, T_AREA, L_ESTADO, F_FECHA_CREACION,
F_FECHA_VINCULACION, T_MOD_CONTENIDO, T_PID, T_UID, T_URL, L_VISIBILIDAD,
REG_X_REGISTRO ) VALUES (
-5, 'Biblioteca de Antequera', 1, TO_TIMESTAMP('12/12/1986 0:00:00.000000','DD/MM/YYYY fmHH24fm:MI:SS.FF')
, NULL, 'Audio', '0000000005', '-5', 'http://www.juntadeandalucia.es/cultura/bibliotecavirtualandalucia/catalogo_imagenes/grupo.cmd?path=1004206'
, 1, NULL);
commit;

INSERT INTO CAT_AUTORIDAD_TIPO ( X_AUTORIDAD_TIPO, C_CODIGO, T_TIPO ) VALUES (
-1, '11', 'SubencabezamientoForma');
INSERT INTO CAT_AUTORIDAD_TIPO ( X_AUTORIDAD_TIPO, C_CODIGO, T_TIPO ) VALUES (
-2, '10', 'SubencabezamientoCronologico');
INSERT INTO CAT_AUTORIDAD_TIPO ( X_AUTORIDAD_TIPO, C_CODIGO, T_TIPO ) VALUES (
-3, '09', 'SubencabezamientoGeografico');
INSERT INTO CAT_AUTORIDAD_TIPO ( X_AUTORIDAD_TIPO, C_CODIGO, T_TIPO ) VALUES (
-4, '08', 'SubencabezamientoMateria');
INSERT INTO CAT_AUTORIDAD_TIPO ( X_AUTORIDAD_TIPO, C_CODIGO, T_TIPO ) VALUES (
-5, '07', 'AutoridadGeneroForma');
INSERT INTO CAT_AUTORIDAD_TIPO ( X_AUTORIDAD_TIPO, C_CODIGO, T_TIPO ) VALUES (
-6, '06', 'AutoridadGeografica');
INSERT INTO CAT_AUTORIDAD_TIPO ( X_AUTORIDAD_TIPO, C_CODIGO, T_TIPO ) VALUES (
-7, '05', 'AutoridadMateria');
INSERT INTO CAT_AUTORIDAD_TIPO ( X_AUTORIDAD_TIPO, C_CODIGO, T_TIPO ) VALUES (
-8, '04', 'AutoridadTitulo');
INSERT INTO CAT_AUTORIDAD_TIPO ( X_AUTORIDAD_TIPO, C_CODIGO, T_TIPO ) VALUES (
-9, '03', 'Congreso');
INSERT INTO CAT_AUTORIDAD_TIPO ( X_AUTORIDAD_TIPO, C_CODIGO, T_TIPO ) VALUES (
-10, '02', 'AutoridadEntidad');
INSERT INTO CAT_AUTORIDAD_TIPO ( X_AUTORIDAD_TIPO, C_CODIGO, T_TIPO ) VALUES (
-11, '01', 'AutorPersonal');
commit;

INSERT INTO CAT_BUSQUEDA_EXPERTA ( X_BUSQUEDA_EXPERTA, T_CONSULTA, F_FECHA, T_NUMERO_REGISTROS,
T_TIPO, F_USUARIO ) VALUES (
-1, '*:*', TO_TIMESTAMP('09/02/2009 0:00:00.000000','DD/MM/YYYY fmHH24fm:MI:SS.FF')
, '25', 'org.librae.catalogacion.webapp.action.BusquedaExpertaAutoridadAction', -1);
commit;

INSERT INTO CAT_EJEMPLAR_ESTADOS ( X_EJEMPLAR_ESTADO, C_CODIGO, T_ESTADO,
ESTADONCIP ) VALUES (
-1, 'R', '#ejemplarEstado.regular', NULL);
INSERT INTO CAT_EJEMPLAR_ESTADOS ( X_EJEMPLAR_ESTADO, C_CODIGO, T_ESTADO,
ESTADONCIP ) VALUES (
-2, 'M', '#ejemplarEstado.deteriorado', NULL);
INSERT INTO CAT_EJEMPLAR_ESTADOS ( X_EJEMPLAR_ESTADO, C_CODIGO, T_ESTADO,
ESTADONCIP ) VALUES (
-3, 'B', '#ejemplarEstado.bueno', NULL);
commit;

INSERT INTO CAT_EJEMPLAR_LOCALIZACIONES ( X_EJEMPLAR_LOCALIZACION, C_CODIGO, T_LOCALIZACION,
BIB_X_BIBLIOTECA ) VALUES (
-1, 'V', '#ejemplarLocalizacion.videoteca', NULL);
INSERT INTO CAT_EJEMPLAR_LOCALIZACIONES ( X_EJEMPLAR_LOCALIZACION, C_CODIGO, T_LOCALIZACION,
BIB_X_BIBLIOTECA ) VALUES (
-2, 'UI', '#ejemplarLocalizacion.usointerno', NULL);
INSERT INTO CAT_EJEMPLAR_LOCALIZACIONES ( X_EJEMPLAR_LOCALIZACION, C_CODIGO, T_LOCALIZACION,
BIB_X_BIBLIOTECA ) VALUES (
-3, 'TAN', '#ejemplarLocalizacion.temasandaluces', NULL);
INSERT INTO CAT_EJEMPLAR_LOCALIZACIONES ( X_EJEMPLAR_LOCALIZACION, C_CODIGO, T_LOCALIZACION,
BIB_X_BIBLIOTECA ) VALUES (
-4, 'PRE', '#ejemplarLocalizacion.prestamo', NULL);
INSERT INTO CAT_EJEMPLAR_LOCALIZACIONES ( X_EJEMPLAR_LOCALIZACION, C_CODIGO, T_LOCALIZACION,
BIB_X_BIBLIOTECA ) VALUES (
-5, 'PP', '#ejemplarLocalizacion.publicacionesperiodicas', NULL);
INSERT INTO CAT_EJEMPLAR_LOCALIZACIONES ( X_EJEMPLAR_LOCALIZACION, C_CODIGO, T_LOCALIZACION,
BIB_X_BIBLIOTECA ) VALUES (
-6, 'PO', '#ejemplarLocalizacion.publicacionesoficiales', NULL);
INSERT INTO CAT_EJEMPLAR_LOCALIZACIONES ( X_EJEMPLAR_LOCALIZACION, C_CODIGO, T_LOCALIZACION,
BIB_X_BIBLIOTECA ) VALUES (
-7, 'OT', '#ejemplarLocalizacion.otraslenguas', NULL);
INSERT INTO CAT_EJEMPLAR_LOCALIZACIONES ( X_EJEMPLAR_LOCALIZACION, C_CODIGO, T_LOCALIZACION,
BIB_X_BIBLIOTECA ) VALUES (
-8, 'OLD ', '#ejemplarLocalizacion.obrasliterariasdeposito', NULL);
INSERT INTO CAT_EJEMPLAR_LOCALIZACIONES ( X_EJEMPLAR_LOCALIZACION, C_CODIGO, T_LOCALIZACION,
BIB_X_BIBLIOTECA ) VALUES (
-9, 'OL', '#ejemplarLocalizacion.obrasliterarias', NULL);
INSERT INTO CAT_EJEMPLAR_LOCALIZACIONES ( X_EJEMPLAR_LOCALIZACION, C_CODIGO, T_LOCALIZACION,
BIB_X_BIBLIOTECA ) VALUES (
-10, 'MUL', '#ejemplarLocalizacion.fondomulticultural', NULL);
INSERT INTO CAT_EJEMPLAR_LOCALIZACIONES ( X_EJEMPLAR_LOCALIZACION, C_CODIGO, T_LOCALIZACION,
BIB_X_BIBLIOTECA ) VALUES (
-11, 'MPR', '#ejemplarLocalizacion.mostradorprestamo', NULL);
INSERT INTO CAT_EJEMPLAR_LOCALIZACIONES ( X_EJEMPLAR_LOCALIZACION, C_CODIGO, T_LOCALIZACION,
BIB_X_BIBLIOTECA ) VALUES (
-12, 'MG', '#ejemplarLocalizacion.materialgrafico', NULL);
INSERT INTO CAT_EJEMPLAR_LOCALIZACIONES ( X_EJEMPLAR_LOCALIZACION, C_CODIGO, T_LOCALIZACION,
BIB_X_BIBLIOTECA ) VALUES (
-13, 'LC', '#ejemplarLocalizacion.lecturareferencia', NULL);
INSERT INTO CAT_EJEMPLAR_LOCALIZACIONES ( X_EJEMPLAR_LOCALIZACION, C_CODIGO, T_LOCALIZACION,
BIB_X_BIBLIOTECA ) VALUES (
-14, 'LO', '#ejemplarLocalizacion.leyesopocisiones', NULL);
INSERT INTO CAT_EJEMPLAR_LOCALIZACIONES ( X_EJEMPLAR_LOCALIZACION, C_CODIGO, T_LOCALIZACION,
BIB_X_BIBLIOTECA ) VALUES (
-15, 'LG', '#ejemplarLocalizacion.literaturagris', NULL);
INSERT INTO CAT_EJEMPLAR_LOCALIZACIONES ( X_EJEMPLAR_LOCALIZACION, C_CODIGO, T_LOCALIZACION,
BIB_X_BIBLIOTECA ) VALUES (
-16, 'IVE', '#ejemplarLocalizacion.infantiljuvenilverde', NULL);
INSERT INTO CAT_EJEMPLAR_LOCALIZACIONES ( X_EJEMPLAR_LOCALIZACION, C_CODIGO, T_LOCALIZACION,
BIB_X_BIBLIOTECA ) VALUES (
-17, 'IRO', '#ejemplarLocalizacion.infantiljuvenilrojo', NULL);
INSERT INTO CAT_EJEMPLAR_LOCALIZACIONES ( X_EJEMPLAR_LOCALIZACION, C_CODIGO, T_LOCALIZACION,
BIB_X_BIBLIOTECA ) VALUES (
-18, 'IMO', '#ejemplarLocalizacion.infantiljuvenilmorado', NULL);
INSERT INTO CAT_EJEMPLAR_LOCALIZACIONES ( X_EJEMPLAR_LOCALIZACION, C_CODIGO, T_LOCALIZACION,
BIB_X_BIBLIOTECA ) VALUES (
-19, 'IJ', '#ejemplarLocalizacion.infantiljuvenil', NULL);
INSERT INTO CAT_EJEMPLAR_LOCALIZACIONES ( X_EJEMPLAR_LOCALIZACION, C_CODIGO, T_LOCALIZACION,
BIB_X_BIBLIOTECA ) VALUES (
-20, 'IBL', '#ejemplarLocalizacion.infantiljuvenilblanco', NULL);
INSERT INTO CAT_EJEMPLAR_LOCALIZACIONES ( X_EJEMPLAR_LOCALIZACION, C_CODIGO, T_LOCALIZACION,
BIB_X_BIBLIOTECA ) VALUES (
-21, 'IAZ', '#ejemplarLocalizacion.infantiljuvenilazul', NULL);
INSERT INTO CAT_EJEMPLAR_LOCALIZACIONES ( X_EJEMPLAR_LOCALIZACION, C_CODIGO, T_LOCALIZACION,
BIB_X_BIBLIOTECA ) VALUES (
-22, 'IAM', '#ejemplarLocalizacion.infantiljuvenilamarillo', NULL);
INSERT INTO CAT_EJEMPLAR_LOCALIZACIONES ( X_EJEMPLAR_LOCALIZACION, C_CODIGO, T_LOCALIZACION,
BIB_X_BIBLIOTECA ) VALUES (
-23, 'FL', '#ejemplarLocalizacion.fondolocal', NULL);
INSERT INTO CAT_EJEMPLAR_LOCALIZACIONES ( X_EJEMPLAR_LOCALIZACION, C_CODIGO, T_LOCALIZACION,
BIB_X_BIBLIOTECA ) VALUES (
-24, 'FA', '#ejemplarLocalizacion.fondoantiguo', NULL);
INSERT INTO CAT_EJEMPLAR_LOCALIZACIONES ( X_EJEMPLAR_LOCALIZACION, C_CODIGO, T_LOCALIZACION,
BIB_X_BIBLIOTECA ) VALUES (
-25, 'F', '#ejemplarLocalizacion.fonoteca', NULL);
INSERT INTO CAT_EJEMPLAR_LOCALIZACIONES ( X_EJEMPLAR_LOCALIZACION, C_CODIGO, T_LOCALIZACION,
BIB_X_BIBLIOTECA ) VALUES (
-26, 'EXP', '#ejemplarLocalizacion.expositoresnovedades', NULL);
INSERT INTO CAT_EJEMPLAR_LOCALIZACIONES ( X_EJEMPLAR_LOCALIZACION, C_CODIGO, T_LOCALIZACION,
BIB_X_BIBLIOTECA ) VALUES (
-27, 'E', '#ejemplarLocalizacion.exteriorespecialotros', NULL);
INSERT INTO CAT_EJEMPLAR_LOCALIZACIONES ( X_EJEMPLAR_LOCALIZACION, C_CODIGO, T_LOCALIZACION,
BIB_X_BIBLIOTECA ) VALUES (
-28, 'DEP', '#ejemplarLocalizacion.deposito', NULL);
INSERT INTO CAT_EJEMPLAR_LOCALIZACIONES ( X_EJEMPLAR_LOCALIZACION, C_CODIGO, T_LOCALIZACION,
BIB_X_BIBLIOTECA ) VALUES (
-29, 'D2', '#ejemplarLocalizacion.depositooculto', NULL);
INSERT INTO CAT_EJEMPLAR_LOCALIZACIONES ( X_EJEMPLAR_LOCALIZACION, C_CODIGO, T_LOCALIZACION,
BIB_X_BIBLIOTECA ) VALUES (
-30, 'CO', '#ejemplarLocalizacion.comic', NULL);
INSERT INTO CAT_EJEMPLAR_LOCALIZACIONES ( X_EJEMPLAR_LOCALIZACION, C_CODIGO, T_LOCALIZACION,
BIB_X_BIBLIOTECA ) VALUES (
-31, 'CAR', '#ejemplarLocalizacion.cartografia', NULL);
INSERT INTO CAT_EJEMPLAR_LOCALIZACIONES ( X_EJEMPLAR_LOCALIZACION, C_CODIGO, T_LOCALIZACION,
BIB_X_BIBLIOTECA ) VALUES (
-32, 'BB', '#ejemplarLocalizacion.bebeteca', NULL);
INSERT INTO CAT_EJEMPLAR_LOCALIZACIONES ( X_EJEMPLAR_LOCALIZACION, C_CODIGO, T_LOCALIZACION,
BIB_X_BIBLIOTECA ) VALUES (
-33, 'A', '#ejemplarLocalizacion.audiovisualesmultimedia', NULL);
commit;

INSERT INTO CAT_EJEMPLAR_SITUACIONES ( X_EJEMPLAR_SITUACION, C_CODIGO,
T_SITUACION ) VALUES (
-1, 'R', '#ejemplarsituacion.enRevision');
INSERT INTO CAT_EJEMPLAR_SITUACIONES ( X_EJEMPLAR_SITUACION, C_CODIGO,
T_SITUACION ) VALUES (
-2, 'I', '#ejemplarsituacion.enInventario');
INSERT INTO CAT_EJEMPLAR_SITUACIONES ( X_EJEMPLAR_SITUACION, C_CODIGO,
T_SITUACION ) VALUES (
-3, 'X', '#ejemplarsituacion.expurgado');
INSERT INTO CAT_EJEMPLAR_SITUACIONES ( X_EJEMPLAR_SITUACION, C_CODIGO,
T_SITUACION ) VALUES (
-4, 'P', '#ejemplarsituacion.perdido');
INSERT INTO CAT_EJEMPLAR_SITUACIONES ( X_EJEMPLAR_SITUACION, C_CODIGO,
T_SITUACION ) VALUES (
-5, 'C', '#ejemplarsituacion.circulacion');
INSERT INTO CAT_EJEMPLAR_SITUACIONES ( X_EJEMPLAR_SITUACION, C_CODIGO,
T_SITUACION ) VALUES (
-6, 'A', '#ejemplarsituacion.preCirculacion');
commit;

INSERT INTO CAT_EJEMPLAR_SOPORTES ( X_EJEMPLAR_SOPORTE, C_CODIGO,
T_SOPORTE ) VALUES (
-1, 'MI', '#ejemplarSoporte.materialImpreso');
INSERT INTO CAT_EJEMPLAR_SOPORTES ( X_EJEMPLAR_SOPORTE, C_CODIGO,
T_SOPORTE ) VALUES (
-2, 'SE', '#ejemplarSoporte.soporteElectronico');
INSERT INTO CAT_EJEMPLAR_SOPORTES ( X_EJEMPLAR_SOPORTE, C_CODIGO,
T_SOPORTE ) VALUES (
-3, 'F', '#ejemplarSoporte.fotocopia');
commit;

INSERT INTO CAT_EJEMPLAR_TIPO ( X_EJEMPLAR_TIPO, N_MAX_PRESTAMOS, L_RENOVAR_EJEMPLAR_RESERVADO,
C_CODIGO, T_TIPO ) VALUES (
-1, 5, 0, 'PRN', '#ejemplarTipo.prestamonolibrario');
INSERT INTO CAT_EJEMPLAR_TIPO ( X_EJEMPLAR_TIPO, N_MAX_PRESTAMOS, L_RENOVAR_EJEMPLAR_RESERVADO,
C_CODIGO, T_TIPO ) VALUES (
-2, 5, 0, 'PRL', '#ejemplarTipo.prestamolimitado');
INSERT INTO CAT_EJEMPLAR_TIPO ( X_EJEMPLAR_TIPO, N_MAX_PRESTAMOS, L_RENOVAR_EJEMPLAR_RESERVADO,
C_CODIGO, T_TIPO ) VALUES (
-3, 5, 0, 'PDU', '#ejemplarTipo.prestamodomicilioanejoaudio');
INSERT INTO CAT_EJEMPLAR_TIPO ( X_EJEMPLAR_TIPO, N_MAX_PRESTAMOS, L_RENOVAR_EJEMPLAR_RESERVADO,
C_CODIGO, T_TIPO ) VALUES (
-4, 5, 0, 'PDJ', '#ejemplarTipo.prestamodomicilioanejo');
INSERT INTO CAT_EJEMPLAR_TIPO ( X_EJEMPLAR_TIPO, N_MAX_PRESTAMOS, L_RENOVAR_EJEMPLAR_RESERVADO,
C_CODIGO, T_TIPO ) VALUES (
-5, 5, 0, 'P', '#ejemplarTipo.prestablelibros');
INSERT INTO CAT_EJEMPLAR_TIPO ( X_EJEMPLAR_TIPO, N_MAX_PRESTAMOS, L_RENOVAR_EJEMPLAR_RESERVADO,
C_CODIGO, T_TIPO ) VALUES (
-6, 0, 0, 'NOP', '#ejemplarTipo.noprestabledomicilio');
INSERT INTO CAT_EJEMPLAR_TIPO ( X_EJEMPLAR_TIPO, N_MAX_PRESTAMOS, L_RENOVAR_EJEMPLAR_RESERVADO,
C_CODIGO, T_TIPO ) VALUES (
-7, 0, 0, 'EP', '#ejemplarTipo.excluidoprestamo');
commit;

INSERT INTO CAT_EJEMPLARES ( X_EJEMPLAR, N_CODIGO_BARRAS, F_FECHA_CAMBIO_SITUACION,
F_FECHA_DEVOLUCION, F_FECHA_INGRESO_INVENTARIO, F_FECHA_MODIFICACION, F_FECHA_PRESTAMO,
F_FECHA_REGISTRO, F_FECHA_ULTIMA_DEVOLUCION, L_IMPRESO_CODIGO_BARRA, L_IMPRESO_ETIQUETA,
L_IMPRESO_TEJUELO, N_NUMERO_PRESTAMOS, N_NUMERO_REGISTRO, T_SIGNATURA, T_SIGNATURA_SUPLEMENTARIA,
T_TEXTO, L_VISIBLE_OPAC, C_VOLUMEN, BIB_X_BIBLIOTECA, EJE_X_EJEMPLAR_ESTADO,
EJE_X_EJEMPLAR_LOCALIZACION, EJE_X_EJEMPLAR_SITUACION, EJE_X_EJEMPLAR_SOPORTE, EJE_X_EJEMPLAR_TIPO,
EST_X_ESTADO_CIRCULACION, PRO_X_PROCEDENCIA, RES_X_RESTRICCION_USO ) VALUES (
-1, '00001', NULL, NULL, TO_TIMESTAMP('15/02/2010 0:00:00.000000','DD/MM/YYYY fmHH24fm:MI:SS.FF')
, NULL, NULL, TO_TIMESTAMP('01/01/2009 0:00:00.000000','DD/MM/YYYY fmHH24fm:MI:SS.FF')
, TO_TIMESTAMP('01/01/2009 0:00:00.000000','DD/MM/YYYY fmHH24fm:MI:SS.FF'), 1, 1, 1
, NULL, 10001, 'N LOK tes', 'Ejemplar numero 1', 'Los dioses en el exilio', 1, '1'
, -7, -3, -1, -1, -1, -3, NULL, -1, NULL);
INSERT INTO CAT_EJEMPLARES ( X_EJEMPLAR, N_CODIGO_BARRAS, F_FECHA_CAMBIO_SITUACION,
F_FECHA_DEVOLUCION, F_FECHA_INGRESO_INVENTARIO, F_FECHA_MODIFICACION, F_FECHA_PRESTAMO,
F_FECHA_REGISTRO, F_FECHA_ULTIMA_DEVOLUCION, L_IMPRESO_CODIGO_BARRA, L_IMPRESO_ETIQUETA,
L_IMPRESO_TEJUELO, N_NUMERO_PRESTAMOS, N_NUMERO_REGISTRO, T_SIGNATURA, T_SIGNATURA_SUPLEMENTARIA,
T_TEXTO, L_VISIBLE_OPAC, C_VOLUMEN, BIB_X_BIBLIOTECA, EJE_X_EJEMPLAR_ESTADO,
EJE_X_EJEMPLAR_LOCALIZACION, EJE_X_EJEMPLAR_SITUACION, EJE_X_EJEMPLAR_SOPORTE, EJE_X_EJEMPLAR_TIPO,
EST_X_ESTADO_CIRCULACION, PRO_X_PROCEDENCIA, RES_X_RESTRICCION_USO ) VALUES (
-2, '00002', NULL, NULL, TO_TIMESTAMP('01/01/2010 0:00:00.000000','DD/MM/YYYY fmHH24fm:MI:SS.FF')
, NULL, NULL, TO_TIMESTAMP('01/01/2009 0:00:00.000000','DD/MM/YYYY fmHH24fm:MI:SS.FF')
, TO_TIMESTAMP('01/01/2009 0:00:00.000000','DD/MM/YYYY fmHH24fm:MI:SS.FF'), 1, 1, 1
, NULL, 20002, 'A BAC cir', 'Ejemplar numero 2', 'La catedral del mar', 1, '1', -7
, -2, -2, -2, -2, -2, NULL, -2, NULL);
INSERT INTO CAT_EJEMPLARES ( X_EJEMPLAR, N_CODIGO_BARRAS, F_FECHA_CAMBIO_SITUACION,
F_FECHA_DEVOLUCION, F_FECHA_INGRESO_INVENTARIO, F_FECHA_MODIFICACION, F_FECHA_PRESTAMO,
F_FECHA_REGISTRO, F_FECHA_ULTIMA_DEVOLUCION, L_IMPRESO_CODIGO_BARRA, L_IMPRESO_ETIQUETA,
L_IMPRESO_TEJUELO, N_NUMERO_PRESTAMOS, N_NUMERO_REGISTRO, T_SIGNATURA, T_SIGNATURA_SUPLEMENTARIA,
T_TEXTO, L_VISIBLE_OPAC, C_VOLUMEN, BIB_X_BIBLIOTECA, EJE_X_EJEMPLAR_ESTADO,
EJE_X_EJEMPLAR_LOCALIZACION, EJE_X_EJEMPLAR_SITUACION, EJE_X_EJEMPLAR_SOPORTE, EJE_X_EJEMPLAR_TIPO,
EST_X_ESTADO_CIRCULACION, PRO_X_PROCEDENCIA, RES_X_RESTRICCION_USO ) VALUES (
-3, '00003', NULL, NULL, TO_TIMESTAMP('01/12/2009 0:00:00.000000','DD/MM/YYYY fmHH24fm:MI:SS.FF')
, NULL, NULL, TO_TIMESTAMP('01/01/2009 0:00:00.000000','DD/MM/YYYY fmHH24fm:MI:SS.FF')
, TO_TIMESTAMP('01/01/2009 0:00:00.000000','DD/MM/YYYY fmHH24fm:MI:SS.FF'), 1, 1, 1
, NULL, 20003, 'I KUL coc', 'Ejemplar numero 3', 'El capitan alatriste', 1, '1', -7
, -3, -2, -5, -1, -6, NULL, -8, NULL);
INSERT INTO CAT_EJEMPLARES ( X_EJEMPLAR, N_CODIGO_BARRAS, F_FECHA_CAMBIO_SITUACION,
F_FECHA_DEVOLUCION, F_FECHA_INGRESO_INVENTARIO, F_FECHA_MODIFICACION, F_FECHA_PRESTAMO,
F_FECHA_REGISTRO, F_FECHA_ULTIMA_DEVOLUCION, L_IMPRESO_CODIGO_BARRA, L_IMPRESO_ETIQUETA,
L_IMPRESO_TEJUELO, N_NUMERO_PRESTAMOS, N_NUMERO_REGISTRO, T_SIGNATURA, T_SIGNATURA_SUPLEMENTARIA,
T_TEXTO, L_VISIBLE_OPAC, C_VOLUMEN, BIB_X_BIBLIOTECA, EJE_X_EJEMPLAR_ESTADO,
EJE_X_EJEMPLAR_LOCALIZACION, EJE_X_EJEMPLAR_SITUACION, EJE_X_EJEMPLAR_SOPORTE, EJE_X_EJEMPLAR_TIPO,
EST_X_ESTADO_CIRCULACION, PRO_X_PROCEDENCIA, RES_X_RESTRICCION_USO ) VALUES (
-4, '00004', NULL, NULL, TO_TIMESTAMP('01/12/2009 0:00:00.000000','DD/MM/YYYY fmHH24fm:MI:SS.FF')
, NULL, NULL, TO_TIMESTAMP('01/01/2009 0:00:00.000000','DD/MM/YYYY fmHH24fm:MI:SS.FF')
, TO_TIMESTAMP('01/01/2009 0:00:00.000000','DD/MM/YYYY fmHH24fm:MI:SS.FF'), 1, 1, 1
, NULL, 20004, '640 MOR mil', 'Ejemplar numero 4', 'Literatura y vida', 1, '1', -7
, -3, -31, -1, -1, -3, NULL, -1, NULL);
INSERT INTO CAT_EJEMPLARES ( X_EJEMPLAR, N_CODIGO_BARRAS, F_FECHA_CAMBIO_SITUACION,
F_FECHA_DEVOLUCION, F_FECHA_INGRESO_INVENTARIO, F_FECHA_MODIFICACION, F_FECHA_PRESTAMO,
F_FECHA_REGISTRO, F_FECHA_ULTIMA_DEVOLUCION, L_IMPRESO_CODIGO_BARRA, L_IMPRESO_ETIQUETA,
L_IMPRESO_TEJUELO, N_NUMERO_PRESTAMOS, N_NUMERO_REGISTRO, T_SIGNATURA, T_SIGNATURA_SUPLEMENTARIA,
T_TEXTO, L_VISIBLE_OPAC, C_VOLUMEN, BIB_X_BIBLIOTECA, EJE_X_EJEMPLAR_ESTADO,
EJE_X_EJEMPLAR_LOCALIZACION, EJE_X_EJEMPLAR_SITUACION, EJE_X_EJEMPLAR_SOPORTE, EJE_X_EJEMPLAR_TIPO,
EST_X_ESTADO_CIRCULACION, PRO_X_PROCEDENCIA, RES_X_RESTRICCION_USO ) VALUES (
-5, '00005', NULL, NULL, TO_TIMESTAMP('01/11/2009 0:00:00.000000','DD/MM/YYYY fmHH24fm:MI:SS.FF')
, NULL, NULL, TO_TIMESTAMP('01/01/2009 0:00:00.000000','DD/MM/YYYY fmHH24fm:MI:SS.FF')
, TO_TIMESTAMP('01/01/2009 0:00:00.000000','DD/MM/YYYY fmHH24fm:MI:SS.FF'), 1, 1, 1
, NULL, 20005, '641 BER mar', 'Ejemplar numero 5', 'El conde de montecristo', 1, '1'
, -6, -1, -23, -1, -1, -3, NULL, -1, NULL);
INSERT INTO CAT_EJEMPLARES ( X_EJEMPLAR, N_CODIGO_BARRAS, F_FECHA_CAMBIO_SITUACION,
F_FECHA_DEVOLUCION, F_FECHA_INGRESO_INVENTARIO, F_FECHA_MODIFICACION, F_FECHA_PRESTAMO,
F_FECHA_REGISTRO, F_FECHA_ULTIMA_DEVOLUCION, L_IMPRESO_CODIGO_BARRA, L_IMPRESO_ETIQUETA,
L_IMPRESO_TEJUELO, N_NUMERO_PRESTAMOS, N_NUMERO_REGISTRO, T_SIGNATURA, T_SIGNATURA_SUPLEMENTARIA,
T_TEXTO, L_VISIBLE_OPAC, C_VOLUMEN, BIB_X_BIBLIOTECA, EJE_X_EJEMPLAR_ESTADO,
EJE_X_EJEMPLAR_LOCALIZACION, EJE_X_EJEMPLAR_SITUACION, EJE_X_EJEMPLAR_SOPORTE, EJE_X_EJEMPLAR_TIPO,
EST_X_ESTADO_CIRCULACION, PRO_X_PROCEDENCIA, RES_X_RESTRICCION_USO ) VALUES (
-6, '00006', NULL, NULL, TO_TIMESTAMP('01/11/2009 0:00:00.000000','DD/MM/YYYY fmHH24fm:MI:SS.FF')
, NULL, NULL, TO_TIMESTAMP('01/01/2009 0:00:00.000000','DD/MM/YYYY fmHH24fm:MI:SS.FF')
, TO_TIMESTAMP('01/01/2009 0:00:00.000000','DD/MM/YYYY fmHH24fm:MI:SS.FF'), 1, 1, 1
, NULL, 20006, '347 ES por', 'Ejemplar numero 6', 'Pilates', 1, '1', -6, -2, -22, -1
, -1, -3, NULL, -1, NULL);
INSERT INTO CAT_EJEMPLARES ( X_EJEMPLAR, N_CODIGO_BARRAS, F_FECHA_CAMBIO_SITUACION,
F_FECHA_DEVOLUCION, F_FECHA_INGRESO_INVENTARIO, F_FECHA_MODIFICACION, F_FECHA_PRESTAMO,
F_FECHA_REGISTRO, F_FECHA_ULTIMA_DEVOLUCION, L_IMPRESO_CODIGO_BARRA, L_IMPRESO_ETIQUETA,
L_IMPRESO_TEJUELO, N_NUMERO_PRESTAMOS, N_NUMERO_REGISTRO, T_SIGNATURA, T_SIGNATURA_SUPLEMENTARIA,
T_TEXTO, L_VISIBLE_OPAC, C_VOLUMEN, BIB_X_BIBLIOTECA, EJE_X_EJEMPLAR_ESTADO,
EJE_X_EJEMPLAR_LOCALIZACION, EJE_X_EJEMPLAR_SITUACION, EJE_X_EJEMPLAR_SOPORTE, EJE_X_EJEMPLAR_TIPO,
EST_X_ESTADO_CIRCULACION, PRO_X_PROCEDENCIA, RES_X_RESTRICCION_USO ) VALUES (
-7, '00007', NULL, NULL, TO_TIMESTAMP('01/11/2009 0:00:00.000000','DD/MM/YYYY fmHH24fm:MI:SS.FF')
, NULL, NULL, TO_TIMESTAMP('01/01/2009 0:00:00.000000','DD/MM/YYYY fmHH24fm:MI:SS.FF')
, TO_TIMESTAMP('01/01/2009 0:00:00.000000','DD/MM/YYYY fmHH24fm:MI:SS.FF'), 1, 1, 1
, NULL, 20007, '327 HUN cho', 'Ejemplar numero 7', 'Surrealismo', 1, '1', -7, -1, -15
, -1, -1, -3, NULL, -1, NULL);
INSERT INTO CAT_EJEMPLARES ( X_EJEMPLAR, N_CODIGO_BARRAS, F_FECHA_CAMBIO_SITUACION,
F_FECHA_DEVOLUCION, F_FECHA_INGRESO_INVENTARIO, F_FECHA_MODIFICACION, F_FECHA_PRESTAMO,
F_FECHA_REGISTRO, F_FECHA_ULTIMA_DEVOLUCION, L_IMPRESO_CODIGO_BARRA, L_IMPRESO_ETIQUETA,
L_IMPRESO_TEJUELO, N_NUMERO_PRESTAMOS, N_NUMERO_REGISTRO, T_SIGNATURA, T_SIGNATURA_SUPLEMENTARIA,
T_TEXTO, L_VISIBLE_OPAC, C_VOLUMEN, BIB_X_BIBLIOTECA, EJE_X_EJEMPLAR_ESTADO,
EJE_X_EJEMPLAR_LOCALIZACION, EJE_X_EJEMPLAR_SITUACION, EJE_X_EJEMPLAR_SOPORTE, EJE_X_EJEMPLAR_TIPO,
EST_X_ESTADO_CIRCULACION, PRO_X_PROCEDENCIA, RES_X_RESTRICCION_USO ) VALUES (
-8, '00008', NULL, NULL, TO_TIMESTAMP('01/11/2009 0:00:00.000000','DD/MM/YYYY fmHH24fm:MI:SS.FF')
, NULL, NULL, TO_TIMESTAMP('01/01/2009 0:00:00.000000','DD/MM/YYYY fmHH24fm:MI:SS.FF')
, TO_TIMESTAMP('01/01/2009 0:00:00.000000','DD/MM/YYYY fmHH24fm:MI:SS.FF'), 1, 1, 1
, NULL, 20003, '1 SSH ole', 'Ejemplar numero 3', 'El diccionario del mago', 1, '1'
, -7, -2, -17, -1, -1, -3, NULL, -1, NULL);
INSERT INTO CAT_EJEMPLARES ( X_EJEMPLAR, N_CODIGO_BARRAS, F_FECHA_CAMBIO_SITUACION,
F_FECHA_DEVOLUCION, F_FECHA_INGRESO_INVENTARIO, F_FECHA_MODIFICACION, F_FECHA_PRESTAMO,
F_FECHA_REGISTRO, F_FECHA_ULTIMA_DEVOLUCION, L_IMPRESO_CODIGO_BARRA, L_IMPRESO_ETIQUETA,
L_IMPRESO_TEJUELO, N_NUMERO_PRESTAMOS, N_NUMERO_REGISTRO, T_SIGNATURA, T_SIGNATURA_SUPLEMENTARIA,
T_TEXTO, L_VISIBLE_OPAC, C_VOLUMEN, BIB_X_BIBLIOTECA, EJE_X_EJEMPLAR_ESTADO,
EJE_X_EJEMPLAR_LOCALIZACION, EJE_X_EJEMPLAR_SITUACION, EJE_X_EJEMPLAR_SOPORTE, EJE_X_EJEMPLAR_TIPO,
EST_X_ESTADO_CIRCULACION, PRO_X_PROCEDENCIA, RES_X_RESTRICCION_USO ) VALUES (
-9, '00009', NULL, NULL, TO_TIMESTAMP('01/11/2009 0:00:00.000000','DD/MM/YYYY fmHH24fm:MI:SS.FF')
, NULL, NULL, TO_TIMESTAMP('01/01/2009 0:00:00.000000','DD/MM/YYYY fmHH24fm:MI:SS.FF')
, TO_TIMESTAMP('01/01/2009 0:00:00.000000','DD/MM/YYYY fmHH24fm:MI:SS.FF'), 1, 1, 1
, NULL, 20009, '004 SIL alg', 'Ejemplar numero 9', 'Alitas de pollo', 1, '1', -13
, -3, -17, -1, -1, -3, NULL, -1, NULL);
INSERT INTO CAT_EJEMPLARES ( X_EJEMPLAR, N_CODIGO_BARRAS, F_FECHA_CAMBIO_SITUACION,
F_FECHA_DEVOLUCION, F_FECHA_INGRESO_INVENTARIO, F_FECHA_MODIFICACION, F_FECHA_PRESTAMO,
F_FECHA_REGISTRO, F_FECHA_ULTIMA_DEVOLUCION, L_IMPRESO_CODIGO_BARRA, L_IMPRESO_ETIQUETA,
L_IMPRESO_TEJUELO, N_NUMERO_PRESTAMOS, N_NUMERO_REGISTRO, T_SIGNATURA, T_SIGNATURA_SUPLEMENTARIA,
T_TEXTO, L_VISIBLE_OPAC, C_VOLUMEN, BIB_X_BIBLIOTECA, EJE_X_EJEMPLAR_ESTADO,
EJE_X_EJEMPLAR_LOCALIZACION, EJE_X_EJEMPLAR_SITUACION, EJE_X_EJEMPLAR_SOPORTE, EJE_X_EJEMPLAR_TIPO,
EST_X_ESTADO_CIRCULACION, PRO_X_PROCEDENCIA, RES_X_RESTRICCION_USO ) VALUES (
-10, '00010', NULL, NULL, TO_TIMESTAMP('01/11/2009 0:00:00.000000','DD/MM/YYYY fmHH24fm:MI:SS.FF')
, NULL, NULL, TO_TIMESTAMP('01/01/2009 0:00:00.000000','DD/MM/YYYY fmHH24fm:MI:SS.FF')
, TO_TIMESTAMP('01/01/2009 0:00:00.000000','DD/MM/YYYY fmHH24fm:MI:SS.FF'), 1, 1, 1
, NULL, 20003, 'I NOR ter', 'Ejemplar numero 10', 'Revolucion solar', 1, '1', -13
, -2, -17, -1, -1, -3, NULL, -1, NULL);
INSERT INTO CAT_EJEMPLARES ( X_EJEMPLAR, N_CODIGO_BARRAS, F_FECHA_CAMBIO_SITUACION,
F_FECHA_DEVOLUCION, F_FECHA_INGRESO_INVENTARIO, F_FECHA_MODIFICACION, F_FECHA_PRESTAMO,
F_FECHA_REGISTRO, F_FECHA_ULTIMA_DEVOLUCION, L_IMPRESO_CODIGO_BARRA, L_IMPRESO_ETIQUETA,
L_IMPRESO_TEJUELO, N_NUMERO_PRESTAMOS, N_NUMERO_REGISTRO, T_SIGNATURA, T_SIGNATURA_SUPLEMENTARIA,
T_TEXTO, L_VISIBLE_OPAC, C_VOLUMEN, BIB_X_BIBLIOTECA, EJE_X_EJEMPLAR_ESTADO,
EJE_X_EJEMPLAR_LOCALIZACION, EJE_X_EJEMPLAR_SITUACION, EJE_X_EJEMPLAR_SOPORTE, EJE_X_EJEMPLAR_TIPO,
EST_X_ESTADO_CIRCULACION, PRO_X_PROCEDENCIA, RES_X_RESTRICCION_USO ) VALUES (
-11, '00011', NULL, NULL, TO_TIMESTAMP('01/11/2009 0:00:00.000000','DD/MM/YYYY fmHH24fm:MI:SS.FF')
, NULL, NULL, TO_TIMESTAMP('01/01/2009 0:00:00.000000','DD/MM/YYYY fmHH24fm:MI:SS.FF')
, TO_TIMESTAMP('01/01/2009 0:00:00.000000','DD/MM/YYYY fmHH24fm:MI:SS.FF'), 1, 1, 1
, NULL, 20011, '004 CHA vis', 'Ejemplar numero 11', 'El guardian entre el centeno'
, 1, '1', -16, -1, -10, -1, -1, -3, NULL, -1, NULL);
INSERT INTO CAT_EJEMPLARES ( X_EJEMPLAR, N_CODIGO_BARRAS, F_FECHA_CAMBIO_SITUACION,
F_FECHA_DEVOLUCION, F_FECHA_INGRESO_INVENTARIO, F_FECHA_MODIFICACION, F_FECHA_PRESTAMO,
F_FECHA_REGISTRO, F_FECHA_ULTIMA_DEVOLUCION, L_IMPRESO_CODIGO_BARRA, L_IMPRESO_ETIQUETA,
L_IMPRESO_TEJUELO, N_NUMERO_PRESTAMOS, N_NUMERO_REGISTRO, T_SIGNATURA, T_SIGNATURA_SUPLEMENTARIA,
T_TEXTO, L_VISIBLE_OPAC, C_VOLUMEN, BIB_X_BIBLIOTECA, EJE_X_EJEMPLAR_ESTADO,
EJE_X_EJEMPLAR_LOCALIZACION, EJE_X_EJEMPLAR_SITUACION, EJE_X_EJEMPLAR_SOPORTE, EJE_X_EJEMPLAR_TIPO,
EST_X_ESTADO_CIRCULACION, PRO_X_PROCEDENCIA, RES_X_RESTRICCION_USO ) VALUES (
-12, '00012', NULL, NULL, TO_TIMESTAMP('20/01/2010 0:00:00.000000','DD/MM/YYYY fmHH24fm:MI:SS.FF')
, NULL, NULL, TO_TIMESTAMP('01/01/2009 0:00:00.000000','DD/MM/YYYY fmHH24fm:MI:SS.FF')
, TO_TIMESTAMP('01/01/2009 0:00:00.000000','DD/MM/YYYY fmHH24fm:MI:SS.FF'), 1, 1, 1
, NULL, 20012, 'I KUL tur', 'Ejemplar numero 12', 'Derecho legislativo', 1, '1', -16
, -3, -10, -1, -1, -3, NULL, -1, NULL);
INSERT INTO CAT_EJEMPLARES ( X_EJEMPLAR, N_CODIGO_BARRAS, F_FECHA_CAMBIO_SITUACION,
F_FECHA_DEVOLUCION, F_FECHA_INGRESO_INVENTARIO, F_FECHA_MODIFICACION, F_FECHA_PRESTAMO,
F_FECHA_REGISTRO, F_FECHA_ULTIMA_DEVOLUCION, L_IMPRESO_CODIGO_BARRA, L_IMPRESO_ETIQUETA,
L_IMPRESO_TEJUELO, N_NUMERO_PRESTAMOS, N_NUMERO_REGISTRO, T_SIGNATURA, T_SIGNATURA_SUPLEMENTARIA,
T_TEXTO, L_VISIBLE_OPAC, C_VOLUMEN, BIB_X_BIBLIOTECA, EJE_X_EJEMPLAR_ESTADO,
EJE_X_EJEMPLAR_LOCALIZACION, EJE_X_EJEMPLAR_SITUACION, EJE_X_EJEMPLAR_SOPORTE, EJE_X_EJEMPLAR_TIPO,
EST_X_ESTADO_CIRCULACION, PRO_X_PROCEDENCIA, RES_X_RESTRICCION_USO ) VALUES (
-13, '00013', NULL, NULL, TO_TIMESTAMP('11/11/2009 0:00:00.000000','DD/MM/YYYY fmHH24fm:MI:SS.FF')
, NULL, NULL, TO_TIMESTAMP('01/01/2009 0:00:00.000000','DD/MM/YYYY fmHH24fm:MI:SS.FF')
, TO_TIMESTAMP('01/01/2009 0:00:00.000000','DD/MM/YYYY fmHH24fm:MI:SS.FF'), 1, 1, 1
, NULL, 20013, 'N PER cat', 'Ejemplar numero 13', 'La historia interminable', 1, '1'
, -18, -2, -11, -1, -1, -3, NULL, -1, NULL);
INSERT INTO CAT_EJEMPLARES ( X_EJEMPLAR, N_CODIGO_BARRAS, F_FECHA_CAMBIO_SITUACION,
F_FECHA_DEVOLUCION, F_FECHA_INGRESO_INVENTARIO, F_FECHA_MODIFICACION, F_FECHA_PRESTAMO,
F_FECHA_REGISTRO, F_FECHA_ULTIMA_DEVOLUCION, L_IMPRESO_CODIGO_BARRA, L_IMPRESO_ETIQUETA,
L_IMPRESO_TEJUELO, N_NUMERO_PRESTAMOS, N_NUMERO_REGISTRO, T_SIGNATURA, T_SIGNATURA_SUPLEMENTARIA,
T_TEXTO, L_VISIBLE_OPAC, C_VOLUMEN, BIB_X_BIBLIOTECA, EJE_X_EJEMPLAR_ESTADO,
EJE_X_EJEMPLAR_LOCALIZACION, EJE_X_EJEMPLAR_SITUACION, EJE_X_EJEMPLAR_SOPORTE, EJE_X_EJEMPLAR_TIPO,
EST_X_ESTADO_CIRCULACION, PRO_X_PROCEDENCIA, RES_X_RESTRICCION_USO ) VALUES (
-14, '00014', NULL, NULL, TO_TIMESTAMP('20/11/2009 0:00:00.000000','DD/MM/YYYY fmHH24fm:MI:SS.FF')
, NULL, NULL, TO_TIMESTAMP('01/01/2009 0:00:00.000000','DD/MM/YYYY fmHH24fm:MI:SS.FF')
, TO_TIMESTAMP('01/01/2009 0:00:00.000000','DD/MM/YYYY fmHH24fm:MI:SS.FF'), 1, 1, 1
, NULL, 20014, '316 AGU cri', 'Ejemplar numero 14', 'Historias sin fin', 1, '1', -18
, -1, -11, -1, -1, -3, NULL, -1, NULL);
INSERT INTO CAT_EJEMPLARES ( X_EJEMPLAR, N_CODIGO_BARRAS, F_FECHA_CAMBIO_SITUACION,
F_FECHA_DEVOLUCION, F_FECHA_INGRESO_INVENTARIO, F_FECHA_MODIFICACION, F_FECHA_PRESTAMO,
F_FECHA_REGISTRO, F_FECHA_ULTIMA_DEVOLUCION, L_IMPRESO_CODIGO_BARRA, L_IMPRESO_ETIQUETA,
L_IMPRESO_TEJUELO, N_NUMERO_PRESTAMOS, N_NUMERO_REGISTRO, T_SIGNATURA, T_SIGNATURA_SUPLEMENTARIA,
T_TEXTO, L_VISIBLE_OPAC, C_VOLUMEN, BIB_X_BIBLIOTECA, EJE_X_EJEMPLAR_ESTADO,
EJE_X_EJEMPLAR_LOCALIZACION, EJE_X_EJEMPLAR_SITUACION, EJE_X_EJEMPLAR_SOPORTE, EJE_X_EJEMPLAR_TIPO,
EST_X_ESTADO_CIRCULACION, PRO_X_PROCEDENCIA, RES_X_RESTRICCION_USO ) VALUES (
-101, '01', NULL, NULL, TO_TIMESTAMP('10/12/2009 0:00:00.000000','DD/MM/YYYY fmHH24fm:MI:SS.FF')
, NULL, NULL, TO_TIMESTAMP('01/01/2009 0:00:00.000000','DD/MM/YYYY fmHH24fm:MI:SS.FF')
, NULL, 1, 1, 1, NULL, 20015, '111 AGU cri', 'Ejemplar numero 101', 'Libro 1', 1, NULL
, -7, -1, -11, -1, -1, -3, NULL, -1, NULL);
INSERT INTO CAT_EJEMPLARES ( X_EJEMPLAR, N_CODIGO_BARRAS, F_FECHA_CAMBIO_SITUACION,
F_FECHA_DEVOLUCION, F_FECHA_INGRESO_INVENTARIO, F_FECHA_MODIFICACION, F_FECHA_PRESTAMO,
F_FECHA_REGISTRO, F_FECHA_ULTIMA_DEVOLUCION, L_IMPRESO_CODIGO_BARRA, L_IMPRESO_ETIQUETA,
L_IMPRESO_TEJUELO, N_NUMERO_PRESTAMOS, N_NUMERO_REGISTRO, T_SIGNATURA, T_SIGNATURA_SUPLEMENTARIA,
T_TEXTO, L_VISIBLE_OPAC, C_VOLUMEN, BIB_X_BIBLIOTECA, EJE_X_EJEMPLAR_ESTADO,
EJE_X_EJEMPLAR_LOCALIZACION, EJE_X_EJEMPLAR_SITUACION, EJE_X_EJEMPLAR_SOPORTE, EJE_X_EJEMPLAR_TIPO,
EST_X_ESTADO_CIRCULACION, PRO_X_PROCEDENCIA, RES_X_RESTRICCION_USO ) VALUES (
-102, '02', NULL, NULL, TO_TIMESTAMP('05/01/2010 0:00:00.000000','DD/MM/YYYY fmHH24fm:MI:SS.FF')
, NULL, NULL, TO_TIMESTAMP('01/01/2009 0:00:00.000000','DD/MM/YYYY fmHH24fm:MI:SS.FF')
, NULL, 1, 1, 1, NULL, 20015, '222 AGU cri', 'Ejemplar numero 102', 'Libro 2', 1, NULL
, -7, -1, -1, -1, -1, -2, NULL, -1, NULL);
INSERT INTO CAT_EJEMPLARES ( X_EJEMPLAR, N_CODIGO_BARRAS, F_FECHA_CAMBIO_SITUACION,
F_FECHA_DEVOLUCION, F_FECHA_INGRESO_INVENTARIO, F_FECHA_MODIFICACION, F_FECHA_PRESTAMO,
F_FECHA_REGISTRO, F_FECHA_ULTIMA_DEVOLUCION, L_IMPRESO_CODIGO_BARRA, L_IMPRESO_ETIQUETA,
L_IMPRESO_TEJUELO, N_NUMERO_PRESTAMOS, N_NUMERO_REGISTRO, T_SIGNATURA, T_SIGNATURA_SUPLEMENTARIA,
T_TEXTO, L_VISIBLE_OPAC, C_VOLUMEN, BIB_X_BIBLIOTECA, EJE_X_EJEMPLAR_ESTADO,
EJE_X_EJEMPLAR_LOCALIZACION, EJE_X_EJEMPLAR_SITUACION, EJE_X_EJEMPLAR_SOPORTE, EJE_X_EJEMPLAR_TIPO,
EST_X_ESTADO_CIRCULACION, PRO_X_PROCEDENCIA, RES_X_RESTRICCION_USO ) VALUES (
-103, '03', NULL, NULL, TO_TIMESTAMP('01/11/2009 0:00:00.000000','DD/MM/YYYY fmHH24fm:MI:SS.FF')
, NULL, NULL, TO_TIMESTAMP('01/01/2009 0:00:00.000000','DD/MM/YYYY fmHH24fm:MI:SS.FF')
, NULL, 1, 1, 1, NULL, 20015, '111 AGU cri', 'Ejemplar numero 103', 'Libro 3', 1, NULL
, -7, -1, -1, -1, -1, -3, NULL, -1, NULL);
INSERT INTO CAT_EJEMPLARES ( X_EJEMPLAR, N_CODIGO_BARRAS, F_FECHA_CAMBIO_SITUACION,
F_FECHA_DEVOLUCION, F_FECHA_INGRESO_INVENTARIO, F_FECHA_MODIFICACION, F_FECHA_PRESTAMO,
F_FECHA_REGISTRO, F_FECHA_ULTIMA_DEVOLUCION, L_IMPRESO_CODIGO_BARRA, L_IMPRESO_ETIQUETA,
L_IMPRESO_TEJUELO, N_NUMERO_PRESTAMOS, N_NUMERO_REGISTRO, T_SIGNATURA, T_SIGNATURA_SUPLEMENTARIA,
T_TEXTO, L_VISIBLE_OPAC, C_VOLUMEN, BIB_X_BIBLIOTECA, EJE_X_EJEMPLAR_ESTADO,
EJE_X_EJEMPLAR_LOCALIZACION, EJE_X_EJEMPLAR_SITUACION, EJE_X_EJEMPLAR_SOPORTE, EJE_X_EJEMPLAR_TIPO,
EST_X_ESTADO_CIRCULACION, PRO_X_PROCEDENCIA, RES_X_RESTRICCION_USO ) VALUES (
-104, '04', NULL, NULL, TO_TIMESTAMP('04/12/2009 0:00:00.000000','DD/MM/YYYY fmHH24fm:MI:SS.FF')
, NULL, NULL, TO_TIMESTAMP('01/01/2009 0:00:00.000000','DD/MM/YYYY fmHH24fm:MI:SS.FF')
, NULL, 1, 1, 1, NULL, 20015, '111 AGU cri', 'Ejemplar numero 104', 'Libro 4', 1, NULL
, -7, -1, -1, -3, -2, -4, NULL, -5, NULL);
INSERT INTO CAT_EJEMPLARES ( X_EJEMPLAR, N_CODIGO_BARRAS, F_FECHA_CAMBIO_SITUACION,
F_FECHA_DEVOLUCION, F_FECHA_INGRESO_INVENTARIO, F_FECHA_MODIFICACION, F_FECHA_PRESTAMO,
F_FECHA_REGISTRO, F_FECHA_ULTIMA_DEVOLUCION, L_IMPRESO_CODIGO_BARRA, L_IMPRESO_ETIQUETA,
L_IMPRESO_TEJUELO, N_NUMERO_PRESTAMOS, N_NUMERO_REGISTRO, T_SIGNATURA, T_SIGNATURA_SUPLEMENTARIA,
T_TEXTO, L_VISIBLE_OPAC, C_VOLUMEN, BIB_X_BIBLIOTECA, EJE_X_EJEMPLAR_ESTADO,
EJE_X_EJEMPLAR_LOCALIZACION, EJE_X_EJEMPLAR_SITUACION, EJE_X_EJEMPLAR_SOPORTE, EJE_X_EJEMPLAR_TIPO,
EST_X_ESTADO_CIRCULACION, PRO_X_PROCEDENCIA, RES_X_RESTRICCION_USO ) VALUES (
-105, '05', NULL, NULL, TO_TIMESTAMP('01/08/2009 0:00:00.000000','DD/MM/YYYY fmHH24fm:MI:SS.FF')
, NULL, NULL, TO_TIMESTAMP('01/01/2009 0:00:00.000000','DD/MM/YYYY fmHH24fm:MI:SS.FF')
, NULL, 1, 1, 1, NULL, 20015, '111 AGU cri', 'Ejemplar numero 105', 'Libro 5', 1, NULL
, -7, -1, -4, -3, -3, -5, NULL, -6, NULL);
INSERT INTO CAT_EJEMPLARES ( X_EJEMPLAR, N_CODIGO_BARRAS, F_FECHA_CAMBIO_SITUACION,
F_FECHA_DEVOLUCION, F_FECHA_INGRESO_INVENTARIO, F_FECHA_MODIFICACION, F_FECHA_PRESTAMO,
F_FECHA_REGISTRO, F_FECHA_ULTIMA_DEVOLUCION, L_IMPRESO_CODIGO_BARRA, L_IMPRESO_ETIQUETA,
L_IMPRESO_TEJUELO, N_NUMERO_PRESTAMOS, N_NUMERO_REGISTRO, T_SIGNATURA, T_SIGNATURA_SUPLEMENTARIA,
T_TEXTO, L_VISIBLE_OPAC, C_VOLUMEN, BIB_X_BIBLIOTECA, EJE_X_EJEMPLAR_ESTADO,
EJE_X_EJEMPLAR_LOCALIZACION, EJE_X_EJEMPLAR_SITUACION, EJE_X_EJEMPLAR_SOPORTE, EJE_X_EJEMPLAR_TIPO,
EST_X_ESTADO_CIRCULACION, PRO_X_PROCEDENCIA, RES_X_RESTRICCION_USO ) VALUES (
-106, '06', NULL, NULL, TO_TIMESTAMP('01/08/2009 0:00:00.000000','DD/MM/YYYY fmHH24fm:MI:SS.FF')
, NULL, NULL, TO_TIMESTAMP('01/01/2009 0:00:00.000000','DD/MM/YYYY fmHH24fm:MI:SS.FF')
, NULL, 1, 1, 1, NULL, 20106, '666 AGU cri', 'Ejemplar numero 106', 'Libro 6', 1, NULL
, -7, -1, -2, -6, -2, -6, NULL, -9, NULL);
INSERT INTO CAT_EJEMPLARES ( X_EJEMPLAR, N_CODIGO_BARRAS, F_FECHA_CAMBIO_SITUACION,
F_FECHA_DEVOLUCION, F_FECHA_INGRESO_INVENTARIO, F_FECHA_MODIFICACION, F_FECHA_PRESTAMO,
F_FECHA_REGISTRO, F_FECHA_ULTIMA_DEVOLUCION, L_IMPRESO_CODIGO_BARRA, L_IMPRESO_ETIQUETA,
L_IMPRESO_TEJUELO, N_NUMERO_PRESTAMOS, N_NUMERO_REGISTRO, T_SIGNATURA, T_SIGNATURA_SUPLEMENTARIA,
T_TEXTO, L_VISIBLE_OPAC, C_VOLUMEN, BIB_X_BIBLIOTECA, EJE_X_EJEMPLAR_ESTADO,
EJE_X_EJEMPLAR_LOCALIZACION, EJE_X_EJEMPLAR_SITUACION, EJE_X_EJEMPLAR_SOPORTE, EJE_X_EJEMPLAR_TIPO,
EST_X_ESTADO_CIRCULACION, PRO_X_PROCEDENCIA, RES_X_RESTRICCION_USO ) VALUES (
-107, '07', NULL, NULL, TO_TIMESTAMP('01/11/2009 0:00:00.000000','DD/MM/YYYY fmHH24fm:MI:SS.FF')
, NULL, NULL, TO_TIMESTAMP('01/01/2009 0:00:00.000000','DD/MM/YYYY fmHH24fm:MI:SS.FF')
, NULL, 1, 1, 1, NULL, 20015, '777 AGU cri', 'Ejemplar numero 107', 'Libro 7', 1, NULL
, -7, -1, -1, -4, -3, -7, NULL, -6, NULL);
commit;

INSERT INTO CAT_PROCEDENCIAS ( X_PROCEDENCIA, C_CODIGO,
T_PROCEDENCIA ) VALUES (
-1, 'O', '#procedencia.otros');
INSERT INTO CAT_PROCEDENCIAS ( X_PROCEDENCIA, C_CODIGO,
T_PROCEDENCIA ) VALUES (
-2, 'P', '#procedencia.depositoempresapublica');
INSERT INTO CAT_PROCEDENCIAS ( X_PROCEDENCIA, C_CODIGO,
T_PROCEDENCIA ) VALUES (
-3, 'L', '#procedencia.depositolegal');
INSERT INTO CAT_PROCEDENCIAS ( X_PROCEDENCIA, C_CODIGO,
T_PROCEDENCIA ) VALUES (
-4, 'J', '#procedencia.subvencionesjunta');
INSERT INTO CAT_PROCEDENCIAS ( X_PROCEDENCIA, C_CODIGO,
T_PROCEDENCIA ) VALUES (
-5, 'I', '#procedencia.institucional');
INSERT INTO CAT_PROCEDENCIAS ( X_PROCEDENCIA, C_CODIGO,
T_PROCEDENCIA ) VALUES (
-6, 'DP', '#procedencia.deposito');
INSERT INTO CAT_PROCEDENCIAS ( X_PROCEDENCIA, C_CODIGO,
T_PROCEDENCIA ) VALUES (
-7, 'D', '#procedencia.donacion');
INSERT INTO CAT_PROCEDENCIAS ( X_PROCEDENCIA, C_CODIGO,
T_PROCEDENCIA ) VALUES (
-8, 'C', '#procedencia.canje');
INSERT INTO CAT_PROCEDENCIAS ( X_PROCEDENCIA, C_CODIGO,
T_PROCEDENCIA ) VALUES (
-9, 'A', '#procedencia.compra');
commit;

INSERT INTO CAT_REGISTRO ( X_REGISTRO, R_AUTOR, T_CABECERA, R_EDITORIAL, R_INTERNACIONAL_NUMBER,
R_MATERIA, X_TINTIT, R_TITULO, L_VISIBLE_OPAC, REG_X_REGISTRO_ESTADO, REG_X_REGISTRO_FORMATO,
REG_X_REGISTRO_IMAGEN, REG_X_REGISTRO_TIPO ) VALUES (
-1, NULL, '00000nam 82200000 b 4500', NULL, NULL, NULL, NULL, NULL, 1, -2, -2, NULL
, -1);
INSERT INTO CAT_REGISTRO ( X_REGISTRO, R_AUTOR, T_CABECERA, R_EDITORIAL, R_INTERNACIONAL_NUMBER,
R_MATERIA, X_TINTIT, R_TITULO, L_VISIBLE_OPAC, REG_X_REGISTRO_ESTADO, REG_X_REGISTRO_FORMATO,
REG_X_REGISTRO_IMAGEN, REG_X_REGISTRO_TIPO ) VALUES (
-2, NULL, '00000nam 82200000 b 4500', NULL, NULL, NULL, NULL, NULL, 1, -2, -1, NULL
, -2);
commit;

INSERT INTO CAT_REGISTRO_ESTADO ( X_REGISTRO_ESTADO, C_CODIGO,
T_ESTADO ) VALUES (
-1, 'p', '#registroEstado.prepublicacion');
INSERT INTO CAT_REGISTRO_ESTADO ( X_REGISTRO_ESTADO, C_CODIGO,
T_ESTADO ) VALUES (
-2, 'n', '#registroEstado.nuevo');
INSERT INTO CAT_REGISTRO_ESTADO ( X_REGISTRO_ESTADO, C_CODIGO,
T_ESTADO ) VALUES (
-3, 'd', '#registroEstado.suprimido');
INSERT INTO CAT_REGISTRO_ESTADO ( X_REGISTRO_ESTADO, C_CODIGO,
T_ESTADO ) VALUES (
-4, 'c', '#registroEstado.corregido');
INSERT INTO CAT_REGISTRO_ESTADO ( X_REGISTRO_ESTADO, C_CODIGO,
T_ESTADO ) VALUES (
-5, 'a', '#registroEstado.incrementado');
INSERT INTO CAT_REGISTRO_ESTADO ( X_REGISTRO_ESTADO, C_CODIGO,
T_ESTADO ) VALUES (
-6, 'm', '#registroEstado.migrado');
commit;

INSERT INTO CAT_REGISTRO_ETIQUETA ( X_REGISTRO_ETIQUETA, C_CODIGO, N_INDICADOR_1, N_INDICADOR_2,
N_ORDEN, N_REGISTRO_ENLAZADO, T_XML, REG_X_REGISTRO ) VALUES (
-1, 'T020', '1', '1', NULL, NULL, 'T020##$aSubcampo', -1);
INSERT INTO CAT_REGISTRO_ETIQUETA ( X_REGISTRO_ETIQUETA, C_CODIGO, N_INDICADOR_1, N_INDICADOR_2,
N_ORDEN, N_REGISTRO_ENLAZADO, T_XML, REG_X_REGISTRO ) VALUES (
-2, 'T017', '1', '1', NULL, NULL, 'T017##$aCopyright/deposito legal', -1);
INSERT INTO CAT_REGISTRO_ETIQUETA ( X_REGISTRO_ETIQUETA, C_CODIGO, N_INDICADOR_1, N_INDICADOR_2,
N_ORDEN, N_REGISTRO_ENLAZADO, T_XML, REG_X_REGISTRO ) VALUES (
-3, 'T100', '1', '1', NULL, NULL, 'T100##$aDavis, Miles', -1);
INSERT INTO CAT_REGISTRO_ETIQUETA ( X_REGISTRO_ETIQUETA, C_CODIGO, N_INDICADOR_1, N_INDICADOR_2,
N_ORDEN, N_REGISTRO_ENLAZADO, T_XML, REG_X_REGISTRO ) VALUES (
-4, 'T700', '1', '1', NULL, NULL, 'T700##$aGironella, Jose Maria', -1);
INSERT INTO CAT_REGISTRO_ETIQUETA ( X_REGISTRO_ETIQUETA, C_CODIGO, N_INDICADOR_1, N_INDICADOR_2,
N_ORDEN, N_REGISTRO_ENLAZADO, T_XML, REG_X_REGISTRO ) VALUES (
-5, 'T245', '1', '1', NULL, NULL, 'T245##$a100 espa?oles y Dios', -1);
INSERT INTO CAT_REGISTRO_ETIQUETA ( X_REGISTRO_ETIQUETA, C_CODIGO, N_INDICADOR_1, N_INDICADOR_2,
N_ORDEN, N_REGISTRO_ENLAZADO, T_XML, REG_X_REGISTRO ) VALUES (
-6, 'T260', '1', '1', NULL, NULL, 'T260##$aBarcelona', -1);
INSERT INTO CAT_REGISTRO_ETIQUETA ( X_REGISTRO_ETIQUETA, C_CODIGO, N_INDICADOR_1, N_INDICADOR_2,
N_ORDEN, N_REGISTRO_ENLAZADO, T_XML, REG_X_REGISTRO ) VALUES (
-7, 'T300', '1', '1', NULL, NULL, 'T300##$a538 p.', -1);
INSERT INTO CAT_REGISTRO_ETIQUETA ( X_REGISTRO_ETIQUETA, C_CODIGO, N_INDICADOR_1, N_INDICADOR_2,
N_ORDEN, N_REGISTRO_ENLAZADO, T_XML, REG_X_REGISTRO ) VALUES (
-8, 'T600', '1', '1', NULL, NULL, 'T600##$aFranco Bahamonde, Francisco', -1);
INSERT INTO CAT_REGISTRO_ETIQUETA ( X_REGISTRO_ETIQUETA, C_CODIGO, N_INDICADOR_1, N_INDICADOR_2,
N_ORDEN, N_REGISTRO_ENLAZADO, T_XML, REG_X_REGISTRO ) VALUES (
-9, 'T500', '1', '1', NULL, NULL, 'T500##$aCatalogo de la exposicion celebrada en el Museo de Arte Contemporaneo de Sevilla, 23 de septiembre al 7 de noviembre de 1993'
, -1);
INSERT INTO CAT_REGISTRO_ETIQUETA ( X_REGISTRO_ETIQUETA, C_CODIGO, N_INDICADOR_1, N_INDICADOR_2,
N_ORDEN, N_REGISTRO_ENLAZADO, T_XML, REG_X_REGISTRO ) VALUES (
-10, 'T020', '1', '1', NULL, NULL, 'T020##$a84-348-2914-2', -2);
INSERT INTO CAT_REGISTRO_ETIQUETA ( X_REGISTRO_ETIQUETA, C_CODIGO, N_INDICADOR_1, N_INDICADOR_2,
N_ORDEN, N_REGISTRO_ENLAZADO, T_XML, REG_X_REGISTRO ) VALUES (
-11, 'T017', '1', '1', NULL, NULL, 'T017##$aDeposito legal', -2);
INSERT INTO CAT_REGISTRO_ETIQUETA ( X_REGISTRO_ETIQUETA, C_CODIGO, N_INDICADOR_1, N_INDICADOR_2,
N_ORDEN, N_REGISTRO_ENLAZADO, T_XML, REG_X_REGISTRO ) VALUES (
-12, 'T100', '1', '1', NULL, NULL, 'T100##$aOrtega, Emilio', -2);
INSERT INTO CAT_REGISTRO_ETIQUETA ( X_REGISTRO_ETIQUETA, C_CODIGO, N_INDICADOR_1, N_INDICADOR_2,
N_ORDEN, N_REGISTRO_ENLAZADO, T_XML, REG_X_REGISTRO ) VALUES (
-13, 'T700', '1', '1', NULL, NULL, 'T700##$aFernandez Arias, Cesar', -2);
INSERT INTO CAT_REGISTRO_ETIQUETA ( X_REGISTRO_ETIQUETA, C_CODIGO, N_INDICADOR_1, N_INDICADOR_2,
N_ORDEN, N_REGISTRO_ENLAZADO, T_XML, REG_X_REGISTRO ) VALUES (
-14, 'T245', '1', '1', NULL, NULL, 'T245##$a100 greguerias', -2);
INSERT INTO CAT_REGISTRO_ETIQUETA ( X_REGISTRO_ETIQUETA, C_CODIGO, N_INDICADOR_1, N_INDICADOR_2,
N_ORDEN, N_REGISTRO_ENLAZADO, T_XML, REG_X_REGISTRO ) VALUES (
-15, 'T260', '1', '1', NULL, NULL, 'T260##$aValencia', -2);
INSERT INTO CAT_REGISTRO_ETIQUETA ( X_REGISTRO_ETIQUETA, C_CODIGO, N_INDICADOR_1, N_INDICADOR_2,
N_ORDEN, N_REGISTRO_ENLAZADO, T_XML, REG_X_REGISTRO ) VALUES (
-16, 'T300', '1', '1', NULL, NULL, 'T300##$a1 v.', -2);
INSERT INTO CAT_REGISTRO_ETIQUETA ( X_REGISTRO_ETIQUETA, C_CODIGO, N_INDICADOR_1, N_INDICADOR_2,
N_ORDEN, N_REGISTRO_ENLAZADO, T_XML, REG_X_REGISTRO ) VALUES (
-17, 'T600', '1', '1', NULL, NULL, 'T600##$aCarlos', -2);
INSERT INTO CAT_REGISTRO_ETIQUETA ( X_REGISTRO_ETIQUETA, C_CODIGO, N_INDICADOR_1, N_INDICADOR_2,
N_ORDEN, N_REGISTRO_ENLAZADO, T_XML, REG_X_REGISTRO ) VALUES (
-18, 'T500', '1', '1', NULL, NULL, 'T500##$aIndice', -2);
commit;

INSERT INTO CAT_REGISTRO_FORMATO ( X_REGISTRO_FORMATO, C_CODIGO,
T_FORMATO ) VALUES (
-15, '15', 'RecursoElectronico');
INSERT INTO CAT_REGISTRO_FORMATO ( X_REGISTRO_FORMATO, C_CODIGO,
T_FORMATO ) VALUES (
-1, '14', 'Objetos');
INSERT INTO CAT_REGISTRO_FORMATO ( X_REGISTRO_FORMATO, C_CODIGO,
T_FORMATO ) VALUES (
-2, '13', 'MaterialesMixtos');
INSERT INTO CAT_REGISTRO_FORMATO ( X_REGISTRO_FORMATO, C_CODIGO,
T_FORMATO ) VALUES (
-3, '12', 'FondoAntiguo');
INSERT INTO CAT_REGISTRO_FORMATO ( X_REGISTRO_FORMATO, C_CODIGO,
T_FORMATO ) VALUES (
-4, '11', 'Partituras');
INSERT INTO CAT_REGISTRO_FORMATO ( X_REGISTRO_FORMATO, C_CODIGO,
T_FORMATO ) VALUES (
-5, '10', 'Manuscritos');
INSERT INTO CAT_REGISTRO_FORMATO ( X_REGISTRO_FORMATO, C_CODIGO,
T_FORMATO ) VALUES (
-6, '09', 'MaterialGraficoNoProyectable');
INSERT INTO CAT_REGISTRO_FORMATO ( X_REGISTRO_FORMATO, C_CODIGO,
T_FORMATO ) VALUES (
-7, '08', 'MaterialGraficoProyectable');
INSERT INTO CAT_REGISTRO_FORMATO ( X_REGISTRO_FORMATO, C_CODIGO,
T_FORMATO ) VALUES (
-8, '07', 'Cartograficos');
INSERT INTO CAT_REGISTRO_FORMATO ( X_REGISTRO_FORMATO, C_CODIGO,
T_FORMATO ) VALUES (
-9, '06', 'ArchivosOrdenador');
INSERT INTO CAT_REGISTRO_FORMATO ( X_REGISTRO_FORMATO, C_CODIGO,
T_FORMATO ) VALUES (
-10, '05', 'Videograbaciones');
INSERT INTO CAT_REGISTRO_FORMATO ( X_REGISTRO_FORMATO, C_CODIGO,
T_FORMATO ) VALUES (
-11, '04', 'Sonoros');
INSERT INTO CAT_REGISTRO_FORMATO ( X_REGISTRO_FORMATO, C_CODIGO,
T_FORMATO ) VALUES (
-12, '03', 'Analiticas');
INSERT INTO CAT_REGISTRO_FORMATO ( X_REGISTRO_FORMATO, C_CODIGO,
T_FORMATO ) VALUES (
-13, '02', 'PublicacionesSeriadas');
INSERT INTO CAT_REGISTRO_FORMATO ( X_REGISTRO_FORMATO, C_CODIGO,
T_FORMATO ) VALUES (
-14, '01', 'Monografias');
commit;

INSERT INTO CAT_REGISTRO_TIPO ( X_REGISTRO_TIPO, C_CODIGO, T_TIPO ) VALUES (
-1, 't', '#registroTipo.manuscritoTextual');
INSERT INTO CAT_REGISTRO_TIPO ( X_REGISTRO_TIPO, C_CODIGO, T_TIPO ) VALUES (
-2, 'r', '#registroTipo.objetosTridimensionales');
INSERT INTO CAT_REGISTRO_TIPO ( X_REGISTRO_TIPO, C_CODIGO, T_TIPO ) VALUES (
-3, 'p', '#registroTipo.materialMixto');
INSERT INTO CAT_REGISTRO_TIPO ( X_REGISTRO_TIPO, C_CODIGO, T_TIPO ) VALUES (
-4, 'o', '#registroTipo.Kit');
INSERT INTO CAT_REGISTRO_TIPO ( X_REGISTRO_TIPO, C_CODIGO, T_TIPO ) VALUES (
-5, 'm', '#registroTipo.recursoElectronico');
INSERT INTO CAT_REGISTRO_TIPO ( X_REGISTRO_TIPO, C_CODIGO, T_TIPO ) VALUES (
-6, 'k', '#registroTipo.materialGraficoNoProyectable');
INSERT INTO CAT_REGISTRO_TIPO ( X_REGISTRO_TIPO, C_CODIGO, T_TIPO ) VALUES (
-7, 'j', '#registroTipo.grabacionesMusicales');
INSERT INTO CAT_REGISTRO_TIPO ( X_REGISTRO_TIPO, C_CODIGO, T_TIPO ) VALUES (
-8, 'i', '#registroTipo.grabacionesSonorasNoMusicales');
INSERT INTO CAT_REGISTRO_TIPO ( X_REGISTRO_TIPO, C_CODIGO, T_TIPO ) VALUES (
-9, 'g', '#registroTipo.materialGraficoProyectable');
INSERT INTO CAT_REGISTRO_TIPO ( X_REGISTRO_TIPO, C_CODIGO, T_TIPO ) VALUES (
-10, 'f', '#registroTipo.MapasManuscritos');
INSERT INTO CAT_REGISTRO_TIPO ( X_REGISTRO_TIPO, C_CODIGO, T_TIPO ) VALUES (
-11, 'e', '#registroTipo.MapasImpresos');
INSERT INTO CAT_REGISTRO_TIPO ( X_REGISTRO_TIPO, C_CODIGO, T_TIPO ) VALUES (
-12, 'd', '#registroTipo.musicaManuscrita');
INSERT INTO CAT_REGISTRO_TIPO ( X_REGISTRO_TIPO, C_CODIGO, T_TIPO ) VALUES (
-13, 'c', '#registroTipo.musicaImpresa');
INSERT INTO CAT_REGISTRO_TIPO ( X_REGISTRO_TIPO, C_CODIGO, T_TIPO ) VALUES (
-14, 'a', '#registroTipo.materialTextual');
INSERT INTO CAT_REGISTRO_TIPO ( X_REGISTRO_TIPO, C_CODIGO, T_TIPO ) VALUES (
-15, 'X', '#registroTipo.nocontempladoestandarmarc21');
commit;

INSERT INTO CAT_REGISTRO_X_CAT_EJEMPLAR ( X_REGISTRO_EJEMPLAR, L_PRINCIPAL, EJE_X_EJEMPLAR,
REG_X_REGISTRO ) VALUES (
-1, 1, -1, -1);
INSERT INTO CAT_REGISTRO_X_CAT_EJEMPLAR ( X_REGISTRO_EJEMPLAR, L_PRINCIPAL, EJE_X_EJEMPLAR,
REG_X_REGISTRO ) VALUES (
-2, 1, -2, -1);
INSERT INTO CAT_REGISTRO_X_CAT_EJEMPLAR ( X_REGISTRO_EJEMPLAR, L_PRINCIPAL, EJE_X_EJEMPLAR,
REG_X_REGISTRO ) VALUES (
-3, 1, -3, -1);
INSERT INTO CAT_REGISTRO_X_CAT_EJEMPLAR ( X_REGISTRO_EJEMPLAR, L_PRINCIPAL, EJE_X_EJEMPLAR,
REG_X_REGISTRO ) VALUES (
-4, 1, -4, -1);
INSERT INTO CAT_REGISTRO_X_CAT_EJEMPLAR ( X_REGISTRO_EJEMPLAR, L_PRINCIPAL, EJE_X_EJEMPLAR,
REG_X_REGISTRO ) VALUES (
-5, 1, -5, -1);
INSERT INTO CAT_REGISTRO_X_CAT_EJEMPLAR ( X_REGISTRO_EJEMPLAR, L_PRINCIPAL, EJE_X_EJEMPLAR,
REG_X_REGISTRO ) VALUES (
-6, 1, -6, -1);
INSERT INTO CAT_REGISTRO_X_CAT_EJEMPLAR ( X_REGISTRO_EJEMPLAR, L_PRINCIPAL, EJE_X_EJEMPLAR,
REG_X_REGISTRO ) VALUES (
-7, 1, -7, -1);
INSERT INTO CAT_REGISTRO_X_CAT_EJEMPLAR ( X_REGISTRO_EJEMPLAR, L_PRINCIPAL, EJE_X_EJEMPLAR,
REG_X_REGISTRO ) VALUES (
-8, 1, -8, -1);
INSERT INTO CAT_REGISTRO_X_CAT_EJEMPLAR ( X_REGISTRO_EJEMPLAR, L_PRINCIPAL, EJE_X_EJEMPLAR,
REG_X_REGISTRO ) VALUES (
-9, 1, -9, -1);
INSERT INTO CAT_REGISTRO_X_CAT_EJEMPLAR ( X_REGISTRO_EJEMPLAR, L_PRINCIPAL, EJE_X_EJEMPLAR,
REG_X_REGISTRO ) VALUES (
-10, 1, -10, -1);
INSERT INTO CAT_REGISTRO_X_CAT_EJEMPLAR ( X_REGISTRO_EJEMPLAR, L_PRINCIPAL, EJE_X_EJEMPLAR,
REG_X_REGISTRO ) VALUES (
-11, 1, -11, -1);
INSERT INTO CAT_REGISTRO_X_CAT_EJEMPLAR ( X_REGISTRO_EJEMPLAR, L_PRINCIPAL, EJE_X_EJEMPLAR,
REG_X_REGISTRO ) VALUES (
-12, 1, -12, -1);
INSERT INTO CAT_REGISTRO_X_CAT_EJEMPLAR ( X_REGISTRO_EJEMPLAR, L_PRINCIPAL, EJE_X_EJEMPLAR,
REG_X_REGISTRO ) VALUES (
-13, 1, -13, -1);
INSERT INTO CAT_REGISTRO_X_CAT_EJEMPLAR ( X_REGISTRO_EJEMPLAR, L_PRINCIPAL, EJE_X_EJEMPLAR,
REG_X_REGISTRO ) VALUES (
-14, 1, -14, -1);
INSERT INTO CAT_REGISTRO_X_CAT_EJEMPLAR ( X_REGISTRO_EJEMPLAR, L_PRINCIPAL, EJE_X_EJEMPLAR,
REG_X_REGISTRO ) VALUES (
-15, 1, -101, -1);
INSERT INTO CAT_REGISTRO_X_CAT_EJEMPLAR ( X_REGISTRO_EJEMPLAR, L_PRINCIPAL, EJE_X_EJEMPLAR,
REG_X_REGISTRO ) VALUES (
-16, 1, -102, -1);
INSERT INTO CAT_REGISTRO_X_CAT_EJEMPLAR ( X_REGISTRO_EJEMPLAR, L_PRINCIPAL, EJE_X_EJEMPLAR,
REG_X_REGISTRO ) VALUES (
-17, 1, -103, -1);
INSERT INTO CAT_REGISTRO_X_CAT_EJEMPLAR ( X_REGISTRO_EJEMPLAR, L_PRINCIPAL, EJE_X_EJEMPLAR,
REG_X_REGISTRO ) VALUES (
-18, 1, -104, -1);
INSERT INTO CAT_REGISTRO_X_CAT_EJEMPLAR ( X_REGISTRO_EJEMPLAR, L_PRINCIPAL, EJE_X_EJEMPLAR,
REG_X_REGISTRO ) VALUES (
-19, 1, -105, -1);
INSERT INTO CAT_REGISTRO_X_CAT_EJEMPLAR ( X_REGISTRO_EJEMPLAR, L_PRINCIPAL, EJE_X_EJEMPLAR,
REG_X_REGISTRO ) VALUES (
-20, 1, -106, -1);
INSERT INTO CAT_REGISTRO_X_CAT_EJEMPLAR ( X_REGISTRO_EJEMPLAR, L_PRINCIPAL, EJE_X_EJEMPLAR,
REG_X_REGISTRO ) VALUES (
-21, 1, -107, -1);
commit;

INSERT INTO CIR_ASOC_POLITICAS_RESERVA ( X_RESERVA_POLITICA_ASOC, BIB_X_BIBLIOTECA,
POL_X_POLITICA_RES, LEC_X_LECTOR_TIPO ) VALUES (
-1, -1, -1, -1);
INSERT INTO CIR_ASOC_POLITICAS_RESERVA ( X_RESERVA_POLITICA_ASOC, BIB_X_BIBLIOTECA,
POL_X_POLITICA_RES, LEC_X_LECTOR_TIPO ) VALUES (
-2, -2, -2, -2);
INSERT INTO CIR_ASOC_POLITICAS_RESERVA ( X_RESERVA_POLITICA_ASOC, BIB_X_BIBLIOTECA,
POL_X_POLITICA_RES, LEC_X_LECTOR_TIPO ) VALUES (
-3, -3, -3, -3);
commit;

INSERT INTO CIR_CODIGO_NCIP_SERVICIOS ( X_NCIP_SERVICIOS, C_NCIP_SERVICIO,
T_NCIP_SERVICIO ) VALUES (
-1, 'RenewItemServlet', '#servicioNCIP.renovacionPrestamo');
INSERT INTO CIR_CODIGO_NCIP_SERVICIOS ( X_NCIP_SERVICIOS, C_NCIP_SERVICIO,
T_NCIP_SERVICIO ) VALUES (
-2, 'CheckInItem', '#servicioNCIP.devolucionPrestamo');
INSERT INTO CIR_CODIGO_NCIP_SERVICIOS ( X_NCIP_SERVICIOS, C_NCIP_SERVICIO,
T_NCIP_SERVICIO ) VALUES (
-3, 'AuthenticateUser', '#servicioNCIP.autenticacionLector');
INSERT INTO CIR_CODIGO_NCIP_SERVICIOS ( X_NCIP_SERVICIOS, C_NCIP_SERVICIO,
T_NCIP_SERVICIO ) VALUES (
-4, 'LookupUserServlet', '#servicioNCIP.busquedaLector');
INSERT INTO CIR_CODIGO_NCIP_SERVICIOS ( X_NCIP_SERVICIOS, C_NCIP_SERVICIO,
T_NCIP_SERVICIO ) VALUES (
-5, 'UndoCheckOutItem', '#servicioNCIP.anulacionPrestamo');
INSERT INTO CIR_CODIGO_NCIP_SERVICIOS ( X_NCIP_SERVICIOS, C_NCIP_SERVICIO,
T_NCIP_SERVICIO ) VALUES (
-6, 'RenewedItemServlet', '#servicioNCIP.notificacionRenovacionPrestamo');
INSERT INTO CIR_CODIGO_NCIP_SERVICIOS ( X_NCIP_SERVICIOS, C_NCIP_SERVICIO,
T_NCIP_SERVICIO ) VALUES (
-7, 'LookupItemServlet', '#servicioNCIP.busquedaEjemplar');
INSERT INTO CIR_CODIGO_NCIP_SERVICIOS ( X_NCIP_SERVICIOS, C_NCIP_SERVICIO,
T_NCIP_SERVICIO ) VALUES (
-8, 'CheckOutItemServlet', '#servicioNCIP.prestamoEjemplar');
INSERT INTO CIR_CODIGO_NCIP_SERVICIOS ( X_NCIP_SERVICIOS, C_NCIP_SERVICIO,
T_NCIP_SERVICIO ) VALUES (
-9, 'ItemCheckedOutServlet', '#servicioNCIP.notificacionPrestamoEjemplar');
INSERT INTO CIR_CODIGO_NCIP_SERVICIOS ( X_NCIP_SERVICIOS, C_NCIP_SERVICIO,
T_NCIP_SERVICIO ) VALUES (
-10, 'ItemCheckedInServlet', '#servicioNCIP.notificacionDevolucionPrestamo');
commit;

INSERT INTO CIR_DOM_POLITICAS ( X_POLITICA_DOM, C_POLITICA_DOM, T_POLITICA_DOM_ALT,
N_DIAS_ANTES_FINAL, N_DIAS_ANTES_SUSPENSION, N_DIAS_PRESTAMO, N_DIAS_RECLAMACION_1A,
N_DIAS_RECLAMACION_2A, N_DIAS_RECLAMACION_3A, N_DIAS_RENOVACION, N_DIAS_SUSPENSION,
N_MAX_DIAS_SUSPENSION_EJE, N_MAX_RENOVACIONES, T_POLITICA_DOM, L_PERMITIR_AUNQUE_RESERVADO,
L_PRESTAMO_SI_DEV_MISMO_DIA ) VALUES (
-1, 'POL-001', 'asdfasd', 1, 2, 20, 5, 8, 5, 5, 2, 6, 3, 'Prestamos de larga duracion'
, 1, 1);
INSERT INTO CIR_DOM_POLITICAS ( X_POLITICA_DOM, C_POLITICA_DOM, T_POLITICA_DOM_ALT,
N_DIAS_ANTES_FINAL, N_DIAS_ANTES_SUSPENSION, N_DIAS_PRESTAMO, N_DIAS_RECLAMACION_1A,
N_DIAS_RECLAMACION_2A, N_DIAS_RECLAMACION_3A, N_DIAS_RENOVACION, N_DIAS_SUSPENSION,
N_MAX_DIAS_SUSPENSION_EJE, N_MAX_RENOVACIONES, T_POLITICA_DOM, L_PERMITIR_AUNQUE_RESERVADO,
L_PRESTAMO_SI_DEV_MISMO_DIA ) VALUES (
-2, 'POL-002', 'asdfasdf', 8, 2, 20, 3, 7, 4, 5, 2, 3, 3, 'Prestamos de corta duracion'
, 1, 0);
INSERT INTO CIR_DOM_POLITICAS ( X_POLITICA_DOM, C_POLITICA_DOM, T_POLITICA_DOM_ALT,
N_DIAS_ANTES_FINAL, N_DIAS_ANTES_SUSPENSION, N_DIAS_PRESTAMO, N_DIAS_RECLAMACION_1A,
N_DIAS_RECLAMACION_2A, N_DIAS_RECLAMACION_3A, N_DIAS_RENOVACION, N_DIAS_SUSPENSION,
N_MAX_DIAS_SUSPENSION_EJE, N_MAX_RENOVACIONES, T_POLITICA_DOM, L_PERMITIR_AUNQUE_RESERVADO,
L_PRESTAMO_SI_DEV_MISMO_DIA ) VALUES (
-3, 'POL-003', 'asdfasdf', 2, 2, 20, 3, 2, 8, 6, 2, 1, 3, 'Prestamos a domicilio'
, 0, 1);
INSERT INTO CIR_DOM_POLITICAS ( X_POLITICA_DOM, C_POLITICA_DOM, T_POLITICA_DOM_ALT,
N_DIAS_ANTES_FINAL, N_DIAS_ANTES_SUSPENSION, N_DIAS_PRESTAMO, N_DIAS_RECLAMACION_1A,
N_DIAS_RECLAMACION_2A, N_DIAS_RECLAMACION_3A, N_DIAS_RENOVACION, N_DIAS_SUSPENSION,
N_MAX_DIAS_SUSPENSION_EJE, N_MAX_RENOVACIONES, T_POLITICA_DOM, L_PERMITIR_AUNQUE_RESERVADO,
L_PRESTAMO_SI_DEV_MISMO_DIA ) VALUES (
-4, 'POL-004', 'asdfaf', 2, 2, 20, 3, 2, 8, 6, 2, 1, 3, 'Prestamos a domicilio', 0
, 1);
INSERT INTO CIR_DOM_POLITICAS ( X_POLITICA_DOM, C_POLITICA_DOM, T_POLITICA_DOM_ALT,
N_DIAS_ANTES_FINAL, N_DIAS_ANTES_SUSPENSION, N_DIAS_PRESTAMO, N_DIAS_RECLAMACION_1A,
N_DIAS_RECLAMACION_2A, N_DIAS_RECLAMACION_3A, N_DIAS_RENOVACION, N_DIAS_SUSPENSION,
N_MAX_DIAS_SUSPENSION_EJE, N_MAX_RENOVACIONES, T_POLITICA_DOM, L_PERMITIR_AUNQUE_RESERVADO,
L_PRESTAMO_SI_DEV_MISMO_DIA ) VALUES (
-5, 'POL-005', 'asdfasdasd', 1, 2, 20, 3, 2, 8, 6, 2, 1, 3, 'Prestamos a domicilio'
, 0, 1);
INSERT INTO CIR_DOM_POLITICAS ( X_POLITICA_DOM, C_POLITICA_DOM, T_POLITICA_DOM_ALT,
N_DIAS_ANTES_FINAL, N_DIAS_ANTES_SUSPENSION, N_DIAS_PRESTAMO, N_DIAS_RECLAMACION_1A,
N_DIAS_RECLAMACION_2A, N_DIAS_RECLAMACION_3A, N_DIAS_RENOVACION, N_DIAS_SUSPENSION,
N_MAX_DIAS_SUSPENSION_EJE, N_MAX_RENOVACIONES, T_POLITICA_DOM, L_PERMITIR_AUNQUE_RESERVADO,
L_PRESTAMO_SI_DEV_MISMO_DIA ) VALUES (
-6, 'POL-006', 'asdfasdf', 12341234, 2, 20, 3, 2, 8, 6, 2, 1, 3, 'Prestamos a domicilio'
, 0, 1);
INSERT INTO CIR_DOM_POLITICAS ( X_POLITICA_DOM, C_POLITICA_DOM, T_POLITICA_DOM_ALT,
N_DIAS_ANTES_FINAL, N_DIAS_ANTES_SUSPENSION, N_DIAS_PRESTAMO, N_DIAS_RECLAMACION_1A,
N_DIAS_RECLAMACION_2A, N_DIAS_RECLAMACION_3A, N_DIAS_RENOVACION, N_DIAS_SUSPENSION,
N_MAX_DIAS_SUSPENSION_EJE, N_MAX_RENOVACIONES, T_POLITICA_DOM, L_PERMITIR_AUNQUE_RESERVADO,
L_PRESTAMO_SI_DEV_MISMO_DIA ) VALUES (
-7, 'POL-007', '1234123', 2, 2, 20, 3, 2, 8, 6, 2, 1, 3, 'Prestamos a domicilio', 0
, 1);
INSERT INTO CIR_DOM_POLITICAS ( X_POLITICA_DOM, C_POLITICA_DOM, T_POLITICA_DOM_ALT,
N_DIAS_ANTES_FINAL, N_DIAS_ANTES_SUSPENSION, N_DIAS_PRESTAMO, N_DIAS_RECLAMACION_1A,
N_DIAS_RECLAMACION_2A, N_DIAS_RECLAMACION_3A, N_DIAS_RENOVACION, N_DIAS_SUSPENSION,
N_MAX_DIAS_SUSPENSION_EJE, N_MAX_RENOVACIONES, T_POLITICA_DOM, L_PERMITIR_AUNQUE_RESERVADO,
L_PRESTAMO_SI_DEV_MISMO_DIA ) VALUES (
-8, 'POL-008', 'asfasf', 2, 2, 20, 3, 2, 8, 6, 2, 1, 3, 'Prestamos a domicilio', 0
, 1);
commit;

INSERT INTO CIR_DOM_POLITICAS_ASOC ( X_DOM_POLITICA_ASOC, BIB_X_BIBLIOTECA, EJE_X_EJEMPLAR_TIPO,
POL_X_POLITICA_DOM, LEC_X_LECTOR_TIPO ) VALUES (
-1, -1, -1, -1, -1);
INSERT INTO CIR_DOM_POLITICAS_ASOC ( X_DOM_POLITICA_ASOC, BIB_X_BIBLIOTECA, EJE_X_EJEMPLAR_TIPO,
POL_X_POLITICA_DOM, LEC_X_LECTOR_TIPO ) VALUES (
-2, -2, -2, -2, -1);
INSERT INTO CIR_DOM_POLITICAS_ASOC ( X_DOM_POLITICA_ASOC, BIB_X_BIBLIOTECA, EJE_X_EJEMPLAR_TIPO,
POL_X_POLITICA_DOM, LEC_X_LECTOR_TIPO ) VALUES (
-3, -3, -3, -3, -1);
INSERT INTO CIR_DOM_POLITICAS_ASOC ( X_DOM_POLITICA_ASOC, BIB_X_BIBLIOTECA, EJE_X_EJEMPLAR_TIPO,
POL_X_POLITICA_DOM, LEC_X_LECTOR_TIPO ) VALUES (
-4, -1, -3, -6, -3);
INSERT INTO CIR_DOM_POLITICAS_ASOC ( X_DOM_POLITICA_ASOC, BIB_X_BIBLIOTECA, EJE_X_EJEMPLAR_TIPO,
POL_X_POLITICA_DOM, LEC_X_LECTOR_TIPO ) VALUES (
-5, -6, -3, -6, -3);
INSERT INTO CIR_DOM_POLITICAS_ASOC ( X_DOM_POLITICA_ASOC, BIB_X_BIBLIOTECA, EJE_X_EJEMPLAR_TIPO,
POL_X_POLITICA_DOM, LEC_X_LECTOR_TIPO ) VALUES (
-6, -5, -3, -6, -3);
INSERT INTO CIR_DOM_POLITICAS_ASOC ( X_DOM_POLITICA_ASOC, BIB_X_BIBLIOTECA, EJE_X_EJEMPLAR_TIPO,
POL_X_POLITICA_DOM, LEC_X_LECTOR_TIPO ) VALUES (
-7, -7, -1, -1, -1);
INSERT INTO CIR_DOM_POLITICAS_ASOC ( X_DOM_POLITICA_ASOC, BIB_X_BIBLIOTECA, EJE_X_EJEMPLAR_TIPO,
POL_X_POLITICA_DOM, LEC_X_LECTOR_TIPO ) VALUES (
-8, -7, -1, -1, -2);
INSERT INTO CIR_DOM_POLITICAS_ASOC ( X_DOM_POLITICA_ASOC, BIB_X_BIBLIOTECA, EJE_X_EJEMPLAR_TIPO,
POL_X_POLITICA_DOM, LEC_X_LECTOR_TIPO ) VALUES (
-9, -7, -1, -1, -3);
INSERT INTO CIR_DOM_POLITICAS_ASOC ( X_DOM_POLITICA_ASOC, BIB_X_BIBLIOTECA, EJE_X_EJEMPLAR_TIPO,
POL_X_POLITICA_DOM, LEC_X_LECTOR_TIPO ) VALUES (
-10, -7, -1, -1, -4);
INSERT INTO CIR_DOM_POLITICAS_ASOC ( X_DOM_POLITICA_ASOC, BIB_X_BIBLIOTECA, EJE_X_EJEMPLAR_TIPO,
POL_X_POLITICA_DOM, LEC_X_LECTOR_TIPO ) VALUES (
-11, -7, -1, -1, -5);
INSERT INTO CIR_DOM_POLITICAS_ASOC ( X_DOM_POLITICA_ASOC, BIB_X_BIBLIOTECA, EJE_X_EJEMPLAR_TIPO,
POL_X_POLITICA_DOM, LEC_X_LECTOR_TIPO ) VALUES (
-12, -7, -2, -1, -1);
INSERT INTO CIR_DOM_POLITICAS_ASOC ( X_DOM_POLITICA_ASOC, BIB_X_BIBLIOTECA, EJE_X_EJEMPLAR_TIPO,
POL_X_POLITICA_DOM, LEC_X_LECTOR_TIPO ) VALUES (
-13, -7, -2, -1, -2);
INSERT INTO CIR_DOM_POLITICAS_ASOC ( X_DOM_POLITICA_ASOC, BIB_X_BIBLIOTECA, EJE_X_EJEMPLAR_TIPO,
POL_X_POLITICA_DOM, LEC_X_LECTOR_TIPO ) VALUES (
-14, -7, -2, -1, -3);
INSERT INTO CIR_DOM_POLITICAS_ASOC ( X_DOM_POLITICA_ASOC, BIB_X_BIBLIOTECA, EJE_X_EJEMPLAR_TIPO,
POL_X_POLITICA_DOM, LEC_X_LECTOR_TIPO ) VALUES (
-15, -7, -2, -1, -4);
INSERT INTO CIR_DOM_POLITICAS_ASOC ( X_DOM_POLITICA_ASOC, BIB_X_BIBLIOTECA, EJE_X_EJEMPLAR_TIPO,
POL_X_POLITICA_DOM, LEC_X_LECTOR_TIPO ) VALUES (
-16, -7, -2, -1, -5);
INSERT INTO CIR_DOM_POLITICAS_ASOC ( X_DOM_POLITICA_ASOC, BIB_X_BIBLIOTECA, EJE_X_EJEMPLAR_TIPO,
POL_X_POLITICA_DOM, LEC_X_LECTOR_TIPO ) VALUES (
-17, -7, -3, -1, -1);
INSERT INTO CIR_DOM_POLITICAS_ASOC ( X_DOM_POLITICA_ASOC, BIB_X_BIBLIOTECA, EJE_X_EJEMPLAR_TIPO,
POL_X_POLITICA_DOM, LEC_X_LECTOR_TIPO ) VALUES (
-18, -7, -3, -1, -2);
INSERT INTO CIR_DOM_POLITICAS_ASOC ( X_DOM_POLITICA_ASOC, BIB_X_BIBLIOTECA, EJE_X_EJEMPLAR_TIPO,
POL_X_POLITICA_DOM, LEC_X_LECTOR_TIPO ) VALUES (
-19, -7, -3, -1, -4);
INSERT INTO CIR_DOM_POLITICAS_ASOC ( X_DOM_POLITICA_ASOC, BIB_X_BIBLIOTECA, EJE_X_EJEMPLAR_TIPO,
POL_X_POLITICA_DOM, LEC_X_LECTOR_TIPO ) VALUES (
-20, -7, -3, -1, -5);
INSERT INTO CIR_DOM_POLITICAS_ASOC ( X_DOM_POLITICA_ASOC, BIB_X_BIBLIOTECA, EJE_X_EJEMPLAR_TIPO,
POL_X_POLITICA_DOM, LEC_X_LECTOR_TIPO ) VALUES (
-21, -7, -4, -1, -1);
INSERT INTO CIR_DOM_POLITICAS_ASOC ( X_DOM_POLITICA_ASOC, BIB_X_BIBLIOTECA, EJE_X_EJEMPLAR_TIPO,
POL_X_POLITICA_DOM, LEC_X_LECTOR_TIPO ) VALUES (
-22, -7, -4, -1, -2);
INSERT INTO CIR_DOM_POLITICAS_ASOC ( X_DOM_POLITICA_ASOC, BIB_X_BIBLIOTECA, EJE_X_EJEMPLAR_TIPO,
POL_X_POLITICA_DOM, LEC_X_LECTOR_TIPO ) VALUES (
-23, -7, -4, -1, -3);
INSERT INTO CIR_DOM_POLITICAS_ASOC ( X_DOM_POLITICA_ASOC, BIB_X_BIBLIOTECA, EJE_X_EJEMPLAR_TIPO,
POL_X_POLITICA_DOM, LEC_X_LECTOR_TIPO ) VALUES (
-24, -7, -4, -1, -4);
INSERT INTO CIR_DOM_POLITICAS_ASOC ( X_DOM_POLITICA_ASOC, BIB_X_BIBLIOTECA, EJE_X_EJEMPLAR_TIPO,
POL_X_POLITICA_DOM, LEC_X_LECTOR_TIPO ) VALUES (
-25, -7, -4, -1, -5);
INSERT INTO CIR_DOM_POLITICAS_ASOC ( X_DOM_POLITICA_ASOC, BIB_X_BIBLIOTECA, EJE_X_EJEMPLAR_TIPO,
POL_X_POLITICA_DOM, LEC_X_LECTOR_TIPO ) VALUES (
-26, -7, -5, -1, -1);
INSERT INTO CIR_DOM_POLITICAS_ASOC ( X_DOM_POLITICA_ASOC, BIB_X_BIBLIOTECA, EJE_X_EJEMPLAR_TIPO,
POL_X_POLITICA_DOM, LEC_X_LECTOR_TIPO ) VALUES (
-27, -7, -5, -1, -2);
INSERT INTO CIR_DOM_POLITICAS_ASOC ( X_DOM_POLITICA_ASOC, BIB_X_BIBLIOTECA, EJE_X_EJEMPLAR_TIPO,
POL_X_POLITICA_DOM, LEC_X_LECTOR_TIPO ) VALUES (
-28, -7, -5, -1, -3);
INSERT INTO CIR_DOM_POLITICAS_ASOC ( X_DOM_POLITICA_ASOC, BIB_X_BIBLIOTECA, EJE_X_EJEMPLAR_TIPO,
POL_X_POLITICA_DOM, LEC_X_LECTOR_TIPO ) VALUES (
-29, -7, -5, -1, -4);
INSERT INTO CIR_DOM_POLITICAS_ASOC ( X_DOM_POLITICA_ASOC, BIB_X_BIBLIOTECA, EJE_X_EJEMPLAR_TIPO,
POL_X_POLITICA_DOM, LEC_X_LECTOR_TIPO ) VALUES (
-30, -7, -5, -1, -5);
INSERT INTO CIR_DOM_POLITICAS_ASOC ( X_DOM_POLITICA_ASOC, BIB_X_BIBLIOTECA, EJE_X_EJEMPLAR_TIPO,
POL_X_POLITICA_DOM, LEC_X_LECTOR_TIPO ) VALUES (
-31, -7, -6, -1, -1);
INSERT INTO CIR_DOM_POLITICAS_ASOC ( X_DOM_POLITICA_ASOC, BIB_X_BIBLIOTECA, EJE_X_EJEMPLAR_TIPO,
POL_X_POLITICA_DOM, LEC_X_LECTOR_TIPO ) VALUES (
-32, -7, -6, -1, -2);
INSERT INTO CIR_DOM_POLITICAS_ASOC ( X_DOM_POLITICA_ASOC, BIB_X_BIBLIOTECA, EJE_X_EJEMPLAR_TIPO,
POL_X_POLITICA_DOM, LEC_X_LECTOR_TIPO ) VALUES (
-33, -7, -6, -1, -3);
INSERT INTO CIR_DOM_POLITICAS_ASOC ( X_DOM_POLITICA_ASOC, BIB_X_BIBLIOTECA, EJE_X_EJEMPLAR_TIPO,
POL_X_POLITICA_DOM, LEC_X_LECTOR_TIPO ) VALUES (
-34, -7, -6, -1, -4);
INSERT INTO CIR_DOM_POLITICAS_ASOC ( X_DOM_POLITICA_ASOC, BIB_X_BIBLIOTECA, EJE_X_EJEMPLAR_TIPO,
POL_X_POLITICA_DOM, LEC_X_LECTOR_TIPO ) VALUES (
-35, -7, -6, -1, -5);
INSERT INTO CIR_DOM_POLITICAS_ASOC ( X_DOM_POLITICA_ASOC, BIB_X_BIBLIOTECA, EJE_X_EJEMPLAR_TIPO,
POL_X_POLITICA_DOM, LEC_X_LECTOR_TIPO ) VALUES (
-36, -7, -7, -1, -1);
INSERT INTO CIR_DOM_POLITICAS_ASOC ( X_DOM_POLITICA_ASOC, BIB_X_BIBLIOTECA, EJE_X_EJEMPLAR_TIPO,
POL_X_POLITICA_DOM, LEC_X_LECTOR_TIPO ) VALUES (
-37, -7, -7, -1, -2);
INSERT INTO CIR_DOM_POLITICAS_ASOC ( X_DOM_POLITICA_ASOC, BIB_X_BIBLIOTECA, EJE_X_EJEMPLAR_TIPO,
POL_X_POLITICA_DOM, LEC_X_LECTOR_TIPO ) VALUES (
-38, -7, -7, -1, -3);
INSERT INTO CIR_DOM_POLITICAS_ASOC ( X_DOM_POLITICA_ASOC, BIB_X_BIBLIOTECA, EJE_X_EJEMPLAR_TIPO,
POL_X_POLITICA_DOM, LEC_X_LECTOR_TIPO ) VALUES (
-39, -7, -7, -1, -4);
INSERT INTO CIR_DOM_POLITICAS_ASOC ( X_DOM_POLITICA_ASOC, BIB_X_BIBLIOTECA, EJE_X_EJEMPLAR_TIPO,
POL_X_POLITICA_DOM, LEC_X_LECTOR_TIPO ) VALUES (
-40, -7, -7, -1, -5);
commit;

INSERT INTO CIR_DOM_PRECEDENCIA_PARAMETROS ( X_DOM_PRECEDENCIA_PARAMETRO, T_NOMBRE_TABLA,
T_NOMBRE_TABLA_ALT, N_PRECEDENCIA_RELATIVA ) VALUES (
-1, 'asdfasdf', 'asdfasdf', 1);
INSERT INTO CIR_DOM_PRECEDENCIA_PARAMETROS ( X_DOM_PRECEDENCIA_PARAMETRO, T_NOMBRE_TABLA,
T_NOMBRE_TABLA_ALT, N_PRECEDENCIA_RELATIVA ) VALUES (
-2, 'asdf', 'asdfdf', 2);
INSERT INTO CIR_DOM_PRECEDENCIA_PARAMETROS ( X_DOM_PRECEDENCIA_PARAMETRO, T_NOMBRE_TABLA,
T_NOMBRE_TABLA_ALT, N_PRECEDENCIA_RELATIVA ) VALUES (
-3, 'asdfasdf', 'aasdfasdf', 1);
commit;

INSERT INTO CIR_ESTADOS_CIRCULACION ( X_ESTADO_CIRCULACION, C_ESTADO_CIRCULACION,
T_ESTADO_CIRCULACION_ALT, T_ESTADO_CIRCULACION,
NCIP_X_NCIP_VALUE_OET ) VALUES (
-1, 'asdfasdf', 'asdvasdv', 'asdvsdv', -1);
INSERT INTO CIR_ESTADOS_CIRCULACION ( X_ESTADO_CIRCULACION, C_ESTADO_CIRCULACION,
T_ESTADO_CIRCULACION_ALT, T_ESTADO_CIRCULACION,
NCIP_X_NCIP_VALUE_OET ) VALUES (
-2, 'asdfasdf', 'asdfasdf', 'asdvasdv', -2);
INSERT INTO CIR_ESTADOS_CIRCULACION ( X_ESTADO_CIRCULACION, C_ESTADO_CIRCULACION,
T_ESTADO_CIRCULACION_ALT, T_ESTADO_CIRCULACION,
NCIP_X_NCIP_VALUE_OET ) VALUES (
-3, 'asdvsdv', 'asdvsdv', 'asdvasdv', -3);
commit;

INSERT INTO CIR_ESTADOS_RESERVAS ( X_ESTADO_RESERVA, C_ESTADO_RESERVA,
T_ESTADO_RESERVA ) VALUES (
-1, 'A', '#estadoReserva.activa');
INSERT INTO CIR_ESTADOS_RESERVAS ( X_ESTADO_RESERVA, C_ESTADO_RESERVA,
T_ESTADO_RESERVA ) VALUES (
-2, 'N', '#estadoReserva.noActiva');
INSERT INTO CIR_ESTADOS_RESERVAS ( X_ESTADO_RESERVA, C_ESTADO_RESERVA,
T_ESTADO_RESERVA ) VALUES (
-3, 'E', '#estadoReserva.expirada');
INSERT INTO CIR_ESTADOS_RESERVAS ( X_ESTADO_RESERVA, C_ESTADO_RESERVA,
T_ESTADO_RESERVA ) VALUES (
-4, 'P', '#estadoReserva.prestado');
INSERT INTO CIR_ESTADOS_RESERVAS ( X_ESTADO_RESERVA, C_ESTADO_RESERVA,
T_ESTADO_RESERVA ) VALUES (
-5, 'D', '#estadoReserva.devuelto');
commit;

INSERT INTO CIR_HISTORY_STEPS ( X_HISTORY_STEP, F_EJECUCION, C_ENTIDAD, T_NOMBRE_ENTIDAD,
C_ACTIVIDAD, T_NOMBRE_ACTIVIDAD, C_WORKFLOW, T_NOMBRE_WORKFLOW ) VALUES (
-1, TO_TIMESTAMP('28/09/2009 0:00:00.000000','DD/MM/YYYY fmHH24fm:MI:SS.FF'), 3.89025550006855E18
, 'DhDpSgOgKoDhSwCfVzMdJoKyJfOeJdSgWgIiUhAxKcLiOcByTrHyXyPwYzPgIpQnQyMlPhZfLkApBmDgBdRxKePqChAmWmRrKtPgKjHgLvGuGiFiBvWjWjDeEnEvNcGuImSxReItKzUzUxIbAyQiSeKpOqKsLsEaYwLsYxGmLmMtHqLpTcSnMzEvHbDkMbHxZqKnNvNqUsMzRpKyIhTfYnPcUqArBuTiDkMsXtJsNgZkXiGrDeGbInXxEwWxTkL'
, 264097518, 'HfQzAdYnBcTzAnSdCoVdWwJhDsDbPgIsWbLsWcKoEmDyLnXvHdUnTwXaEdIjLxShKvXlSxJkIqFmHoLwNlVrXoGlRgBuLvAsPiCsWnPqWeLsFsNbQfHoOvEiStYeAbJiJtLwNpYuYkEmLoOsLsDrQdEcTgFgXjElFfFpAoPrKbUuXqXgMqSlOyDdTgXhQsZmWqBeEbIyXeVmTxWtTyLsIhPnOeDoYoPzGyVlBoLwPgMyBeWrPhVyXiSyLnWoUzN'
, 4.2383122911568E18, 'OiBqTiNjNvIdYmAcDjVcOpJwUqMxLpKqQxAtVlTgVzFcSxYaRrHcXfIxLlEaUzGyRpObHkFvVkRgFiOzLpUkRjXnVkCtZfDeBgAuUnQtLmCnUaPwVnRaGbWxRxYgHsXqOzIeCcMxBtUeGoYbHkIoFhGhRwAfFgReRvJuRgUsJrRgWdIuFpQpXdWcTkZkVoStGoVwQsAxMjRbDyOsMrXhSjWvEbOhKnMeMwUgWbLbPzAdKyNvOsTkFgKxLzUvJkG');
INSERT INTO CIR_HISTORY_STEPS ( X_HISTORY_STEP, F_EJECUCION, C_ENTIDAD, T_NOMBRE_ENTIDAD,
C_ACTIVIDAD, T_NOMBRE_ACTIVIDAD, C_WORKFLOW, T_NOMBRE_WORKFLOW ) VALUES (
-2, TO_TIMESTAMP('28/09/2009 0:00:00.000000','DD/MM/YYYY fmHH24fm:MI:SS.FF'), 1.1479447712227E18
, 'XsHjQyFqObFeUuVlSwLgYnYvTkGaDpKfXvIiAaNmVfUkNdNrQcOgVsGoIuSbUeRqIwTsAnZeSzNdJwDyAbNmQpGgTkYcNmXuKdFzPtLxVdBqKcUwUnUlZaTeIcXgNvSjSiCwFbXnUbOfZxXmFrElZxIuEmWtBqXkWyDiIcNtDlPkXsViNzFuCpYfDyJkYwOyWdAeQyItOdNrAqSgOdDoCfHxCsOiAmYqGyDvVaRzLlVeYeDhZjShJpRoSzXtAjC'
, 1774877821, 'ZqBkKwHgInUxYjEoHvSiNiChEsYjWiGqAfPtBiMtFxRwFsMwOkHcFvMaCeJuUpVpZmTfTwOaLtUvNxBdBtYsZcKdEhLcBfOgWxJgWiLjGsYaRkRhIkGyViRlOsMxWzWfHgNmPwTcQpFfQiHkLjNhPzRhSkVnInKiYzSvQxVsCvYcWxUaPwAjVeKbLoWjAqBgCiUhBsGpYpYuQrAtRiXqSzFrLrLtIwYbQfMkPaQoSxYtVjBeNnHcNlPtNpHsQiY'
, 2.67408557866422E18, 'CrZoYuJdWaFsYuQxYhJpDjFnUkCjEvEeArZwNoXsVeUcGbZwNzBdSuFjOaLcLeXcVpOcKtFdBmLrMbTaBtVoYkToPhFpXuSiKsBcIhLmReHcHfIgXmPhDjYzXjEmToYyLkCaHmWbYxKiKiHfYrDqXgUmIeTrBtEgTtEkHjBtKoZrWxFbItOeWmNeXgHwEqCzZmEwXuIqAdHmLnNqDlBfWrGcYvHcGxUeLyKtXiLnQwJbKqAsKtZuBnQgQcXuDmA');
INSERT INTO CIR_HISTORY_STEPS ( X_HISTORY_STEP, F_EJECUCION, C_ENTIDAD, T_NOMBRE_ENTIDAD,
C_ACTIVIDAD, T_NOMBRE_ACTIVIDAD, C_WORKFLOW, T_NOMBRE_WORKFLOW ) VALUES (
-3, TO_TIMESTAMP('28/09/2009 0:00:00.000000','DD/MM/YYYY fmHH24fm:MI:SS.FF'), 2.34915989247818E18
, 'EsPcIbOgQvPnNlBvKoCvPuCqCtAxPrWaNaMbIuKwZiUfFfPtEjGnIoZrFwDjLnMiRqHfBiPeJeHjGrXaEjVwZxGzAyWwJjKsNbUmUgQnPpNwErDxPmFrHjFeLbKrQpYiWvJbLtMvNuSeNfMkFaSoUhRbVrLyJwOjTgLrFuAxSoWyZsGpFjFnGyEdHgHcSlYhEbEdKoIbWhVhYkRjWaDkCzMdZjCmQrFtYuHbUbLsDdAwCxCcOtCuMlRxOaQlPwZ'
, 1022992806, 'UvIxUxHnXiYsMnUwAePiXmWwCeYlWkJmUlZfKtXuTzHtWdHuUlFvAyTzFqOlRcOpAgTbYkUvQcAhXuSpFhPcOqCvGzVsYtBeLoXyHrQvGlZtHmXnDgKvXgOhZyNuFzDcZtQsHeHwXiOzJzWjKcSoJjStNzPnOgIyAsJuLkYhJcPhOdRxJqHhBqKpBbJqCjInZyOuUjNdCbRgWgGkNuQxAkJsQrUlPxGoFnMeFaKzQsQkMyWmOpYeLmXpKeFsGeW'
, 6.69733905336989E18, 'DkMiPgKzMgChWyKkUyGwHeBlMlYyVfEuTiHsVzWdVaTxAkKdKhDdYlWlHkRtCcNdZkTpLrEwXsHeUiQeMkMeLoZqNlMoIsLnYhSnYwKuLjXvWhVhWaKaRuJtAlTpGiGaUqFoFcHsHxGkOlUqKwPtVnPhLlTcByQhHsSkDdJaKrEpBpKePwXwMmWbIkYrXkIyHeCbOfOcCnYyAvNeGtAxIeTvPkEcJdNkWgFiLxOgJzWjHdDeOpPjSvBeXsIdLyB');
commit;

INSERT INTO CIR_NCIP_SERVICIOS ( X_NCIP_SERVICIOS, T_URL, C_NCIP_SERVICIO,
CON_BIB_X_CONSORCIO_BIBLIOTECA ) VALUES (
-1, 'http://wxpaliciaropero:8080/librae-circulacion/RenewItemServlet', -1, -1);
INSERT INTO CIR_NCIP_SERVICIOS ( X_NCIP_SERVICIOS, T_URL, C_NCIP_SERVICIO,
CON_BIB_X_CONSORCIO_BIBLIOTECA ) VALUES (
-2, 'http://wxpaliciaropero:8080/librae-circulacion/CheckInItem', -2, -1);
INSERT INTO CIR_NCIP_SERVICIOS ( X_NCIP_SERVICIOS, T_URL, C_NCIP_SERVICIO,
CON_BIB_X_CONSORCIO_BIBLIOTECA ) VALUES (
-3, 'http://wxpaliciaropero:8080/librae-circulacion/AuthenticateUserServlet', -3, -1);
INSERT INTO CIR_NCIP_SERVICIOS ( X_NCIP_SERVICIOS, T_URL, C_NCIP_SERVICIO,
CON_BIB_X_CONSORCIO_BIBLIOTECA ) VALUES (
-4, 'http://wxpaliciaropero:8080/librae-circulacion/LookupUserServlet', -4, -1);
INSERT INTO CIR_NCIP_SERVICIOS ( X_NCIP_SERVICIOS, T_URL, C_NCIP_SERVICIO,
CON_BIB_X_CONSORCIO_BIBLIOTECA ) VALUES (
-5, 'http://wxpaliciaropero:8080/librae-circulacion/AuthenticateUserServlet', -3, -1);
INSERT INTO CIR_NCIP_SERVICIOS ( X_NCIP_SERVICIOS, T_URL, C_NCIP_SERVICIO,
CON_BIB_X_CONSORCIO_BIBLIOTECA ) VALUES (
-6, 'http://wxpaliciaropero:8080/librae-circulacion/LookupUserServlet', -4, -1);
INSERT INTO CIR_NCIP_SERVICIOS ( X_NCIP_SERVICIOS, T_URL, C_NCIP_SERVICIO,
CON_BIB_X_CONSORCIO_BIBLIOTECA ) VALUES (
-7, 'http://wxpaliciaropero:8080/librae-circulacion/AuthenticateUserServlet', -3, -1);
INSERT INTO CIR_NCIP_SERVICIOS ( X_NCIP_SERVICIOS, T_URL, C_NCIP_SERVICIO,
CON_BIB_X_CONSORCIO_BIBLIOTECA ) VALUES (
-8, 'http://wxpaliciaropero:8080/librae-circulacion/LookupUserServlet', -4, -1);
INSERT INTO CIR_NCIP_SERVICIOS ( X_NCIP_SERVICIOS, T_URL, C_NCIP_SERVICIO,
CON_BIB_X_CONSORCIO_BIBLIOTECA ) VALUES (
-9, 'http://wxpaliciaropero:8080/librae-circulacion/AuthenticateUserServlet', -3, -1);
INSERT INTO CIR_NCIP_SERVICIOS ( X_NCIP_SERVICIOS, T_URL, C_NCIP_SERVICIO,
CON_BIB_X_CONSORCIO_BIBLIOTECA ) VALUES (
-10, 'http://wxpaliciaropero:8080/librae-circulacion/LookupUserServlet', -4, -1);
INSERT INTO CIR_NCIP_SERVICIOS ( X_NCIP_SERVICIOS, T_URL, C_NCIP_SERVICIO,
CON_BIB_X_CONSORCIO_BIBLIOTECA ) VALUES (
-11, 'http://wxpaliciaropero:8080/librae-circulacion/UndoCheckOutItem', -5, -1);
INSERT INTO CIR_NCIP_SERVICIOS ( X_NCIP_SERVICIOS, T_URL, C_NCIP_SERVICIO,
CON_BIB_X_CONSORCIO_BIBLIOTECA ) VALUES (
-12, 'http://wxpaliciaropero:8080/librae-circulacion/RenewedItemServlet', -6, -1);
INSERT INTO CIR_NCIP_SERVICIOS ( X_NCIP_SERVICIOS, T_URL, C_NCIP_SERVICIO,
CON_BIB_X_CONSORCIO_BIBLIOTECA ) VALUES (
-13, 'http://wxpaliciaropero:8080/librae-circulacion/LookupItemServlet', -7, -1);
INSERT INTO CIR_NCIP_SERVICIOS ( X_NCIP_SERVICIOS, T_URL, C_NCIP_SERVICIO,
CON_BIB_X_CONSORCIO_BIBLIOTECA ) VALUES (
-14, 'http://wxpaliciaropero:8080/librae-circulacion/CheckOutItemServlet', -8, -1);
INSERT INTO CIR_NCIP_SERVICIOS ( X_NCIP_SERVICIOS, T_URL, C_NCIP_SERVICIO,
CON_BIB_X_CONSORCIO_BIBLIOTECA ) VALUES (
-15, 'http://wxpaliciaropero:8080/librae-circulacion/ItemCheckedOutServlet', -9, -1);
INSERT INTO CIR_NCIP_SERVICIOS ( X_NCIP_SERVICIOS, T_URL, C_NCIP_SERVICIO,
CON_BIB_X_CONSORCIO_BIBLIOTECA ) VALUES (
-16, 'http://wxpaliciaropero:8080/librae-circulacion/ItemCheckedInServlet', -10, -1);
commit;

INSERT INTO CIR_PARAMETROS ( X_PARAMETRO, D_PRIOR_ENTRE_TIPOS_RESER, D_TIPO_LECTOR_SI_VARIOS,
POL_DEF_X_DOM_POL_PREST_DEFECT, POL_DEF_X_RES_POLIT_PREST_DEF ) VALUES (
-1, 'R', 'D', -1, -1);
commit;

INSERT INTO CIR_PET_ACTIVIDADES ( X_PET_ACTIVIDAD, T_PET_ACTIVIDAD_ALT,
T_PET_ACTIVIDAD ) VALUES (
-1, NULL, 'asdf');
INSERT INTO CIR_PET_ACTIVIDADES ( X_PET_ACTIVIDAD, T_PET_ACTIVIDAD_ALT,
T_PET_ACTIVIDAD ) VALUES (
-2, NULL, 'asdff');
INSERT INTO CIR_PET_ACTIVIDADES ( X_PET_ACTIVIDAD, T_PET_ACTIVIDAD_ALT,
T_PET_ACTIVIDAD ) VALUES (
-3, NULL, 'asdfasdf');
commit;

INSERT INTO CIR_PET_PETICIONES ( X_PET_PETICION, T_ACEPTA_DESISTE, F_ACEPTA_DESISTE, F_ANULACION,
F_CREACION, T_ID_TRANSACCION, N_IMPORTE, T_INFO_ADICIONAL_TRANSACCION, L_LECTOR_ACEPTA,
L_LECTOR_BLOQUEADAS_PETICIONES, T_MOTIVACION_RESOLUCION, T_NOTAS_ANULACION,
L_PIB_PETICION_FINALIZADA, L_PRESTAMO_FINALIZADO, L_RECIBIDA_VIA_WS, L_REQUIERE_ACEPTACION_LECTOR,
L_RESERVA_FINALIZADA, T_TEXTO_LECTOR, T_TIPO_PETICION, T_URL_DOCUMENTO_ACEPTA_DESISTE,
T_URL_DOCUMENTO_ANULACION, BIB_X_BIBLIOTECA, CON_X_CONCEPTO_TRANSACCION, DES_X_DESIDERATA,
EJE_X_EJEMPLAR, LEC_X_LECTOR, MET_PAGO_X_MET_PAGO_TRANSACC, MON_X_MONEDA, DEP_X_PETICION_DEPOSITO,
PET_X_PIB_PETICION, PET_X_PET_PETICION_VINCULADA_A, REG_X_REGISTRO, RES_X_RESERVA,
TIPO_ACC_X_TIPO_ACCION_TRANSAC, RES_X_PIB_TIPO_RESOLUCION ) VALUES (
-1, 'asdvasdv', TO_TIMESTAMP('24/02/2009 0:00:00.000000','DD/MM/YYYY fmHH24fm:MI:SS.FF')
, TO_TIMESTAMP('24/02/2009 0:00:00.000000','DD/MM/YYYY fmHH24fm:MI:SS.FF'), TO_TIMESTAMP('24/02/2009 0:00:00.000000','DD/MM/YYYY fmHH24fm:MI:SS.FF')
, 'asdvasdv', 6, 'asdfasdfasdvasdv', 0, 0, 'asdvasdv', 'asdvasdv', 1, 1, 0, 0, 0, '-1'
, '-1', '-1', NULL, NULL, NULL, NULL, NULL, NULL, NULL, NULL, NULL, NULL, NULL, NULL
, NULL, NULL, NULL);
INSERT INTO CIR_PET_PETICIONES ( X_PET_PETICION, T_ACEPTA_DESISTE, F_ACEPTA_DESISTE, F_ANULACION,
F_CREACION, T_ID_TRANSACCION, N_IMPORTE, T_INFO_ADICIONAL_TRANSACCION, L_LECTOR_ACEPTA,
L_LECTOR_BLOQUEADAS_PETICIONES, T_MOTIVACION_RESOLUCION, T_NOTAS_ANULACION,
L_PIB_PETICION_FINALIZADA, L_PRESTAMO_FINALIZADO, L_RECIBIDA_VIA_WS, L_REQUIERE_ACEPTACION_LECTOR,
L_RESERVA_FINALIZADA, T_TEXTO_LECTOR, T_TIPO_PETICION, T_URL_DOCUMENTO_ACEPTA_DESISTE,
T_URL_DOCUMENTO_ANULACION, BIB_X_BIBLIOTECA, CON_X_CONCEPTO_TRANSACCION, DES_X_DESIDERATA,
EJE_X_EJEMPLAR, LEC_X_LECTOR, MET_PAGO_X_MET_PAGO_TRANSACC, MON_X_MONEDA, DEP_X_PETICION_DEPOSITO,
PET_X_PIB_PETICION, PET_X_PET_PETICION_VINCULADA_A, REG_X_REGISTRO, RES_X_RESERVA,
TIPO_ACC_X_TIPO_ACCION_TRANSAC, RES_X_PIB_TIPO_RESOLUCION ) VALUES (
-2, 'asdfasdf', TO_TIMESTAMP('24/02/2009 0:00:00.000000','DD/MM/YYYY fmHH24fm:MI:SS.FF')
, TO_TIMESTAMP('24/02/2009 0:00:00.000000','DD/MM/YYYY fmHH24fm:MI:SS.FF'), TO_TIMESTAMP('24/02/2009 0:00:00.000000','DD/MM/YYYY fmHH24fm:MI:SS.FF')
, 'asdfasdf', 4, 'asdfasdf', 0, 0, 'asdfasdf', 'adfasdf', 0, 0, 0, 0, 0, '-1', '-1'
, '-1', NULL, NULL, NULL, NULL, NULL, NULL, NULL, NULL, NULL, NULL, NULL, NULL, NULL
, NULL, NULL);
INSERT INTO CIR_PET_PETICIONES ( X_PET_PETICION, T_ACEPTA_DESISTE, F_ACEPTA_DESISTE, F_ANULACION,
F_CREACION, T_ID_TRANSACCION, N_IMPORTE, T_INFO_ADICIONAL_TRANSACCION, L_LECTOR_ACEPTA,
L_LECTOR_BLOQUEADAS_PETICIONES, T_MOTIVACION_RESOLUCION, T_NOTAS_ANULACION,
L_PIB_PETICION_FINALIZADA, L_PRESTAMO_FINALIZADO, L_RECIBIDA_VIA_WS, L_REQUIERE_ACEPTACION_LECTOR,
L_RESERVA_FINALIZADA, T_TEXTO_LECTOR, T_TIPO_PETICION, T_URL_DOCUMENTO_ACEPTA_DESISTE,
T_URL_DOCUMENTO_ANULACION, BIB_X_BIBLIOTECA, CON_X_CONCEPTO_TRANSACCION, DES_X_DESIDERATA,
EJE_X_EJEMPLAR, LEC_X_LECTOR, MET_PAGO_X_MET_PAGO_TRANSACC, MON_X_MONEDA, DEP_X_PETICION_DEPOSITO,
PET_X_PIB_PETICION, PET_X_PET_PETICION_VINCULADA_A, REG_X_REGISTRO, RES_X_RESERVA,
TIPO_ACC_X_TIPO_ACCION_TRANSAC, RES_X_PIB_TIPO_RESOLUCION ) VALUES (
-3, 'asdfasdf', TO_TIMESTAMP('24/02/2009 0:00:00.000000','DD/MM/YYYY fmHH24fm:MI:SS.FF')
, TO_TIMESTAMP('24/02/2009 0:00:00.000000','DD/MM/YYYY fmHH24fm:MI:SS.FF'), TO_TIMESTAMP('24/02/2009 0:00:00.000000','DD/MM/YYYY fmHH24fm:MI:SS.FF')
, 'asdfasdf', 3, 'adsfasdf', 0, 0, 'asdfasdf', 'avsdvasd', 0, 0, 0, 0, 0, '-1', '-1'
, '-1', NULL, NULL, NULL, NULL, NULL, NULL, NULL, NULL, NULL, NULL, NULL, NULL, NULL
, NULL, NULL);
commit;

INSERT INTO CIR_PET_RESTRICCIONES_USO ( X_PET_RESTRICCION_USO, PET_X_PIB_PETICION,
RES_USO_X_RESTRICCION_USO ) VALUES (
-1, -1, -1);
INSERT INTO CIR_PET_RESTRICCIONES_USO ( X_PET_RESTRICCION_USO, PET_X_PIB_PETICION,
RES_USO_X_RESTRICCION_USO ) VALUES (
-2, -2, -2);
INSERT INTO CIR_PET_RESTRICCIONES_USO ( X_PET_RESTRICCION_USO, PET_X_PIB_PETICION,
RES_USO_X_RESTRICCION_USO ) VALUES (
-3, -3, -3);
commit;

INSERT INTO CIR_PIB_ACCIONES_PRESTAMOS ( X_PIB_ACCION_PRESTAMO, F_EJECUCION, T_PIB_ACCION_PRESTAMO,
T_NOTAS, PET_X_PIB_PETICION ) VALUES (
-1, TO_TIMESTAMP('16/06/2009 0:00:00.000000','DD/MM/YYYY fmHH24fm:MI:SS.FF'), '1TzAbEtAtOzYdTrBqKiMtZ'
, '0TzAbEtAtOzYdTrBqKiMtZ', -1);
INSERT INTO CIR_PIB_ACCIONES_PRESTAMOS ( X_PIB_ACCION_PRESTAMO, F_EJECUCION, T_PIB_ACCION_PRESTAMO,
T_NOTAS, PET_X_PIB_PETICION ) VALUES (
-2, TO_TIMESTAMP('16/06/2009 0:00:00.000000','DD/MM/YYYY fmHH24fm:MI:SS.FF'), '2TzAbEtAtOzYdTrBqKiMtZ'
, '0TzAbEtAtOzYdTrBqKiMtZ', -2);
INSERT INTO CIR_PIB_ACCIONES_PRESTAMOS ( X_PIB_ACCION_PRESTAMO, F_EJECUCION, T_PIB_ACCION_PRESTAMO,
T_NOTAS, PET_X_PIB_PETICION ) VALUES (
-3, TO_TIMESTAMP('16/06/2009 0:00:00.000000','DD/MM/YYYY fmHH24fm:MI:SS.FF'), '3TzAbEtAtOzYdTrBqKiMtZ'
, '0TzAbEtAtOzYdTrBqKiMtZ', -3);
commit;

INSERT INTO CIR_PIB_ALCANCES_PETICIONES ( X_PIB_ALCANCES_PETICION, T_PIB_ALCANCES_PETICION_ALT,
T_PIB_ALCANCES_PETICION, NCIP_X_NCIP_VALUE_OET ) VALUES (
-1, 'asdfasdf', 'dsafasdf', -1);
INSERT INTO CIR_PIB_ALCANCES_PETICIONES ( X_PIB_ALCANCES_PETICION, T_PIB_ALCANCES_PETICION_ALT,
T_PIB_ALCANCES_PETICION, NCIP_X_NCIP_VALUE_OET ) VALUES (
-2, 'asdfasdf', 'asdfasd', -2);
INSERT INTO CIR_PIB_ALCANCES_PETICIONES ( X_PIB_ALCANCES_PETICION, T_PIB_ALCANCES_PETICION_ALT,
T_PIB_ALCANCES_PETICION, NCIP_X_NCIP_VALUE_OET ) VALUES (
-3, 'asdfasdf', 'asdfasdf', -3);
commit;

INSERT INTO CIR_PIB_BIBLIOTECAS_EXTERNAS ( X_PIB_BIBLIOTECA_EXTERNA, C_PIB_BIBLIOTECA_EXTERNA,
T_PIB_BIBLIOTECA_EXTERNA_ALT, T_PIB_BIBLIOTECA_EXTERNA,
DIR_X_DIRECCION ) VALUES (
-1, 'asdfad', 'asvasdv', 'asdvasdv', -1);
INSERT INTO CIR_PIB_BIBLIOTECAS_EXTERNAS ( X_PIB_BIBLIOTECA_EXTERNA, C_PIB_BIBLIOTECA_EXTERNA,
T_PIB_BIBLIOTECA_EXTERNA_ALT, T_PIB_BIBLIOTECA_EXTERNA,
DIR_X_DIRECCION ) VALUES (
-2, 'asdvasdv', 'asdvasdv', 'asdvasdv', -2);
INSERT INTO CIR_PIB_BIBLIOTECAS_EXTERNAS ( X_PIB_BIBLIOTECA_EXTERNA, C_PIB_BIBLIOTECA_EXTERNA,
T_PIB_BIBLIOTECA_EXTERNA_ALT, T_PIB_BIBLIOTECA_EXTERNA,
DIR_X_DIRECCION ) VALUES (
-3, 'asvasdv', 'asdvasdv', 'asvasdv', -3);
commit;

INSERT INTO CIR_PIB_CONCEPTOS_TRANSACC ( X_PIB_CONCEPTO_TRANSACCION, T_PIB_CONCEPTO_TRANSACCION_ALT,
T_PIB_CONCEPTO_TRANSACCION, NCIP_X_NCIP_VALUE_OET ) VALUES (
-1, 'asdvasdv', 'aasdvasdv', -1);
INSERT INTO CIR_PIB_CONCEPTOS_TRANSACC ( X_PIB_CONCEPTO_TRANSACCION, T_PIB_CONCEPTO_TRANSACCION_ALT,
T_PIB_CONCEPTO_TRANSACCION, NCIP_X_NCIP_VALUE_OET ) VALUES (
-2, 'asdvaasdvasdv', 'asdvasdv', -2);
INSERT INTO CIR_PIB_CONCEPTOS_TRANSACC ( X_PIB_CONCEPTO_TRANSACCION, T_PIB_CONCEPTO_TRANSACCION_ALT,
T_PIB_CONCEPTO_TRANSACCION, NCIP_X_NCIP_VALUE_OET ) VALUES (
-3, 'asdfasdfasdvasdv', 'asdvasdv', -3);
commit;

INSERT INTO CIR_PIB_CONTACTOS ( X_PIB_CONTACTO, T_IM_AIM, T_CORREO, T_IM_GT, T_IM_ICQ, T_IM_JABBER,
T_IM_MSN, T_IM_SKYPE, T_IM_YAHOO, T_FAX, T_NOMBRE, T_NOTAS, T_SEGUNDO_APELLIDO, T_PRIMER_APELLIDO,
T_TELEFONO_FIJO1, T_TELEFONO_FIJO2, T_TELEFONO_FIJO3, T_TELEFONO_MOVIL, BIB_EXT_X_PIB_BBLTCA_EXT,
CON_X_CONTACTOS_PIB ) VALUES (
-1, 'contacto1@aim.com', 'contacto1@bibcatalunha.com', 'contacto1@gmail.com', 'contacto1@icq.com'
, 'contacto1@jabberserver.com', 'contacto1@hotmail.com', 'contacto1@skype.com', 'contacto1@yahoo.es'
, '100100104', 'Luis', 'Ha pedido que se le envie un libro nuevo', 'Lopez', 'Diaz'
, '100100100', '100100101', '100100102', '600100100', -1, NULL);
INSERT INTO CIR_PIB_CONTACTOS ( X_PIB_CONTACTO, T_IM_AIM, T_CORREO, T_IM_GT, T_IM_ICQ, T_IM_JABBER,
T_IM_MSN, T_IM_SKYPE, T_IM_YAHOO, T_FAX, T_NOMBRE, T_NOTAS, T_SEGUNDO_APELLIDO, T_PRIMER_APELLIDO,
T_TELEFONO_FIJO1, T_TELEFONO_FIJO2, T_TELEFONO_FIJO3, T_TELEFONO_MOVIL, BIB_EXT_X_PIB_BBLTCA_EXT,
CON_X_CONTACTOS_PIB ) VALUES (
-2, 'contacto2@aim.com', 'contacto2@bibcatalunha.com', 'contacto2@gmail.com', 'contacto1@icq.com'
, 'contacto2@jabberserver.com', 'contacto2@hotmail.com', 'contacto2@skype.com', 'contacto2@yahoo.es'
, '200200204', 'Luis', 'Ha pedido que se le envie un libro nuevo', 'Berrocal', 'Martin'
, '200200200', '200200201', '200200202', '600200200', -1, NULL);
INSERT INTO CIR_PIB_CONTACTOS ( X_PIB_CONTACTO, T_IM_AIM, T_CORREO, T_IM_GT, T_IM_ICQ, T_IM_JABBER,
T_IM_MSN, T_IM_SKYPE, T_IM_YAHOO, T_FAX, T_NOMBRE, T_NOTAS, T_SEGUNDO_APELLIDO, T_PRIMER_APELLIDO,
T_TELEFONO_FIJO1, T_TELEFONO_FIJO2, T_TELEFONO_FIJO3, T_TELEFONO_MOVIL, BIB_EXT_X_PIB_BBLTCA_EXT,
CON_X_CONTACTOS_PIB ) VALUES (
-3, 'contacto3@aim.com', 'contacto3@bibcatalunha.com', 'contacto3@gmail.com', 'contacto3@icq.com'
, 'contacto3@jabberserver.com', 'contacto3@hotmail.com', 'contacto3@skype.com', 'contacto3@yahoo.es'
, '300300304', 'Luis', 'Ha pedido que se le envie un libro nuevo', 'Belmonte', 'Buenafuente'
, '300300300', '300300301', '300300302', '600300300', -2, NULL);
commit;

INSERT INTO CIR_PIB_ESTADOS_PETICIONES ( X_PIB_ESTADO_PETICION, T_PIB_ESTADO_PETICION_ALT,
T_PIB_ESTADO_PETICION, NCIP_X_NCIP_VALUE_OET ) VALUES (
-1, 'Evaluacion', '#estadoPeticionPIB.evaluacion', -1);
INSERT INTO CIR_PIB_ESTADOS_PETICIONES ( X_PIB_ESTADO_PETICION, T_PIB_ESTADO_PETICION_ALT,
T_PIB_ESTADO_PETICION, NCIP_X_NCIP_VALUE_OET ) VALUES (
-2, 'Peticion generada', '#estadoPeticionPIB.peticionGenerada', -2);
INSERT INTO CIR_PIB_ESTADOS_PETICIONES ( X_PIB_ESTADO_PETICION, T_PIB_ESTADO_PETICION_ALT,
T_PIB_ESTADO_PETICION, NCIP_X_NCIP_VALUE_OET ) VALUES (
-3, 'Prestamo pedido', '#estadoPeticionPIB.prestamoPedido', -3);
INSERT INTO CIR_PIB_ESTADOS_PETICIONES ( X_PIB_ESTADO_PETICION, T_PIB_ESTADO_PETICION_ALT,
T_PIB_ESTADO_PETICION, NCIP_X_NCIP_VALUE_OET ) VALUES (
-4, 'Prestamo registrado', '#estadoPeticionPIB.prestamoRegistrado', -1);
INSERT INTO CIR_PIB_ESTADOS_PETICIONES ( X_PIB_ESTADO_PETICION, T_PIB_ESTADO_PETICION_ALT,
T_PIB_ESTADO_PETICION, NCIP_X_NCIP_VALUE_OET ) VALUES (
-5, 'Envio registrado', '#estadoPeticionPIB.envioRegistrado', -2);
INSERT INTO CIR_PIB_ESTADOS_PETICIONES ( X_PIB_ESTADO_PETICION, T_PIB_ESTADO_PETICION_ALT,
T_PIB_ESTADO_PETICION, NCIP_X_NCIP_VALUE_OET ) VALUES (
-6, 'Material recibido de la bib. prestamista', '#estadoPeticionPIB.materialRecibidoPrestamista'
, -3);
INSERT INTO CIR_PIB_ESTADOS_PETICIONES ( X_PIB_ESTADO_PETICION, T_PIB_ESTADO_PETICION_ALT,
T_PIB_ESTADO_PETICION, NCIP_X_NCIP_VALUE_OET ) VALUES (
-7, 'Material recibido', '#estadoPeticionPIB.materialRecibido', -1);
INSERT INTO CIR_PIB_ESTADOS_PETICIONES ( X_PIB_ESTADO_PETICION, T_PIB_ESTADO_PETICION_ALT,
T_PIB_ESTADO_PETICION, NCIP_X_NCIP_VALUE_OET ) VALUES (
-8, 'Prestamo en curso', '#estadoPeticionPIB.gestionPrestamo', -2);
INSERT INTO CIR_PIB_ESTADOS_PETICIONES ( X_PIB_ESTADO_PETICION, T_PIB_ESTADO_PETICION_ALT,
T_PIB_ESTADO_PETICION, NCIP_X_NCIP_VALUE_OET ) VALUES (
-9, 'Prestamo renovado', '#estadoPeticionPIB.prestamoRenovado', -3);
INSERT INTO CIR_PIB_ESTADOS_PETICIONES ( X_PIB_ESTADO_PETICION, T_PIB_ESTADO_PETICION_ALT,
T_PIB_ESTADO_PETICION, NCIP_X_NCIP_VALUE_OET ) VALUES (
-10, 'Prestamo devuelto', '#estadoPeticionPIB.prestamoDevuelto', -1);
INSERT INTO CIR_PIB_ESTADOS_PETICIONES ( X_PIB_ESTADO_PETICION, T_PIB_ESTADO_PETICION_ALT,
T_PIB_ESTADO_PETICION, NCIP_X_NCIP_VALUE_OET ) VALUES (
-11, 'Material enviado a la bib. prestamista', '#estadoPeticionPIB.materialEnviadoPrestamista'
, -2);
INSERT INTO CIR_PIB_ESTADOS_PETICIONES ( X_PIB_ESTADO_PETICION, T_PIB_ESTADO_PETICION_ALT,
T_PIB_ESTADO_PETICION, NCIP_X_NCIP_VALUE_OET ) VALUES (
-12, 'Entrega realizada en la bib. prestamista', '#estadoPeticionPIB.entregaRealizadaPrestamista'
, -3);
INSERT INTO CIR_PIB_ESTADOS_PETICIONES ( X_PIB_ESTADO_PETICION, T_PIB_ESTADO_PETICION_ALT,
T_PIB_ESTADO_PETICION, NCIP_X_NCIP_VALUE_OET ) VALUES (
-13, 'Prestamo devuelto en la bib. prestataria', '#estadoPeticionPIB.prestamoDevueltoPrestataria'
, -1);
INSERT INTO CIR_PIB_ESTADOS_PETICIONES ( X_PIB_ESTADO_PETICION, T_PIB_ESTADO_PETICION_ALT,
T_PIB_ESTADO_PETICION, NCIP_X_NCIP_VALUE_OET ) VALUES (
-14, 'Peticion de prestamo recibida', '#estadoPeticionPIB.peticionPrestamoRecibida'
, -2);
INSERT INTO CIR_PIB_ESTADOS_PETICIONES ( X_PIB_ESTADO_PETICION, T_PIB_ESTADO_PETICION_ALT,
T_PIB_ESTADO_PETICION, NCIP_X_NCIP_VALUE_OET ) VALUES (
-15, 'Prestamo realizado en la bib. prestamista', '#estadoPeticionPIB.enviarMaterialPrestamista'
, -3);
INSERT INTO CIR_PIB_ESTADOS_PETICIONES ( X_PIB_ESTADO_PETICION, T_PIB_ESTADO_PETICION_ALT,
T_PIB_ESTADO_PETICION, NCIP_X_NCIP_VALUE_OET ) VALUES (
-16, 'Material enviado a la bib. prestataria', '#estadoPeticionPIB.materialEnviadoPrestataria'
, -1);
INSERT INTO CIR_PIB_ESTADOS_PETICIONES ( X_PIB_ESTADO_PETICION, T_PIB_ESTADO_PETICION_ALT,
T_PIB_ESTADO_PETICION, NCIP_X_NCIP_VALUE_OET ) VALUES (
-17, 'Entrega realizada en la bib. prestataria', '#estadoPeticionPIB.entregaRealizadaPrestataria'
, -2);
INSERT INTO CIR_PIB_ESTADOS_PETICIONES ( X_PIB_ESTADO_PETICION, T_PIB_ESTADO_PETICION_ALT,
T_PIB_ESTADO_PETICION, NCIP_X_NCIP_VALUE_OET ) VALUES (
-18, 'Entrega realizada en la bib. prestataria', '#estadoPeticionPIB.entregaRealizadaPrestataria'
, -3);
INSERT INTO CIR_PIB_ESTADOS_PETICIONES ( X_PIB_ESTADO_PETICION, T_PIB_ESTADO_PETICION_ALT,
T_PIB_ESTADO_PETICION, NCIP_X_NCIP_VALUE_OET ) VALUES (
-19, 'Registrado envio de devolucion', '#estadoPeticionPIB.registradoEnvioDevolucion'
, -1);
INSERT INTO CIR_PIB_ESTADOS_PETICIONES ( X_PIB_ESTADO_PETICION, T_PIB_ESTADO_PETICION_ALT,
T_PIB_ESTADO_PETICION, NCIP_X_NCIP_VALUE_OET ) VALUES (
-20, 'Material devuelto recepcionado', '#estadoPeticionPIB.materialDevueltoRecepcionado'
, -2);
INSERT INTO CIR_PIB_ESTADOS_PETICIONES ( X_PIB_ESTADO_PETICION, T_PIB_ESTADO_PETICION_ALT,
T_PIB_ESTADO_PETICION, NCIP_X_NCIP_VALUE_OET ) VALUES (
-21, 'Material restituido', '#estadoPeticionPIB.materialRestituido', -3);
INSERT INTO CIR_PIB_ESTADOS_PETICIONES ( X_PIB_ESTADO_PETICION, T_PIB_ESTADO_PETICION_ALT,
T_PIB_ESTADO_PETICION, NCIP_X_NCIP_VALUE_OET ) VALUES (
-22, 'Cerrada', '#estadoPeticionPIB.cerrada', -1);
commit;

INSERT INTO CIR_PIB_EVENTOS ( X_PIB_EVENTO, F_EVENTO, T_NOTAS, PET_X_PIB_PETICION,
TIPO_EV_X_PIB_TIPO_EVENTO ) VALUES (
-1, TO_TIMESTAMP('10/06/2009 0:00:00.000000','DD/MM/YYYY fmHH24fm:MI:SS.FF'), '1TzAbEtAtOzYdTrBqKiMtZ'
, -1, -1);
INSERT INTO CIR_PIB_EVENTOS ( X_PIB_EVENTO, F_EVENTO, T_NOTAS, PET_X_PIB_PETICION,
TIPO_EV_X_PIB_TIPO_EVENTO ) VALUES (
-2, TO_TIMESTAMP('10/06/2009 0:00:00.000000','DD/MM/YYYY fmHH24fm:MI:SS.FF'), '2TzAbEtAtOzYdTrBqKiMtZ'
, -2, -2);
INSERT INTO CIR_PIB_EVENTOS ( X_PIB_EVENTO, F_EVENTO, T_NOTAS, PET_X_PIB_PETICION,
TIPO_EV_X_PIB_TIPO_EVENTO ) VALUES (
-3, TO_TIMESTAMP('10/06/2009 0:00:00.000000','DD/MM/YYYY fmHH24fm:MI:SS.FF'), '3TzAbEtAtOzYdTrBqKiMtZ'
, -3, -3);
commit;

INSERT INTO CIR_PIB_METODOS_PAGOS_TRANSAC ( X_PIB_METODO_PAGO_TRANSACCION,
T_PIB_METODO_PAGO_TRANSAC_ALT, T_PIB_METODO_PAGO_TRANSACCION,
NCIP_X_NCIP_VALUE_OET ) VALUES (
-1, 'asdfasdf', 'asdfasdf', -1);
INSERT INTO CIR_PIB_METODOS_PAGOS_TRANSAC ( X_PIB_METODO_PAGO_TRANSACCION,
T_PIB_METODO_PAGO_TRANSAC_ALT, T_PIB_METODO_PAGO_TRANSACCION,
NCIP_X_NCIP_VALUE_OET ) VALUES (
-2, 'asdfasdf', 'asvdasdv', -2);
INSERT INTO CIR_PIB_METODOS_PAGOS_TRANSAC ( X_PIB_METODO_PAGO_TRANSACCION,
T_PIB_METODO_PAGO_TRANSAC_ALT, T_PIB_METODO_PAGO_TRANSACCION,
NCIP_X_NCIP_VALUE_OET ) VALUES (
-3, 'asdvasdv', 'asdvasdv', -3);
commit;

INSERT INTO CIR_PIB_PETICIONES ( X_PIB_PETICION, T_ACEPTA_DESISTE, T_AUTOR,
L_DATOS_TRANSACC_ECON_VIA_NCIP, L_DIR_FISICA_REQ_CAMBIADA, T_DIRECCION_RESP, B_DOCUMENTO_ANULACION,
T_FICHERO_CONTENT_TYPE, T_FICHERO_NOMBRE, T_EJEMPLAR_ID, T_EMAIL_REQ, T_EMAIL_RESP,
F_ACEPTA_DESISTE, F_ANTES_NECESITA, F_ANULACION, F_CREACION, F_DISPONIBILIDAD, F_FIN_RETIRADA,
F_HASTA_NO_NECESITA, T_ID_TRANSACCION, N_IMPORTE, T_INFO_ADICIONAL_TRANSACCION,
L_INSTR_ENVIO_RECIB_VIA_NCIP, T_INSTRUCCIONES_REQ, T_INSTRUCCIONES_RESP, T_ISBN, L_LECTOR_ACEPTA,
L_LECTOR_BLOQUEADAS_PETICIONES, T_MATERIA, T_MOTIVACION_RESOLUCION, T_NOTAS_ANULACION, T_NOTAS_REQ,
T_NOTAS_RESP, L_PRESTAMO_DEVUELTO, T_PUBLICACION, L_RECIBIDA_VIA_WS, L_REQUIERE_ACEPTACION_LECTOR,
T_TEXTO_LECTOR, C_TIPO_DIR_POR_DEFECTO_REQ, C_TIPO_PRESTAMO_PIB, T_TITULO,
T_URL_DOCUMENTO_ACEPTA_DESISTE, ACCION_X_WORKFLOW_BORROWER, ACCION_X_WORKFLOW_LENDER,
ACTIVIDAD_X_WORKFLOW_BORROWER, ACTIVIDAD_X_WORKFLOW_LENDER, TIPO_PETICION_WORKFLOW,
ID_X_WORKFLOW_BORROWER, ID_X_WORKFLOW_LENDER, ALC_PET_X_PIB_ALCANCE_PETICION, BIB_X_BIB_BORROWER,
BIB_EXT_X_BIB_EXT_BORROWER, BIB_EXT_X_BIB_EXT_LENDER, BIB_X_BIB_LENDER, CON_X_CONCEPTO_TRANSACCION,
DIR_X_DIRECCION_REQ, EJE_X_EJEMPLAR, EST_PET_X_PIB_ESTADO_PETICION, LEC_X_LECTOR,
MET_PAGO_X_METODO_PAGO_TRANSAC, MON_X_MONEDA, PET_X_PIB_PETICION_VINCULADA_A, PRE_X_PRESTAMO,
PRE_HIST_X_PRESTAMO_HISTORICO, REG_X_REGISTRO, TIPO_ACC_X_TIPO_ACCION_TRANSAC,
TIPO_PET_X_PIB_TIPO_PETICION, RES_X_PIB_TIPO_RESOLUCION ) VALUES (
-1, 'asvasdv', 'asdvasvd', 0, 0, 'asdvasdv', NULL, NULL, NULL, 'asdvasdv', 'asdvasdv'
, 'asdvasdv', TO_TIMESTAMP('24/02/2009 0:00:00.000000','DD/MM/YYYY fmHH24fm:MI:SS.FF')
, TO_TIMESTAMP('24/02/2009 0:00:00.000000','DD/MM/YYYY fmHH24fm:MI:SS.FF'), TO_TIMESTAMP('24/02/2009 0:00:00.000000','DD/MM/YYYY fmHH24fm:MI:SS.FF')
, TO_TIMESTAMP('24/02/2009 0:00:00.000000','DD/MM/YYYY fmHH24fm:MI:SS.FF'), TO_TIMESTAMP('24/02/2009 0:00:00.000000','DD/MM/YYYY fmHH24fm:MI:SS.FF')
, TO_TIMESTAMP('24/02/2009 0:00:00.000000','DD/MM/YYYY fmHH24fm:MI:SS.FF'), TO_TIMESTAMP('24/02/2009 0:00:00.000000','DD/MM/YYYY fmHH24fm:MI:SS.FF')
, 'asdasdv', 8, 'asdvasd', 0, 'asdvasdv', 'asdvasdv', 'asdasdv', 4, 0, 'asdavs', 'asdvasdv'
, 'asdasdv', 'asdvasdva', 'asdvasdv', 0, NULL, 0, 2, 'asdfasdf', 'asdfasdf', NULL
, 'asdfasdf', 'asdfasdf', NULL, NULL, NULL, NULL, NULL, NULL, NULL, NULL, NULL, NULL
, NULL, NULL, NULL, NULL, NULL, NULL, NULL, NULL, NULL, NULL, NULL, NULL, NULL, NULL
, NULL, NULL);
INSERT INTO CIR_PIB_PETICIONES ( X_PIB_PETICION, T_ACEPTA_DESISTE, T_AUTOR,
L_DATOS_TRANSACC_ECON_VIA_NCIP, L_DIR_FISICA_REQ_CAMBIADA, T_DIRECCION_RESP, B_DOCUMENTO_ANULACION,
T_FICHERO_CONTENT_TYPE, T_FICHERO_NOMBRE, T_EJEMPLAR_ID, T_EMAIL_REQ, T_EMAIL_RESP,
F_ACEPTA_DESISTE, F_ANTES_NECESITA, F_ANULACION, F_CREACION, F_DISPONIBILIDAD, F_FIN_RETIRADA,
F_HASTA_NO_NECESITA, T_ID_TRANSACCION, N_IMPORTE, T_INFO_ADICIONAL_TRANSACCION,
L_INSTR_ENVIO_RECIB_VIA_NCIP, T_INSTRUCCIONES_REQ, T_INSTRUCCIONES_RESP, T_ISBN, L_LECTOR_ACEPTA,
L_LECTOR_BLOQUEADAS_PETICIONES, T_MATERIA, T_MOTIVACION_RESOLUCION, T_NOTAS_ANULACION, T_NOTAS_REQ,
T_NOTAS_RESP, L_PRESTAMO_DEVUELTO, T_PUBLICACION, L_RECIBIDA_VIA_WS, L_REQUIERE_ACEPTACION_LECTOR,
T_TEXTO_LECTOR, C_TIPO_DIR_POR_DEFECTO_REQ, C_TIPO_PRESTAMO_PIB, T_TITULO,
T_URL_DOCUMENTO_ACEPTA_DESISTE, ACCION_X_WORKFLOW_BORROWER, ACCION_X_WORKFLOW_LENDER,
ACTIVIDAD_X_WORKFLOW_BORROWER, ACTIVIDAD_X_WORKFLOW_LENDER, TIPO_PETICION_WORKFLOW,
ID_X_WORKFLOW_BORROWER, ID_X_WORKFLOW_LENDER, ALC_PET_X_PIB_ALCANCE_PETICION, BIB_X_BIB_BORROWER,
BIB_EXT_X_BIB_EXT_BORROWER, BIB_EXT_X_BIB_EXT_LENDER, BIB_X_BIB_LENDER, CON_X_CONCEPTO_TRANSACCION,
DIR_X_DIRECCION_REQ, EJE_X_EJEMPLAR, EST_PET_X_PIB_ESTADO_PETICION, LEC_X_LECTOR,
MET_PAGO_X_METODO_PAGO_TRANSAC, MON_X_MONEDA, PET_X_PIB_PETICION_VINCULADA_A, PRE_X_PRESTAMO,
PRE_HIST_X_PRESTAMO_HISTORICO, REG_X_REGISTRO, TIPO_ACC_X_TIPO_ACCION_TRANSAC,
TIPO_PET_X_PIB_TIPO_PETICION, RES_X_PIB_TIPO_RESOLUCION ) VALUES (
-2, 'asdfasdf', 'asdfadsf', 0, 0, 'adfasdf', NULL, NULL, NULL, 'asdfasdf', 'asdvasdv'
, 'asvasdv', TO_TIMESTAMP('24/02/2009 0:00:00.000000','DD/MM/YYYY fmHH24fm:MI:SS.FF')
, TO_TIMESTAMP('24/02/2009 0:00:00.000000','DD/MM/YYYY fmHH24fm:MI:SS.FF'), TO_TIMESTAMP('24/02/2009 0:00:00.000000','DD/MM/YYYY fmHH24fm:MI:SS.FF')
, TO_TIMESTAMP('24/02/2009 0:00:00.000000','DD/MM/YYYY fmHH24fm:MI:SS.FF'), TO_TIMESTAMP('24/02/2009 0:00:00.000000','DD/MM/YYYY fmHH24fm:MI:SS.FF')
, TO_TIMESTAMP('24/02/2009 0:00:00.000000','DD/MM/YYYY fmHH24fm:MI:SS.FF'), TO_TIMESTAMP('24/02/2009 0:00:00.000000','DD/MM/YYYY fmHH24fm:MI:SS.FF')
, 'adfasdf', 3, 'adsfasdf', 0, 'adsfadsf', 'asdfasdf', 'asdfasdf', 3, 0, 'asdfasdf'
, 'asdfasdf', 'asdvasdv', 'asdvasdv', 'asdvasdv', 0, NULL, 0, 5, 'asdvasdv', 'asdvasdv'
, NULL, 'asdvasdv', 'asdvasdv', NULL, NULL, NULL, NULL, NULL, NULL, NULL, NULL, NULL
, NULL, NULL, NULL, NULL, NULL, NULL, NULL, NULL, NULL, NULL, NULL, NULL, NULL, NULL
, NULL, NULL, NULL);
INSERT INTO CIR_PIB_PETICIONES ( X_PIB_PETICION, T_ACEPTA_DESISTE, T_AUTOR,
L_DATOS_TRANSACC_ECON_VIA_NCIP, L_DIR_FISICA_REQ_CAMBIADA, T_DIRECCION_RESP, B_DOCUMENTO_ANULACION,
T_FICHERO_CONTENT_TYPE, T_FICHERO_NOMBRE, T_EJEMPLAR_ID, T_EMAIL_REQ, T_EMAIL_RESP,
F_ACEPTA_DESISTE, F_ANTES_NECESITA, F_ANULACION, F_CREACION, F_DISPONIBILIDAD, F_FIN_RETIRADA,
F_HASTA_NO_NECESITA, T_ID_TRANSACCION, N_IMPORTE, T_INFO_ADICIONAL_TRANSACCION,
L_INSTR_ENVIO_RECIB_VIA_NCIP, T_INSTRUCCIONES_REQ, T_INSTRUCCIONES_RESP, T_ISBN, L_LECTOR_ACEPTA,
L_LECTOR_BLOQUEADAS_PETICIONES, T_MATERIA, T_MOTIVACION_RESOLUCION, T_NOTAS_ANULACION, T_NOTAS_REQ,
T_NOTAS_RESP, L_PRESTAMO_DEVUELTO, T_PUBLICACION, L_RECIBIDA_VIA_WS, L_REQUIERE_ACEPTACION_LECTOR,
T_TEXTO_LECTOR, C_TIPO_DIR_POR_DEFECTO_REQ, C_TIPO_PRESTAMO_PIB, T_TITULO,
T_URL_DOCUMENTO_ACEPTA_DESISTE, ACCION_X_WORKFLOW_BORROWER, ACCION_X_WORKFLOW_LENDER,
ACTIVIDAD_X_WORKFLOW_BORROWER, ACTIVIDAD_X_WORKFLOW_LENDER, TIPO_PETICION_WORKFLOW,
ID_X_WORKFLOW_BORROWER, ID_X_WORKFLOW_LENDER, ALC_PET_X_PIB_ALCANCE_PETICION, BIB_X_BIB_BORROWER,
BIB_EXT_X_BIB_EXT_BORROWER, BIB_EXT_X_BIB_EXT_LENDER, BIB_X_BIB_LENDER, CON_X_CONCEPTO_TRANSACCION,
DIR_X_DIRECCION_REQ, EJE_X_EJEMPLAR, EST_PET_X_PIB_ESTADO_PETICION, LEC_X_LECTOR,
MET_PAGO_X_METODO_PAGO_TRANSAC, MON_X_MONEDA, PET_X_PIB_PETICION_VINCULADA_A, PRE_X_PRESTAMO,
PRE_HIST_X_PRESTAMO_HISTORICO, REG_X_REGISTRO, TIPO_ACC_X_TIPO_ACCION_TRANSAC,
TIPO_PET_X_PIB_TIPO_PETICION, RES_X_PIB_TIPO_RESOLUCION ) VALUES (
-3, 'asdvasdv', 'asdvasdv', 0, 0, 'asdvasdasdvasdv', NULL, NULL, NULL, 'asdvasdv'
, 'asdvasdv', 'asdvasdv', TO_TIMESTAMP('24/02/2009 0:00:00.000000','DD/MM/YYYY fmHH24fm:MI:SS.FF')
, TO_TIMESTAMP('24/02/2009 0:00:00.000000','DD/MM/YYYY fmHH24fm:MI:SS.FF'), TO_TIMESTAMP('24/02/2009 0:00:00.000000','DD/MM/YYYY fmHH24fm:MI:SS.FF')
, TO_TIMESTAMP('24/02/2009 0:00:00.000000','DD/MM/YYYY fmHH24fm:MI:SS.FF'), TO_TIMESTAMP('24/02/2009 0:00:00.000000','DD/MM/YYYY fmHH24fm:MI:SS.FF')
, TO_TIMESTAMP('24/02/2009 0:00:00.000000','DD/MM/YYYY fmHH24fm:MI:SS.FF'), TO_TIMESTAMP('24/02/2009 0:00:00.000000','DD/MM/YYYY fmHH24fm:MI:SS.FF')
, 'asdvasdv', 8, 'asdvasdv', 0, 'asdvasdv', 'asdvasdv', 'asdvasdv', 3, 0, 'asdvasdv'
, 'asdvasdv', 'asdvasdv', 'asdvasdv', 'asdvasdv', 0, NULL, 0, 4, 'asdvasdvasdvasdv'
, 'asdvasdv', NULL, 'asdvasdv', 'asdvasdv', NULL, NULL, NULL, NULL, NULL, NULL, NULL
, NULL, NULL, NULL, NULL, NULL, NULL, NULL, NULL, NULL, NULL, NULL, NULL, NULL, NULL
, NULL, NULL, NULL, NULL, NULL);
commit;

INSERT INTO CIR_PIB_RESTRICCIONES_USO ( X_PIB_RESTRICCION_USO, PET_X_PIB_PETICION,
RES_USO_X_RESTRICCION_USO ) VALUES (
-1, -1, -1);
INSERT INTO CIR_PIB_RESTRICCIONES_USO ( X_PIB_RESTRICCION_USO, PET_X_PIB_PETICION,
RES_USO_X_RESTRICCION_USO ) VALUES (
-2, -2, -2);
INSERT INTO CIR_PIB_RESTRICCIONES_USO ( X_PIB_RESTRICCION_USO, PET_X_PIB_PETICION,
RES_USO_X_RESTRICCION_USO ) VALUES (
-3, -3, -3);
commit;

INSERT INTO CIR_PIB_TIPOS_ACCIONES_TRANSAC ( X_PIB_TIPO_ACCION_TRANSACCION,
T_PIB_TIPO_ACCION_TRANSAC_ALT, T_PIB_TIPO_ACCION_TRANSACCION,
NCIP_X_NCIP_VALUE_OET ) VALUES (
-1, 'asdvasdvasdvasdv', 'asdvasdv', -1);
INSERT INTO CIR_PIB_TIPOS_ACCIONES_TRANSAC ( X_PIB_TIPO_ACCION_TRANSACCION,
T_PIB_TIPO_ACCION_TRANSAC_ALT, T_PIB_TIPO_ACCION_TRANSACCION,
NCIP_X_NCIP_VALUE_OET ) VALUES (
-2, 'asdvasdv', 'asdvasdv', -2);
INSERT INTO CIR_PIB_TIPOS_ACCIONES_TRANSAC ( X_PIB_TIPO_ACCION_TRANSACCION,
T_PIB_TIPO_ACCION_TRANSAC_ALT, T_PIB_TIPO_ACCION_TRANSACCION,
NCIP_X_NCIP_VALUE_OET ) VALUES (
-3, 'asdvasdv', 'asdvasdv', -3);
commit;

INSERT INTO CIR_PIB_TIPOS_EVENTOS ( X_PIB_TIPO_EVENTO, T_PIB_TIPO_EVENTO_ALT,
T_PIB_TIPO_EVENTO ) VALUES (
-1, '0TzAbEtAtOzYdTrBqKiMtZ', '#tipoEventoPIB.enviarMail');
INSERT INTO CIR_PIB_TIPOS_EVENTOS ( X_PIB_TIPO_EVENTO, T_PIB_TIPO_EVENTO_ALT,
T_PIB_TIPO_EVENTO ) VALUES (
-2, 'Llamada telefonica', '#tipoEventoPIB.registrarConversacion');
INSERT INTO CIR_PIB_TIPOS_EVENTOS ( X_PIB_TIPO_EVENTO, T_PIB_TIPO_EVENTO_ALT,
T_PIB_TIPO_EVENTO ) VALUES (
-3, 'Desestimacion Lector', '#tipoEventoPIB.desestimacionLector');
commit;

INSERT INTO CIR_PIB_TIPOS_PETICIONES ( X_PIB_TIPO_PETICION, T_PIB_TIPO_PETICION_ALT,
T_PIB_TIPO_PETICION, NCIP_X_NCIP_VALUE_OET ) VALUES (
-1, 'Materiales no retornables', '#tipoPeticion.pib.materialesNoRetornables', NULL);
INSERT INTO CIR_PIB_TIPOS_PETICIONES ( X_PIB_TIPO_PETICION, T_PIB_TIPO_PETICION_ALT,
T_PIB_TIPO_PETICION, NCIP_X_NCIP_VALUE_OET ) VALUES (
-2, 'Estimacion de coste', '#tipoPeticion.pib.estimacionCoste', NULL);
INSERT INTO CIR_PIB_TIPOS_PETICIONES ( X_PIB_TIPO_PETICION, T_PIB_TIPO_PETICION_ALT,
T_PIB_TIPO_PETICION, NCIP_X_NCIP_VALUE_OET ) VALUES (
-3, 'Reserva', '#tipoPeticion.pib.reserva', NULL);
INSERT INTO CIR_PIB_TIPOS_PETICIONES ( X_PIB_TIPO_PETICION, T_PIB_TIPO_PETICION_ALT,
T_PIB_TIPO_PETICION, NCIP_X_NCIP_VALUE_OET ) VALUES (
-4, 'Prestamo', '#tipoPeticion.pib.prestamo', NULL);
INSERT INTO CIR_PIB_TIPOS_PETICIONES ( X_PIB_TIPO_PETICION, T_PIB_TIPO_PETICION_ALT,
T_PIB_TIPO_PETICION, NCIP_X_NCIP_VALUE_OET ) VALUES (
-5, 'Peticion a Deposito', '#tipoPeticion.pib.peticionDeposito', NULL);
commit;

INSERT INTO CIR_PIB_TIPOS_RESOLUCIONES ( X_PIB_RESOLUCION, C_PIB_RESOLUCION, T_PIB_RESOLUCION_ALT,
T_PIB_RESOLUCION ) VALUES (
-1, 'aceptada', 'Resolucion Aceptada', '#tipoResolucionPIB.aceptada');
INSERT INTO CIR_PIB_TIPOS_RESOLUCIONES ( X_PIB_RESOLUCION, C_PIB_RESOLUCION, T_PIB_RESOLUCION_ALT,
T_PIB_RESOLUCION ) VALUES (
-2, 'denegada', 'Resolucion Denegada', '#tipoResolucionPIB.denegada');
INSERT INTO CIR_PIB_TIPOS_RESOLUCIONES ( X_PIB_RESOLUCION, C_PIB_RESOLUCION, T_PIB_RESOLUCION_ALT,
T_PIB_RESOLUCION ) VALUES (
-3, 'necesitaAclaracionAdicional', 'Necesita aclaracion adicional', '#tipoResolucionPIB.necesitaAclaracionAdicional');
commit;

INSERT INTO CIR_PRESTAMOS ( X_PRESTAMO, C_POLITICA_DOM, T_POLITICA_DOM_ALT, N_DIAS_ANTES_FINAL,
N_DIAS_ANTES_SUSPENSION, N_DIAS_PRESTAMO, N_DIAS_RECLAMACION_1A, N_DIAS_RECLAMACION_2A,
N_DIAS_RECLAMACION_3A, N_DIAS_RENOVACION, N_DIAS_SUSPENSION, N_MAX_DIAS_SUSPENSION_EJE,
N_MAX_RENOVACIONES, T_POLITICA_DOM, L_PERMITIR_AUNQUE_RESERVADO, L_PRESTAMO_SI_DEV_MISMO_DIA,
T_EJEM_BIBLIOGRAPHIC_DESC, T_EJEMPLAR_ESTADO_DETALLE, T_EJEMPLAR_LOC_DESDE, T_EJEMPLAR_LOC_HASTA,
T_EJEMPLAR_LOC_NOMBRE, T_EJEM_SCHEME_CIR_STATUS, T_EJEMPLAR_SCHEME_LOC_TIPO,
T_EJEM_SCHEME_MARCA_SEG, T_EJEM_SCHEME_REST_TYPE, T_EJEM_VALUE_CIR_STATUS, T_EJEM_VALUE_LOC_TIPO,
T_EJEM_VALUE_MARCA_SEG, T_EJEM_VALUE_RESTR_TYPE, T_EJE_AUTOR, T_EJE_AUTOR_DE_COMPONENTE,
T_EJE_BIBLIOGRAPHIC_LEVEL, T_EJE_COD_IDENT_REGISTRO, T_EJE_COMPONENTE_ID, T_EJE_COMPONENTE_ID_TIPO,
T_EJE_EDICION, T_EJE_EDITOR, T_EJE_FECHA_PUBLICACION, T_EJEMPLAR_ID, T_EJE_IDENTIFICADOR_REGISTRO,
T_EJE_IDIOMA, T_EJE_TITULO, T_EJE_TITULO_COMPONENTE, F_DEVOLUCION_POL, F_PRESTAMO, F_RECLAMACION_1A,
F_RECLAMACION_2A, F_RECLAMACION_3A, F_RENOVACION, NCIP_BIB_EJEMPLAR, NCIP_BIB_LECTOR,
NCIP_BIB_SOLICITANTE, NCIP_LECTOR, L_PERIODO_INDETERMINADO, N_RECLAMACION_NUM, N_RENOVACION_NUM,
L_EJEMPLAR_SENSITIZATION_FLAG, BIB_X_BIBLIOTECA_CONS_EJE, BIB_X_BIBLIOTECA_CONS_LEC,
BIB_X_BIBLIOTECA_CONS_REN, BIB_X_BIBLIOTECA_PRESTAMISTA, BIB_X_BIBLIOTECA_REN, CON_X_CONSORCIO,
EJEMPLAR, LEC_X_LECTOR, LEC_TIPO_X_LECTOR_TIPO, T_PRESTAMO_X_T_PRESTAMO,
USU_X_BIBLIOTECARIO ) VALUES (
-1, 'POL-006', 'asdfasdf', 12341234, 2, 20, 3, 2, 8, 6, 2, 1, 3, 'Prestamos a domicilio'
, 0, 1, NULL, NULL, NULL, NULL, NULL, NULL, NULL, NULL, NULL, NULL, NULL, NULL, NULL
, NULL, NULL, NULL, NULL, NULL, NULL, NULL, NULL, NULL, NULL, NULL, 'Subcampo', NULL
, NULL, TO_TIMESTAMP('10/01/2010 9:01:36.000000','DD/MM/YYYY fmHH24fm:MI:SS.FF'), TO_TIMESTAMP('21/12/2009 9:01:36.000000','DD/MM/YYYY fmHH24fm:MI:SS.FF')
, NULL, NULL, NULL, NULL, NULL, NULL, NULL, NULL, 0, 0, 0, NULL, NULL, NULL, NULL
, -7, NULL, NULL, -1, -2, -3, -1, NULL);
INSERT INTO CIR_PRESTAMOS ( X_PRESTAMO, C_POLITICA_DOM, T_POLITICA_DOM_ALT, N_DIAS_ANTES_FINAL,
N_DIAS_ANTES_SUSPENSION, N_DIAS_PRESTAMO, N_DIAS_RECLAMACION_1A, N_DIAS_RECLAMACION_2A,
N_DIAS_RECLAMACION_3A, N_DIAS_RENOVACION, N_DIAS_SUSPENSION, N_MAX_DIAS_SUSPENSION_EJE,
N_MAX_RENOVACIONES, T_POLITICA_DOM, L_PERMITIR_AUNQUE_RESERVADO, L_PRESTAMO_SI_DEV_MISMO_DIA,
T_EJEM_BIBLIOGRAPHIC_DESC, T_EJEMPLAR_ESTADO_DETALLE, T_EJEMPLAR_LOC_DESDE, T_EJEMPLAR_LOC_HASTA,
T_EJEMPLAR_LOC_NOMBRE, T_EJEM_SCHEME_CIR_STATUS, T_EJEMPLAR_SCHEME_LOC_TIPO,
T_EJEM_SCHEME_MARCA_SEG, T_EJEM_SCHEME_REST_TYPE, T_EJEM_VALUE_CIR_STATUS, T_EJEM_VALUE_LOC_TIPO,
T_EJEM_VALUE_MARCA_SEG, T_EJEM_VALUE_RESTR_TYPE, T_EJE_AUTOR, T_EJE_AUTOR_DE_COMPONENTE,
T_EJE_BIBLIOGRAPHIC_LEVEL, T_EJE_COD_IDENT_REGISTRO, T_EJE_COMPONENTE_ID, T_EJE_COMPONENTE_ID_TIPO,
T_EJE_EDICION, T_EJE_EDITOR, T_EJE_FECHA_PUBLICACION, T_EJEMPLAR_ID, T_EJE_IDENTIFICADOR_REGISTRO,
T_EJE_IDIOMA, T_EJE_TITULO, T_EJE_TITULO_COMPONENTE, F_DEVOLUCION_POL, F_PRESTAMO, F_RECLAMACION_1A,
F_RECLAMACION_2A, F_RECLAMACION_3A, F_RENOVACION, NCIP_BIB_EJEMPLAR, NCIP_BIB_LECTOR,
NCIP_BIB_SOLICITANTE, NCIP_LECTOR, L_PERIODO_INDETERMINADO, N_RECLAMACION_NUM, N_RENOVACION_NUM,
L_EJEMPLAR_SENSITIZATION_FLAG, BIB_X_BIBLIOTECA_CONS_EJE, BIB_X_BIBLIOTECA_CONS_LEC,
BIB_X_BIBLIOTECA_CONS_REN, BIB_X_BIBLIOTECA_PRESTAMISTA, BIB_X_BIBLIOTECA_REN, CON_X_CONSORCIO,
EJEMPLAR, LEC_X_LECTOR, LEC_TIPO_X_LECTOR_TIPO, T_PRESTAMO_X_T_PRESTAMO,
USU_X_BIBLIOTECARIO ) VALUES (
-2, 'POL-006', 'asdfasdf', 12341234, 2, 20, 3, 2, 8, 6, 2, 1, 3, 'Prestamos a domicilio'
, 0, 1, NULL, NULL, NULL, NULL, NULL, NULL, NULL, NULL, NULL, NULL, NULL, NULL, NULL
, NULL, NULL, NULL, NULL, NULL, NULL, NULL, NULL, NULL, NULL, NULL, 'Subcampo', NULL
, NULL, TO_TIMESTAMP('10/01/2010 9:01:36.000000','DD/MM/YYYY fmHH24fm:MI:SS.FF'), TO_TIMESTAMP('21/12/2009 9:01:36.000000','DD/MM/YYYY fmHH24fm:MI:SS.FF')
, NULL, NULL, NULL, NULL, NULL, NULL, NULL, NULL, 0, 0, 0, NULL, NULL, NULL, NULL
, -7, NULL, NULL, -2, -2, -3, -1, NULL);
INSERT INTO CIR_PRESTAMOS ( X_PRESTAMO, C_POLITICA_DOM, T_POLITICA_DOM_ALT, N_DIAS_ANTES_FINAL,
N_DIAS_ANTES_SUSPENSION, N_DIAS_PRESTAMO, N_DIAS_RECLAMACION_1A, N_DIAS_RECLAMACION_2A,
N_DIAS_RECLAMACION_3A, N_DIAS_RENOVACION, N_DIAS_SUSPENSION, N_MAX_DIAS_SUSPENSION_EJE,
N_MAX_RENOVACIONES, T_POLITICA_DOM, L_PERMITIR_AUNQUE_RESERVADO, L_PRESTAMO_SI_DEV_MISMO_DIA,
T_EJEM_BIBLIOGRAPHIC_DESC, T_EJEMPLAR_ESTADO_DETALLE, T_EJEMPLAR_LOC_DESDE, T_EJEMPLAR_LOC_HASTA,
T_EJEMPLAR_LOC_NOMBRE, T_EJEM_SCHEME_CIR_STATUS, T_EJEMPLAR_SCHEME_LOC_TIPO,
T_EJEM_SCHEME_MARCA_SEG, T_EJEM_SCHEME_REST_TYPE, T_EJEM_VALUE_CIR_STATUS, T_EJEM_VALUE_LOC_TIPO,
T_EJEM_VALUE_MARCA_SEG, T_EJEM_VALUE_RESTR_TYPE, T_EJE_AUTOR, T_EJE_AUTOR_DE_COMPONENTE,
T_EJE_BIBLIOGRAPHIC_LEVEL, T_EJE_COD_IDENT_REGISTRO, T_EJE_COMPONENTE_ID, T_EJE_COMPONENTE_ID_TIPO,
T_EJE_EDICION, T_EJE_EDITOR, T_EJE_FECHA_PUBLICACION, T_EJEMPLAR_ID, T_EJE_IDENTIFICADOR_REGISTRO,
T_EJE_IDIOMA, T_EJE_TITULO, T_EJE_TITULO_COMPONENTE, F_DEVOLUCION_POL, F_PRESTAMO, F_RECLAMACION_1A,
F_RECLAMACION_2A, F_RECLAMACION_3A, F_RENOVACION, NCIP_BIB_EJEMPLAR, NCIP_BIB_LECTOR,
NCIP_BIB_SOLICITANTE, NCIP_LECTOR, L_PERIODO_INDETERMINADO, N_RECLAMACION_NUM, N_RENOVACION_NUM,
L_EJEMPLAR_SENSITIZATION_FLAG, BIB_X_BIBLIOTECA_CONS_EJE, BIB_X_BIBLIOTECA_CONS_LEC,
BIB_X_BIBLIOTECA_CONS_REN, BIB_X_BIBLIOTECA_PRESTAMISTA, BIB_X_BIBLIOTECA_REN, CON_X_CONSORCIO,
EJEMPLAR, LEC_X_LECTOR, LEC_TIPO_X_LECTOR_TIPO, T_PRESTAMO_X_T_PRESTAMO,
USU_X_BIBLIOTECARIO ) VALUES (
-3, 'POL-006', 'asdfasdf', 12341234, 2, 20, 3, 2, 8, 6, 2, 1, 3, 'Prestamos a domicilio'
, 0, 1, NULL, NULL, NULL, NULL, NULL, NULL, NULL, NULL, NULL, NULL, NULL, NULL, NULL
, NULL, NULL, NULL, NULL, NULL, NULL, NULL, NULL, NULL, NULL, NULL, 'Subcampo', NULL
, NULL, TO_TIMESTAMP('10/01/2010 9:01:36.000000','DD/MM/YYYY fmHH24fm:MI:SS.FF'), TO_TIMESTAMP('21/12/2009 9:01:36.000000','DD/MM/YYYY fmHH24fm:MI:SS.FF')
, NULL, NULL, NULL, NULL, NULL, NULL, NULL, NULL, 0, 0, 0, NULL, NULL, NULL, NULL
, -7, NULL, NULL, -101, -101, -3, -1, NULL);
INSERT INTO CIR_PRESTAMOS ( X_PRESTAMO, C_POLITICA_DOM, T_POLITICA_DOM_ALT, N_DIAS_ANTES_FINAL,
N_DIAS_ANTES_SUSPENSION, N_DIAS_PRESTAMO, N_DIAS_RECLAMACION_1A, N_DIAS_RECLAMACION_2A,
N_DIAS_RECLAMACION_3A, N_DIAS_RENOVACION, N_DIAS_SUSPENSION, N_MAX_DIAS_SUSPENSION_EJE,
N_MAX_RENOVACIONES, T_POLITICA_DOM, L_PERMITIR_AUNQUE_RESERVADO, L_PRESTAMO_SI_DEV_MISMO_DIA,
T_EJEM_BIBLIOGRAPHIC_DESC, T_EJEMPLAR_ESTADO_DETALLE, T_EJEMPLAR_LOC_DESDE, T_EJEMPLAR_LOC_HASTA,
T_EJEMPLAR_LOC_NOMBRE, T_EJEM_SCHEME_CIR_STATUS, T_EJEMPLAR_SCHEME_LOC_TIPO,
T_EJEM_SCHEME_MARCA_SEG, T_EJEM_SCHEME_REST_TYPE, T_EJEM_VALUE_CIR_STATUS, T_EJEM_VALUE_LOC_TIPO,
T_EJEM_VALUE_MARCA_SEG, T_EJEM_VALUE_RESTR_TYPE, T_EJE_AUTOR, T_EJE_AUTOR_DE_COMPONENTE,
T_EJE_BIBLIOGRAPHIC_LEVEL, T_EJE_COD_IDENT_REGISTRO, T_EJE_COMPONENTE_ID, T_EJE_COMPONENTE_ID_TIPO,
T_EJE_EDICION, T_EJE_EDITOR, T_EJE_FECHA_PUBLICACION, T_EJEMPLAR_ID, T_EJE_IDENTIFICADOR_REGISTRO,
T_EJE_IDIOMA, T_EJE_TITULO, T_EJE_TITULO_COMPONENTE, F_DEVOLUCION_POL, F_PRESTAMO, F_RECLAMACION_1A,
F_RECLAMACION_2A, F_RECLAMACION_3A, F_RENOVACION, NCIP_BIB_EJEMPLAR, NCIP_BIB_LECTOR,
NCIP_BIB_SOLICITANTE, NCIP_LECTOR, L_PERIODO_INDETERMINADO, N_RECLAMACION_NUM, N_RENOVACION_NUM,
L_EJEMPLAR_SENSITIZATION_FLAG, BIB_X_BIBLIOTECA_CONS_EJE, BIB_X_BIBLIOTECA_CONS_LEC,
BIB_X_BIBLIOTECA_CONS_REN, BIB_X_BIBLIOTECA_PRESTAMISTA, BIB_X_BIBLIOTECA_REN, CON_X_CONSORCIO,
EJEMPLAR, LEC_X_LECTOR, LEC_TIPO_X_LECTOR_TIPO, T_PRESTAMO_X_T_PRESTAMO,
USU_X_BIBLIOTECARIO ) VALUES (
-4, 'POL-006', 'asdfasdf', 12341234, 2, 20, 3, 2, 8, 6, 2, 1, 3, 'Prestamos a domicilio'
, 0, 1, NULL, NULL, NULL, NULL, NULL, NULL, NULL, NULL, NULL, NULL, NULL, NULL, NULL
, NULL, NULL, NULL, NULL, NULL, NULL, NULL, NULL, NULL, NULL, NULL, 'Subcampo', NULL
, NULL, TO_TIMESTAMP('10/01/2010 9:01:36.000000','DD/MM/YYYY fmHH24fm:MI:SS.FF'), TO_TIMESTAMP('21/12/2009 9:01:36.000000','DD/MM/YYYY fmHH24fm:MI:SS.FF')
, NULL, NULL, NULL, NULL, NULL, NULL, NULL, NULL, 0, 0, 0, NULL, NULL, NULL, NULL
, -7, NULL, NULL, -3, -5, -3, -1, NULL);
commit;

INSERT INTO CIR_PRESTAMOS_HIST ( X_PRESTAMO_HIST, N_DIAS_ANTES_FINAL, N_DIAS_ANTES_SUSPENSION,
N_DIAS_RECLAMACION_1A, N_DIAS_RECLAMACION_2A, N_DIAS_RECLAMACION_3A, N_DIAS_RENOVACION,
N_DIAS_SUSPENSION, T_EJEM_BIBLIOGRAPHIC_DESC, T_EJEMPLAR_ESTADO_DETALLE, T_EJEMPLAR_LOC_DESDE,
T_EJEMPLAR_LOC_HASTA, T_EJEMPLAR_LOC_NOMBRE, T_EJEM_SCHEME_CIR_STATUS, T_EJEMPLAR_SCHEME_LOC_TIPO,
T_EJEM_SCHEME_MARCA_SEG, T_EJEM_SCHEME_REST_TYPE, T_EJEM_VALUE_CIR_STATUS, T_EJEM_VALUE_LOC_TIPO,
T_EJEM_VALUE_MARCA_SEG, T_EJEM_VALUE_RESTR_TYPE, T_EJE_AUTOR, T_EJE_AUTOR_DE_COMPONENTE,
T_EJE_BIBLIOGRAPHIC_LEVEL, T_EJE_COD_IDENT_REGISTRO, T_EJE_COMPONENTE_ID, T_EJE_COMPONENTE_ID_TIPO,
T_EJE_EDICION, T_EJE_EDITOR, T_EJEMPLAR_ID, T_EJE_FECHA_PUBLICACION, T_EJE_IDENTIFICADOR_REGISTRO,
T_EJE_IDIOMA, T_EJE_TITULO, T_EJE_TITULO_COMPONENTE, F_DETECTA_SUSPENSION, F_DEVOLUCION,
F_DEVOLUCION_POL, F_FIN_SUSPENSION, F_INI_SUSPENSION, F_PRESTAMO, F_RECLAMACION_1A,
F_RECLAMACION_2A, F_RECLAMACION_3A, F_RENOVACION, T_LECTOR_EXT_ID, N_MAX_DIAS_SUSPENSION_EJE,
N_MAX_RENOVACIONES, T_NOTA_SUMINISTRO_NO_RETORN, L_PERIODO_INDETERMINADO, N_RECLAMACION_NUM,
N_RENOVACION_NUM, L_EJEMPLAR_SENSITIZATION_FLAG, T_BIBLIOTECARIO_EXT,
BIB_X_BIBLIOTECA_CONSORCIO_DEV, BIB_X_BIBLIOTECA_CONSORCIO_EJE, BIB_X_BIBLIOTECA_CONSORCIO_LEC,
BIB_X_BIBLIOTECA_CONSORCIO_REN, BIB_X_BIBLIOTECA_DEV, BIB_X_BIBLIOTECA_PRESTAMISTA,
BIB_X_BIBLIOTECA_REN, CON_X_CONSORCIO, EJE_X_EJEMPAR, EJE_ESTA_X_EJEM_ESTADO_DEV,
EJE_LOCA_X_EJEM_LOCALIZ_DEV, LEC_X_LECTOR, LEC_TIPO_X_TIPO_LECTOR, T_PRESTAMO_X_T_PRESTAMO,
USU_X_BIBLIOTECARIO ) VALUES (
-2, 12341234, 2, 3, 2, 8, 6, 2, NULL, NULL, NULL, NULL, NULL, NULL, NULL, NULL, NULL
, NULL, NULL, NULL, NULL, NULL, NULL, NULL, NULL, NULL, NULL, NULL, NULL, NULL, NULL
, NULL, NULL, 'Subcampo', NULL, NULL, TO_TIMESTAMP('21/12/2009 8:39:34.000000','DD/MM/YYYY fmHH24fm:MI:SS.FF')
, TO_TIMESTAMP('10/01/2010 8:38:33.000000','DD/MM/YYYY fmHH24fm:MI:SS.FF'), NULL, NULL
, TO_TIMESTAMP('21/12/2009 8:38:33.000000','DD/MM/YYYY fmHH24fm:MI:SS.FF'), NULL, NULL
, NULL, NULL, NULL, NULL, NULL, NULL, 0, 0, 0, NULL, NULL, NULL, NULL, NULL, NULL
, NULL, -7, NULL, NULL, -101, NULL, NULL, -101, -1, -3, -1);
INSERT INTO CIR_PRESTAMOS_HIST ( X_PRESTAMO_HIST, N_DIAS_ANTES_FINAL, N_DIAS_ANTES_SUSPENSION,
N_DIAS_RECLAMACION_1A, N_DIAS_RECLAMACION_2A, N_DIAS_RECLAMACION_3A, N_DIAS_RENOVACION,
N_DIAS_SUSPENSION, T_EJEM_BIBLIOGRAPHIC_DESC, T_EJEMPLAR_ESTADO_DETALLE, T_EJEMPLAR_LOC_DESDE,
T_EJEMPLAR_LOC_HASTA, T_EJEMPLAR_LOC_NOMBRE, T_EJEM_SCHEME_CIR_STATUS, T_EJEMPLAR_SCHEME_LOC_TIPO,
T_EJEM_SCHEME_MARCA_SEG, T_EJEM_SCHEME_REST_TYPE, T_EJEM_VALUE_CIR_STATUS, T_EJEM_VALUE_LOC_TIPO,
T_EJEM_VALUE_MARCA_SEG, T_EJEM_VALUE_RESTR_TYPE, T_EJE_AUTOR, T_EJE_AUTOR_DE_COMPONENTE,
T_EJE_BIBLIOGRAPHIC_LEVEL, T_EJE_COD_IDENT_REGISTRO, T_EJE_COMPONENTE_ID, T_EJE_COMPONENTE_ID_TIPO,
T_EJE_EDICION, T_EJE_EDITOR, T_EJEMPLAR_ID, T_EJE_FECHA_PUBLICACION, T_EJE_IDENTIFICADOR_REGISTRO,
T_EJE_IDIOMA, T_EJE_TITULO, T_EJE_TITULO_COMPONENTE, F_DETECTA_SUSPENSION, F_DEVOLUCION,
F_DEVOLUCION_POL, F_FIN_SUSPENSION, F_INI_SUSPENSION, F_PRESTAMO, F_RECLAMACION_1A,
F_RECLAMACION_2A, F_RECLAMACION_3A, F_RENOVACION, T_LECTOR_EXT_ID, N_MAX_DIAS_SUSPENSION_EJE,
N_MAX_RENOVACIONES, T_NOTA_SUMINISTRO_NO_RETORN, L_PERIODO_INDETERMINADO, N_RECLAMACION_NUM,
N_RENOVACION_NUM, L_EJEMPLAR_SENSITIZATION_FLAG, T_BIBLIOTECARIO_EXT,
BIB_X_BIBLIOTECA_CONSORCIO_DEV, BIB_X_BIBLIOTECA_CONSORCIO_EJE, BIB_X_BIBLIOTECA_CONSORCIO_LEC,
BIB_X_BIBLIOTECA_CONSORCIO_REN, BIB_X_BIBLIOTECA_DEV, BIB_X_BIBLIOTECA_PRESTAMISTA,
BIB_X_BIBLIOTECA_REN, CON_X_CONSORCIO, EJE_X_EJEMPAR, EJE_ESTA_X_EJEM_ESTADO_DEV,
EJE_LOCA_X_EJEM_LOCALIZ_DEV, LEC_X_LECTOR, LEC_TIPO_X_TIPO_LECTOR, T_PRESTAMO_X_T_PRESTAMO,
USU_X_BIBLIOTECARIO ) VALUES (
-3, 12341234, 2, 3, 2, 8, 6, 2, NULL, NULL, NULL, NULL, NULL, NULL, NULL, NULL, NULL
, NULL, NULL, NULL, NULL, NULL, NULL, NULL, NULL, NULL, NULL, NULL, NULL, NULL, NULL
, NULL, NULL, 'Subcampo', NULL, NULL, TO_TIMESTAMP('21/12/2009 8:58:51.000000','DD/MM/YYYY fmHH24fm:MI:SS.FF')
, TO_TIMESTAMP('10/01/2010 8:47:41.000000','DD/MM/YYYY fmHH24fm:MI:SS.FF'), NULL, NULL
, TO_TIMESTAMP('21/12/2009 8:47:41.000000','DD/MM/YYYY fmHH24fm:MI:SS.FF'), NULL, NULL
, NULL, NULL, NULL, NULL, NULL, NULL, 0, 0, 0, NULL, NULL, NULL, NULL, NULL, NULL
, NULL, -7, NULL, NULL, -101, NULL, NULL, -101, -3, -1, NULL);
INSERT INTO CIR_PRESTAMOS_HIST ( X_PRESTAMO_HIST, N_DIAS_ANTES_FINAL, N_DIAS_ANTES_SUSPENSION,
N_DIAS_RECLAMACION_1A, N_DIAS_RECLAMACION_2A, N_DIAS_RECLAMACION_3A, N_DIAS_RENOVACION,
N_DIAS_SUSPENSION, T_EJEM_BIBLIOGRAPHIC_DESC, T_EJEMPLAR_ESTADO_DETALLE, T_EJEMPLAR_LOC_DESDE,
T_EJEMPLAR_LOC_HASTA, T_EJEMPLAR_LOC_NOMBRE, T_EJEM_SCHEME_CIR_STATUS, T_EJEMPLAR_SCHEME_LOC_TIPO,
T_EJEM_SCHEME_MARCA_SEG, T_EJEM_SCHEME_REST_TYPE, T_EJEM_VALUE_CIR_STATUS, T_EJEM_VALUE_LOC_TIPO,
T_EJEM_VALUE_MARCA_SEG, T_EJEM_VALUE_RESTR_TYPE, T_EJE_AUTOR, T_EJE_AUTOR_DE_COMPONENTE,
T_EJE_BIBLIOGRAPHIC_LEVEL, T_EJE_COD_IDENT_REGISTRO, T_EJE_COMPONENTE_ID, T_EJE_COMPONENTE_ID_TIPO,
T_EJE_EDICION, T_EJE_EDITOR, T_EJEMPLAR_ID, T_EJE_FECHA_PUBLICACION, T_EJE_IDENTIFICADOR_REGISTRO,
T_EJE_IDIOMA, T_EJE_TITULO, T_EJE_TITULO_COMPONENTE, F_DETECTA_SUSPENSION, F_DEVOLUCION,
F_DEVOLUCION_POL, F_FIN_SUSPENSION, F_INI_SUSPENSION, F_PRESTAMO, F_RECLAMACION_1A,
F_RECLAMACION_2A, F_RECLAMACION_3A, F_RENOVACION, T_LECTOR_EXT_ID, N_MAX_DIAS_SUSPENSION_EJE,
N_MAX_RENOVACIONES, T_NOTA_SUMINISTRO_NO_RETORN, L_PERIODO_INDETERMINADO, N_RECLAMACION_NUM,
N_RENOVACION_NUM, L_EJEMPLAR_SENSITIZATION_FLAG, T_BIBLIOTECARIO_EXT,
BIB_X_BIBLIOTECA_CONSORCIO_DEV, BIB_X_BIBLIOTECA_CONSORCIO_EJE, BIB_X_BIBLIOTECA_CONSORCIO_LEC,
BIB_X_BIBLIOTECA_CONSORCIO_REN, BIB_X_BIBLIOTECA_DEV, BIB_X_BIBLIOTECA_PRESTAMISTA,
BIB_X_BIBLIOTECA_REN, CON_X_CONSORCIO, EJE_X_EJEMPAR, EJE_ESTA_X_EJEM_ESTADO_DEV,
EJE_LOCA_X_EJEM_LOCALIZ_DEV, LEC_X_LECTOR, LEC_TIPO_X_TIPO_LECTOR, T_PRESTAMO_X_T_PRESTAMO,
USU_X_BIBLIOTECARIO ) VALUES (
-4, 12341234, 2, 3, 2, 8, 6, 2, NULL, NULL, NULL, NULL, NULL, NULL, NULL, NULL, NULL
, NULL, NULL, NULL, NULL, NULL, NULL, NULL, NULL, NULL, NULL, NULL, NULL, NULL, NULL
, NULL, NULL, 'Subcampo', NULL, NULL, TO_TIMESTAMP('21/12/2009 8:58:51.000000','DD/MM/YYYY fmHH24fm:MI:SS.FF')
, TO_TIMESTAMP('10/01/2010 8:47:41.000000','DD/MM/YYYY fmHH24fm:MI:SS.FF'), NULL, NULL
, TO_TIMESTAMP('21/12/2009 8:47:41.000000','DD/MM/YYYY fmHH24fm:MI:SS.FF'), NULL, NULL
, NULL, NULL, NULL, NULL, NULL, NULL, 0, 0, 0, NULL, NULL, NULL, NULL, NULL, NULL
, NULL, -7, NULL, NULL, -101, NULL, NULL, -101, -3, -1, NULL);
INSERT INTO CIR_PRESTAMOS_HIST ( X_PRESTAMO_HIST, N_DIAS_ANTES_FINAL, N_DIAS_ANTES_SUSPENSION,
N_DIAS_RECLAMACION_1A, N_DIAS_RECLAMACION_2A, N_DIAS_RECLAMACION_3A, N_DIAS_RENOVACION,
N_DIAS_SUSPENSION, T_EJEM_BIBLIOGRAPHIC_DESC, T_EJEMPLAR_ESTADO_DETALLE, T_EJEMPLAR_LOC_DESDE,
T_EJEMPLAR_LOC_HASTA, T_EJEMPLAR_LOC_NOMBRE, T_EJEM_SCHEME_CIR_STATUS, T_EJEMPLAR_SCHEME_LOC_TIPO,
T_EJEM_SCHEME_MARCA_SEG, T_EJEM_SCHEME_REST_TYPE, T_EJEM_VALUE_CIR_STATUS, T_EJEM_VALUE_LOC_TIPO,
T_EJEM_VALUE_MARCA_SEG, T_EJEM_VALUE_RESTR_TYPE, T_EJE_AUTOR, T_EJE_AUTOR_DE_COMPONENTE,
T_EJE_BIBLIOGRAPHIC_LEVEL, T_EJE_COD_IDENT_REGISTRO, T_EJE_COMPONENTE_ID, T_EJE_COMPONENTE_ID_TIPO,
T_EJE_EDICION, T_EJE_EDITOR, T_EJEMPLAR_ID, T_EJE_FECHA_PUBLICACION, T_EJE_IDENTIFICADOR_REGISTRO,
T_EJE_IDIOMA, T_EJE_TITULO, T_EJE_TITULO_COMPONENTE, F_DETECTA_SUSPENSION, F_DEVOLUCION,
F_DEVOLUCION_POL, F_FIN_SUSPENSION, F_INI_SUSPENSION, F_PRESTAMO, F_RECLAMACION_1A,
F_RECLAMACION_2A, F_RECLAMACION_3A, F_RENOVACION, T_LECTOR_EXT_ID, N_MAX_DIAS_SUSPENSION_EJE,
N_MAX_RENOVACIONES, T_NOTA_SUMINISTRO_NO_RETORN, L_PERIODO_INDETERMINADO, N_RECLAMACION_NUM,
N_RENOVACION_NUM, L_EJEMPLAR_SENSITIZATION_FLAG, T_BIBLIOTECARIO_EXT,
BIB_X_BIBLIOTECA_CONSORCIO_DEV, BIB_X_BIBLIOTECA_CONSORCIO_EJE, BIB_X_BIBLIOTECA_CONSORCIO_LEC,
BIB_X_BIBLIOTECA_CONSORCIO_REN, BIB_X_BIBLIOTECA_DEV, BIB_X_BIBLIOTECA_PRESTAMISTA,
BIB_X_BIBLIOTECA_REN, CON_X_CONSORCIO, EJE_X_EJEMPAR, EJE_ESTA_X_EJEM_ESTADO_DEV,
EJE_LOCA_X_EJEM_LOCALIZ_DEV, LEC_X_LECTOR, LEC_TIPO_X_TIPO_LECTOR, T_PRESTAMO_X_T_PRESTAMO,
USU_X_BIBLIOTECARIO ) VALUES (
-5, 1, 2, 5, 8, 5, 5, 2, NULL, NULL, NULL, NULL, NULL, NULL, NULL, NULL, NULL, NULL
, NULL, NULL, NULL, NULL, NULL, NULL, NULL, NULL, NULL, NULL, NULL, NULL, NULL, NULL
, NULL, 'Subcampo', NULL, NULL, TO_TIMESTAMP('21/12/2009 10:21:40.000000','DD/MM/YYYY fmHH24fm:MI:SS.FF')
, TO_TIMESTAMP('10/01/2010 10:17:12.000000','DD/MM/YYYY fmHH24fm:MI:SS.FF'), NULL
, NULL, TO_TIMESTAMP('21/12/2009 10:17:12.000000','DD/MM/YYYY fmHH24fm:MI:SS.FF')
, NULL, NULL, NULL, NULL, NULL, NULL, NULL, NULL, 0, 0, 0, NULL, NULL, NULL, NULL
, NULL, NULL, NULL, -7, NULL, NULL, -102, NULL, NULL, -101, -3, -1, NULL);
commit;

INSERT INTO CIR_RES_POLITICAS ( X_POLITICA_RES, C_POLITICA_RES, T_POLITICA_RES_ALT,
N_DIAS_PERMANENCIA_EN_COLA, N_DIAS_RESERVADO, N_DIAS_SUSPENSION,
T_POLITICA_RES ) VALUES (
-1, 'POL-RES-001', 'descripcion1', 2, 5, 20, 'PoliticaReserva1');
INSERT INTO CIR_RES_POLITICAS ( X_POLITICA_RES, C_POLITICA_RES, T_POLITICA_RES_ALT,
N_DIAS_PERMANENCIA_EN_COLA, N_DIAS_RESERVADO, N_DIAS_SUSPENSION,
T_POLITICA_RES ) VALUES (
-2, 'POL-RES-002', 'descripcion2', 3, 10, 30, 'PoliticaReserva2');
INSERT INTO CIR_RES_POLITICAS ( X_POLITICA_RES, C_POLITICA_RES, T_POLITICA_RES_ALT,
N_DIAS_PERMANENCIA_EN_COLA, N_DIAS_RESERVADO, N_DIAS_SUSPENSION,
T_POLITICA_RES ) VALUES (
-3, 'POL-RES-003', 'descripcion3', 4, 20, 40, 'PoliticaReserva3');
commit;

INSERT INTO CIR_RESERVAS ( X_RESERVA, T_AUTOR, N_DIAS_PERMANENCIA_EN_COLA, N_DIAS_RETIRADA_RESERVA,
N_DIAS_SUSPENSION, F_DETECTA_SUSPENSION, F_FIN_DISPONIBLE, F_FIN_SUSPENSION, F_INI_SUSPENSION,
F_INI_DISPONIBLE, F_RESERVA, T_ID_VOLUMEN, N_POSICION_RELATIVA, N_PRIORIDAD, T_TITULO,
BIB_X_BIBLIOTECA_REG, EJE_X_EJEMPLAR_ID, EST_X_ESTADO_RESERVA, LEC_X_LECTOR, LEC_TIPO_X_LECTOR_TIPO,
PRE_X_PRESTAMO, PRE_HIST_X_PRESTAMO_HISTORICO, REG_X_REGISTRO, T_RESERVA_X_T_RESERVA,
USU_X_BIBLIOTECARIO ) VALUES (
-1, NULL, 2, 5, 20, NULL, TO_TIMESTAMP('26/12/2009 8:39:40.000000','DD/MM/YYYY fmHH24fm:MI:SS.FF')
, NULL, NULL, TO_TIMESTAMP('21/12/2009 8:39:40.000000','DD/MM/YYYY fmHH24fm:MI:SS.FF')
, TO_TIMESTAMP('21/12/2009 8:36:53.000000','DD/MM/YYYY fmHH24fm:MI:SS.FF'), NULL, 1
, 10, NULL, -7, -101, -5, -101, -3, NULL, -3, -1, -2, NULL);
INSERT INTO CIR_RESERVAS ( X_RESERVA, T_AUTOR, N_DIAS_PERMANENCIA_EN_COLA, N_DIAS_RETIRADA_RESERVA,
N_DIAS_SUSPENSION, F_DETECTA_SUSPENSION, F_FIN_DISPONIBLE, F_FIN_SUSPENSION, F_INI_SUSPENSION,
F_INI_DISPONIBLE, F_RESERVA, T_ID_VOLUMEN, N_POSICION_RELATIVA, N_PRIORIDAD, T_TITULO,
BIB_X_BIBLIOTECA_REG, EJE_X_EJEMPLAR_ID, EST_X_ESTADO_RESERVA, LEC_X_LECTOR, LEC_TIPO_X_LECTOR_TIPO,
PRE_X_PRESTAMO, PRE_HIST_X_PRESTAMO_HISTORICO, REG_X_REGISTRO, T_RESERVA_X_T_RESERVA,
USU_X_BIBLIOTECARIO ) VALUES (
-2, NULL, 2, 5, 20, NULL, TO_TIMESTAMP('26/12/2009 8:58:51.000000','DD/MM/YYYY fmHH24fm:MI:SS.FF')
, NULL, NULL, TO_TIMESTAMP('21/12/2009 8:58:51.000000','DD/MM/YYYY fmHH24fm:MI:SS.FF')
, TO_TIMESTAMP('21/12/2009 8:41:18.000000','DD/MM/YYYY fmHH24fm:MI:SS.FF'), NULL, 1
, 10, NULL, -7, -101, -4, -101, -3, -3, NULL, -1, -2, NULL);
INSERT INTO CIR_RESERVAS ( X_RESERVA, T_AUTOR, N_DIAS_PERMANENCIA_EN_COLA, N_DIAS_RETIRADA_RESERVA,
N_DIAS_SUSPENSION, F_DETECTA_SUSPENSION, F_FIN_DISPONIBLE, F_FIN_SUSPENSION, F_INI_SUSPENSION,
F_INI_DISPONIBLE, F_RESERVA, T_ID_VOLUMEN, N_POSICION_RELATIVA, N_PRIORIDAD, T_TITULO,
BIB_X_BIBLIOTECA_REG, EJE_X_EJEMPLAR_ID, EST_X_ESTADO_RESERVA, LEC_X_LECTOR, LEC_TIPO_X_LECTOR_TIPO,
PRE_X_PRESTAMO, PRE_HIST_X_PRESTAMO_HISTORICO, REG_X_REGISTRO, T_RESERVA_X_T_RESERVA,
USU_X_BIBLIOTECARIO ) VALUES (
-3, NULL, 2, 5, 20, NULL, NULL, NULL, NULL, NULL, TO_TIMESTAMP('21/12/2009 9:00:21.000000','DD/MM/YYYY fmHH24fm:MI:SS.FF')
, NULL, 1, 10, NULL, -7, -101, -2, -101, -3, NULL, NULL, -1, -2, NULL);
INSERT INTO CIR_RESERVAS ( X_RESERVA, T_AUTOR, N_DIAS_PERMANENCIA_EN_COLA, N_DIAS_RETIRADA_RESERVA,
N_DIAS_SUSPENSION, F_DETECTA_SUSPENSION, F_FIN_DISPONIBLE, F_FIN_SUSPENSION, F_INI_SUSPENSION,
F_INI_DISPONIBLE, F_RESERVA, T_ID_VOLUMEN, N_POSICION_RELATIVA, N_PRIORIDAD, T_TITULO,
BIB_X_BIBLIOTECA_REG, EJE_X_EJEMPLAR_ID, EST_X_ESTADO_RESERVA, LEC_X_LECTOR, LEC_TIPO_X_LECTOR_TIPO,
PRE_X_PRESTAMO, PRE_HIST_X_PRESTAMO_HISTORICO, REG_X_REGISTRO, T_RESERVA_X_T_RESERVA,
USU_X_BIBLIOTECARIO ) VALUES (
-4, NULL, 2, 5, 20, NULL, TO_TIMESTAMP('26/12/2009 10:22:19.000000','DD/MM/YYYY fmHH24fm:MI:SS.FF')
, NULL, NULL, TO_TIMESTAMP('21/12/2009 10:22:19.000000','DD/MM/YYYY fmHH24fm:MI:SS.FF')
, TO_TIMESTAMP('21/12/2009 10:15:38.000000','DD/MM/YYYY fmHH24fm:MI:SS.FF'), NULL
, 1, 10, NULL, -7, -102, -1, -101, -3, NULL, NULL, -1, -2, NULL);
commit;

INSERT INTO CIR_RESTRICCIONES_USO ( X_RESTRICCION_USO, T_PIB_RESTRICCION_USO_ALT, T_RESTRICCION_USO,
NCIP_X_NCIP_VALUE_OET ) VALUES (
-1, 'sdfasdf', 'asdvasdv', -1);
INSERT INTO CIR_RESTRICCIONES_USO ( X_RESTRICCION_USO, T_PIB_RESTRICCION_USO_ALT, T_RESTRICCION_USO,
NCIP_X_NCIP_VALUE_OET ) VALUES (
-2, 'asdvasdv', 'asdvsadv', -2);
INSERT INTO CIR_RESTRICCIONES_USO ( X_RESTRICCION_USO, T_PIB_RESTRICCION_USO_ALT, T_RESTRICCION_USO,
NCIP_X_NCIP_VALUE_OET ) VALUES (
-3, 'asddasfsdf', 'asdvasdv', -3);
commit;

INSERT INTO CIR_TIPO_PRESTAMO ( X_TIPO_PRESTAMO, C_TIPO_PRESTAMO,
T_TIPO_PRESTAMO ) VALUES (
-1, 'DO', 'Prestamo a domicilio');
INSERT INTO CIR_TIPO_PRESTAMO ( X_TIPO_PRESTAMO, C_TIPO_PRESTAMO,
T_TIPO_PRESTAMO ) VALUES (
-2, 'SA', 'Prestamo en sala');
INSERT INTO CIR_TIPO_PRESTAMO ( X_TIPO_PRESTAMO, C_TIPO_PRESTAMO,
T_TIPO_PRESTAMO ) VALUES (
-3, 'SE', 'Prestamo de seguridad');
INSERT INTO CIR_TIPO_PRESTAMO ( X_TIPO_PRESTAMO, C_TIPO_PRESTAMO,
T_TIPO_PRESTAMO ) VALUES (
-4, 'RE', 'Prestamo en red');
INSERT INTO CIR_TIPO_PRESTAMO ( X_TIPO_PRESTAMO, C_TIPO_PRESTAMO,
T_TIPO_PRESTAMO ) VALUES (
-5, 'PIB', 'Prestamo Interbibliotecario');
commit;

INSERT INTO CIR_TIPO_RESERVA ( X_TIPO_RESERVA, C_TIPO_RESERVA,
D_TIPO_RESERVA ) VALUES (
-1, 'R', '#tipoReserva.registro');
INSERT INTO CIR_TIPO_RESERVA ( X_TIPO_RESERVA, C_TIPO_RESERVA,
D_TIPO_RESERVA ) VALUES (
-2, 'E', '#tipoReserva.ejemplar');
commit;

INSERT INTO EIL_FORMATOS ( X_FORMATO, T_DESCRIPCION, T_EXTENSION ) VALUES (
-1, 'Descrip ... -1', 'PDF');
INSERT INTO EIL_FORMATOS ( X_FORMATO, T_DESCRIPCION, T_EXTENSION ) VALUES (
-2, 'Descrip ... -2', 'DOC');
INSERT INTO EIL_FORMATOS ( X_FORMATO, T_DESCRIPCION, T_EXTENSION ) VALUES (
-3, 'Descrip ... -3', 'XLS');
INSERT INTO EIL_FORMATOS ( X_FORMATO, T_DESCRIPCION, T_EXTENSION ) VALUES (
-4, 'Descrip ... -4', 'ODT');
commit;

INSERT INTO EIL_FORMATOS_X_INFORME ( X_FORMATO_INFORME, L_ACTIVO, L_DEFECTO, EIL_FORMATOS_X_FORMATO,
EIL_INFORMES_X_INFORME ) VALUES (
-25, 1, 1, -1, -5);
INSERT INTO EIL_FORMATOS_X_INFORME ( X_FORMATO_INFORME, L_ACTIVO, L_DEFECTO, EIL_FORMATOS_X_FORMATO,
EIL_INFORMES_X_INFORME ) VALUES (
-26, 1, 0, -2, -5);
INSERT INTO EIL_FORMATOS_X_INFORME ( X_FORMATO_INFORME, L_ACTIVO, L_DEFECTO, EIL_FORMATOS_X_FORMATO,
EIL_INFORMES_X_INFORME ) VALUES (
-27, 1, 0, -3, -5);
INSERT INTO EIL_FORMATOS_X_INFORME ( X_FORMATO_INFORME, L_ACTIVO, L_DEFECTO, EIL_FORMATOS_X_FORMATO,
EIL_INFORMES_X_INFORME ) VALUES (
-28, 1, 0, -4, -5);
INSERT INTO EIL_FORMATOS_X_INFORME ( X_FORMATO_INFORME, L_ACTIVO, L_DEFECTO, EIL_FORMATOS_X_FORMATO,
EIL_INFORMES_X_INFORME ) VALUES (
-37, 1, 1, -1, -7);
INSERT INTO EIL_FORMATOS_X_INFORME ( X_FORMATO_INFORME, L_ACTIVO, L_DEFECTO, EIL_FORMATOS_X_FORMATO,
EIL_INFORMES_X_INFORME ) VALUES (
-38, 1, 0, -2, -7);
INSERT INTO EIL_FORMATOS_X_INFORME ( X_FORMATO_INFORME, L_ACTIVO, L_DEFECTO, EIL_FORMATOS_X_FORMATO,
EIL_INFORMES_X_INFORME ) VALUES (
-39, 1, 0, -3, -7);
INSERT INTO EIL_FORMATOS_X_INFORME ( X_FORMATO_INFORME, L_ACTIVO, L_DEFECTO, EIL_FORMATOS_X_FORMATO,
EIL_INFORMES_X_INFORME ) VALUES (
-40, 1, 0, -4, -7);
INSERT INTO EIL_FORMATOS_X_INFORME ( X_FORMATO_INFORME, L_ACTIVO, L_DEFECTO, EIL_FORMATOS_X_FORMATO,
EIL_INFORMES_X_INFORME ) VALUES (
-43, 1, 1, -1, -8);
INSERT INTO EIL_FORMATOS_X_INFORME ( X_FORMATO_INFORME, L_ACTIVO, L_DEFECTO, EIL_FORMATOS_X_FORMATO,
EIL_INFORMES_X_INFORME ) VALUES (
-44, 1, 0, -2, -8);
INSERT INTO EIL_FORMATOS_X_INFORME ( X_FORMATO_INFORME, L_ACTIVO, L_DEFECTO, EIL_FORMATOS_X_FORMATO,
EIL_INFORMES_X_INFORME ) VALUES (
-45, 1, 0, -3, -8);
INSERT INTO EIL_FORMATOS_X_INFORME ( X_FORMATO_INFORME, L_ACTIVO, L_DEFECTO, EIL_FORMATOS_X_FORMATO,
EIL_INFORMES_X_INFORME ) VALUES (
-46, 1, 0, -4, -8);
INSERT INTO EIL_FORMATOS_X_INFORME ( X_FORMATO_INFORME, L_ACTIVO, L_DEFECTO, EIL_FORMATOS_X_FORMATO,
EIL_INFORMES_X_INFORME ) VALUES (
-49, 1, 1, -1, -9);
INSERT INTO EIL_FORMATOS_X_INFORME ( X_FORMATO_INFORME, L_ACTIVO, L_DEFECTO, EIL_FORMATOS_X_FORMATO,
EIL_INFORMES_X_INFORME ) VALUES (
-50, 1, 0, -2, -9);
INSERT INTO EIL_FORMATOS_X_INFORME ( X_FORMATO_INFORME, L_ACTIVO, L_DEFECTO, EIL_FORMATOS_X_FORMATO,
EIL_INFORMES_X_INFORME ) VALUES (
-51, 1, 0, -3, -9);
INSERT INTO EIL_FORMATOS_X_INFORME ( X_FORMATO_INFORME, L_ACTIVO, L_DEFECTO, EIL_FORMATOS_X_FORMATO,
EIL_INFORMES_X_INFORME ) VALUES (
-52, 1, 0, -4, -9);
INSERT INTO EIL_FORMATOS_X_INFORME ( X_FORMATO_INFORME, L_ACTIVO, L_DEFECTO, EIL_FORMATOS_X_FORMATO,
EIL_INFORMES_X_INFORME ) VALUES (
-55, 1, 1, -1, -10);
INSERT INTO EIL_FORMATOS_X_INFORME ( X_FORMATO_INFORME, L_ACTIVO, L_DEFECTO, EIL_FORMATOS_X_FORMATO,
EIL_INFORMES_X_INFORME ) VALUES (
-56, 1, 0, -2, -10);
INSERT INTO EIL_FORMATOS_X_INFORME ( X_FORMATO_INFORME, L_ACTIVO, L_DEFECTO, EIL_FORMATOS_X_FORMATO,
EIL_INFORMES_X_INFORME ) VALUES (
-57, 1, 0, -3, -10);
INSERT INTO EIL_FORMATOS_X_INFORME ( X_FORMATO_INFORME, L_ACTIVO, L_DEFECTO, EIL_FORMATOS_X_FORMATO,
EIL_INFORMES_X_INFORME ) VALUES (
-58, 1, 0, -4, -10);
INSERT INTO EIL_FORMATOS_X_INFORME ( X_FORMATO_INFORME, L_ACTIVO, L_DEFECTO, EIL_FORMATOS_X_FORMATO,
EIL_INFORMES_X_INFORME ) VALUES (
-61, 1, 1, -1, -11);
INSERT INTO EIL_FORMATOS_X_INFORME ( X_FORMATO_INFORME, L_ACTIVO, L_DEFECTO, EIL_FORMATOS_X_FORMATO,
EIL_INFORMES_X_INFORME ) VALUES (
-62, 1, 0, -2, -11);
INSERT INTO EIL_FORMATOS_X_INFORME ( X_FORMATO_INFORME, L_ACTIVO, L_DEFECTO, EIL_FORMATOS_X_FORMATO,
EIL_INFORMES_X_INFORME ) VALUES (
-63, 1, 0, -3, -11);
INSERT INTO EIL_FORMATOS_X_INFORME ( X_FORMATO_INFORME, L_ACTIVO, L_DEFECTO, EIL_FORMATOS_X_FORMATO,
EIL_INFORMES_X_INFORME ) VALUES (
-64, 1, 0, -4, -11);
INSERT INTO EIL_FORMATOS_X_INFORME ( X_FORMATO_INFORME, L_ACTIVO, L_DEFECTO, EIL_FORMATOS_X_FORMATO,
EIL_INFORMES_X_INFORME ) VALUES (
-67, 1, 1, -1, -12);
INSERT INTO EIL_FORMATOS_X_INFORME ( X_FORMATO_INFORME, L_ACTIVO, L_DEFECTO, EIL_FORMATOS_X_FORMATO,
EIL_INFORMES_X_INFORME ) VALUES (
-68, 1, 0, -2, -12);
INSERT INTO EIL_FORMATOS_X_INFORME ( X_FORMATO_INFORME, L_ACTIVO, L_DEFECTO, EIL_FORMATOS_X_FORMATO,
EIL_INFORMES_X_INFORME ) VALUES (
-69, 1, 0, -3, -12);
INSERT INTO EIL_FORMATOS_X_INFORME ( X_FORMATO_INFORME, L_ACTIVO, L_DEFECTO, EIL_FORMATOS_X_FORMATO,
EIL_INFORMES_X_INFORME ) VALUES (
-70, 1, 0, -4, -12);
INSERT INTO EIL_FORMATOS_X_INFORME ( X_FORMATO_INFORME, L_ACTIVO, L_DEFECTO, EIL_FORMATOS_X_FORMATO,
EIL_INFORMES_X_INFORME ) VALUES (
-73, 1, 1, -1, -13);
INSERT INTO EIL_FORMATOS_X_INFORME ( X_FORMATO_INFORME, L_ACTIVO, L_DEFECTO, EIL_FORMATOS_X_FORMATO,
EIL_INFORMES_X_INFORME ) VALUES (
-74, 1, 0, -2, -13);
INSERT INTO EIL_FORMATOS_X_INFORME ( X_FORMATO_INFORME, L_ACTIVO, L_DEFECTO, EIL_FORMATOS_X_FORMATO,
EIL_INFORMES_X_INFORME ) VALUES (
-75, 1, 0, -3, -13);
INSERT INTO EIL_FORMATOS_X_INFORME ( X_FORMATO_INFORME, L_ACTIVO, L_DEFECTO, EIL_FORMATOS_X_FORMATO,
EIL_INFORMES_X_INFORME ) VALUES (
-76, 1, 0, -4, -13);
INSERT INTO EIL_FORMATOS_X_INFORME ( X_FORMATO_INFORME, L_ACTIVO, L_DEFECTO, EIL_FORMATOS_X_FORMATO,
EIL_INFORMES_X_INFORME ) VALUES (
-79, 1, 1, -1, -14);
INSERT INTO EIL_FORMATOS_X_INFORME ( X_FORMATO_INFORME, L_ACTIVO, L_DEFECTO, EIL_FORMATOS_X_FORMATO,
EIL_INFORMES_X_INFORME ) VALUES (
-80, 1, 0, -2, -14);
INSERT INTO EIL_FORMATOS_X_INFORME ( X_FORMATO_INFORME, L_ACTIVO, L_DEFECTO, EIL_FORMATOS_X_FORMATO,
EIL_INFORMES_X_INFORME ) VALUES (
-81, 1, 0, -3, -14);
INSERT INTO EIL_FORMATOS_X_INFORME ( X_FORMATO_INFORME, L_ACTIVO, L_DEFECTO, EIL_FORMATOS_X_FORMATO,
EIL_INFORMES_X_INFORME ) VALUES (
-82, 1, 0, -4, -14);
INSERT INTO EIL_FORMATOS_X_INFORME ( X_FORMATO_INFORME, L_ACTIVO, L_DEFECTO, EIL_FORMATOS_X_FORMATO,
EIL_INFORMES_X_INFORME ) VALUES (
-85, 1, 1, -1, -15);
INSERT INTO EIL_FORMATOS_X_INFORME ( X_FORMATO_INFORME, L_ACTIVO, L_DEFECTO, EIL_FORMATOS_X_FORMATO,
EIL_INFORMES_X_INFORME ) VALUES (
-86, 1, 0, -2, -15);
INSERT INTO EIL_FORMATOS_X_INFORME ( X_FORMATO_INFORME, L_ACTIVO, L_DEFECTO, EIL_FORMATOS_X_FORMATO,
EIL_INFORMES_X_INFORME ) VALUES (
-87, 1, 0, -3, -15);
INSERT INTO EIL_FORMATOS_X_INFORME ( X_FORMATO_INFORME, L_ACTIVO, L_DEFECTO, EIL_FORMATOS_X_FORMATO,
EIL_INFORMES_X_INFORME ) VALUES (
-88, 1, 0, -4, -15);
INSERT INTO EIL_FORMATOS_X_INFORME ( X_FORMATO_INFORME, L_ACTIVO, L_DEFECTO, EIL_FORMATOS_X_FORMATO,
EIL_INFORMES_X_INFORME ) VALUES (
-91, 1, 1, -1, -16);
INSERT INTO EIL_FORMATOS_X_INFORME ( X_FORMATO_INFORME, L_ACTIVO, L_DEFECTO, EIL_FORMATOS_X_FORMATO,
EIL_INFORMES_X_INFORME ) VALUES (
-92, 1, 0, -2, -16);
INSERT INTO EIL_FORMATOS_X_INFORME ( X_FORMATO_INFORME, L_ACTIVO, L_DEFECTO, EIL_FORMATOS_X_FORMATO,
EIL_INFORMES_X_INFORME ) VALUES (
-93, 1, 0, -3, -16);
INSERT INTO EIL_FORMATOS_X_INFORME ( X_FORMATO_INFORME, L_ACTIVO, L_DEFECTO, EIL_FORMATOS_X_FORMATO,
EIL_INFORMES_X_INFORME ) VALUES (
-94, 1, 0, -4, -16);
INSERT INTO EIL_FORMATOS_X_INFORME ( X_FORMATO_INFORME, L_ACTIVO, L_DEFECTO, EIL_FORMATOS_X_FORMATO,
EIL_INFORMES_X_INFORME ) VALUES (
-97, 1, 1, -1, -17);
INSERT INTO EIL_FORMATOS_X_INFORME ( X_FORMATO_INFORME, L_ACTIVO, L_DEFECTO, EIL_FORMATOS_X_FORMATO,
EIL_INFORMES_X_INFORME ) VALUES (
-98, 1, 0, -2, -17);
INSERT INTO EIL_FORMATOS_X_INFORME ( X_FORMATO_INFORME, L_ACTIVO, L_DEFECTO, EIL_FORMATOS_X_FORMATO,
EIL_INFORMES_X_INFORME ) VALUES (
-99, 1, 0, -3, -17);
INSERT INTO EIL_FORMATOS_X_INFORME ( X_FORMATO_INFORME, L_ACTIVO, L_DEFECTO, EIL_FORMATOS_X_FORMATO,
EIL_INFORMES_X_INFORME ) VALUES (
-100, 1, 0, -4, -17);
INSERT INTO EIL_FORMATOS_X_INFORME ( X_FORMATO_INFORME, L_ACTIVO, L_DEFECTO, EIL_FORMATOS_X_FORMATO,
EIL_INFORMES_X_INFORME ) VALUES (
-103, 1, 1, -1, -18);
INSERT INTO EIL_FORMATOS_X_INFORME ( X_FORMATO_INFORME, L_ACTIVO, L_DEFECTO, EIL_FORMATOS_X_FORMATO,
EIL_INFORMES_X_INFORME ) VALUES (
-104, 1, 0, -2, -18);
INSERT INTO EIL_FORMATOS_X_INFORME ( X_FORMATO_INFORME, L_ACTIVO, L_DEFECTO, EIL_FORMATOS_X_FORMATO,
EIL_INFORMES_X_INFORME ) VALUES (
-105, 1, 0, -3, -18);
INSERT INTO EIL_FORMATOS_X_INFORME ( X_FORMATO_INFORME, L_ACTIVO, L_DEFECTO, EIL_FORMATOS_X_FORMATO,
EIL_INFORMES_X_INFORME ) VALUES (
-106, 1, 0, -4, -18);
INSERT INTO EIL_FORMATOS_X_INFORME ( X_FORMATO_INFORME, L_ACTIVO, L_DEFECTO, EIL_FORMATOS_X_FORMATO,
EIL_INFORMES_X_INFORME ) VALUES (
-109, 1, 1, -1, -19);
INSERT INTO EIL_FORMATOS_X_INFORME ( X_FORMATO_INFORME, L_ACTIVO, L_DEFECTO, EIL_FORMATOS_X_FORMATO,
EIL_INFORMES_X_INFORME ) VALUES (
-110, 1, 0, -2, -19);
INSERT INTO EIL_FORMATOS_X_INFORME ( X_FORMATO_INFORME, L_ACTIVO, L_DEFECTO, EIL_FORMATOS_X_FORMATO,
EIL_INFORMES_X_INFORME ) VALUES (
-111, 1, 0, -3, -19);
INSERT INTO EIL_FORMATOS_X_INFORME ( X_FORMATO_INFORME, L_ACTIVO, L_DEFECTO, EIL_FORMATOS_X_FORMATO,
EIL_INFORMES_X_INFORME ) VALUES (
-112, 1, 0, -4, -19);
INSERT INTO EIL_FORMATOS_X_INFORME ( X_FORMATO_INFORME, L_ACTIVO, L_DEFECTO, EIL_FORMATOS_X_FORMATO,
EIL_INFORMES_X_INFORME ) VALUES (
-115, 1, 1, -1, -20);
INSERT INTO EIL_FORMATOS_X_INFORME ( X_FORMATO_INFORME, L_ACTIVO, L_DEFECTO, EIL_FORMATOS_X_FORMATO,
EIL_INFORMES_X_INFORME ) VALUES (
-116, 1, 0, -2, -20);
INSERT INTO EIL_FORMATOS_X_INFORME ( X_FORMATO_INFORME, L_ACTIVO, L_DEFECTO, EIL_FORMATOS_X_FORMATO,
EIL_INFORMES_X_INFORME ) VALUES (
-117, 1, 0, -3, -20);
INSERT INTO EIL_FORMATOS_X_INFORME ( X_FORMATO_INFORME, L_ACTIVO, L_DEFECTO, EIL_FORMATOS_X_FORMATO,
EIL_INFORMES_X_INFORME ) VALUES (
-118, 1, 0, -4, -20);
INSERT INTO EIL_FORMATOS_X_INFORME ( X_FORMATO_INFORME, L_ACTIVO, L_DEFECTO, EIL_FORMATOS_X_FORMATO,
EIL_INFORMES_X_INFORME ) VALUES (
-121, 1, 1, -1, -21);
INSERT INTO EIL_FORMATOS_X_INFORME ( X_FORMATO_INFORME, L_ACTIVO, L_DEFECTO, EIL_FORMATOS_X_FORMATO,
EIL_INFORMES_X_INFORME ) VALUES (
-122, 1, 0, -2, -21);
INSERT INTO EIL_FORMATOS_X_INFORME ( X_FORMATO_INFORME, L_ACTIVO, L_DEFECTO, EIL_FORMATOS_X_FORMATO,
EIL_INFORMES_X_INFORME ) VALUES (
-123, 1, 0, -3, -21);
INSERT INTO EIL_FORMATOS_X_INFORME ( X_FORMATO_INFORME, L_ACTIVO, L_DEFECTO, EIL_FORMATOS_X_FORMATO,
EIL_INFORMES_X_INFORME ) VALUES (
-124, 1, 0, -4, -21);
INSERT INTO EIL_FORMATOS_X_INFORME ( X_FORMATO_INFORME, L_ACTIVO, L_DEFECTO, EIL_FORMATOS_X_FORMATO,
EIL_INFORMES_X_INFORME ) VALUES (
-127, 1, 1, -1, -22);
INSERT INTO EIL_FORMATOS_X_INFORME ( X_FORMATO_INFORME, L_ACTIVO, L_DEFECTO, EIL_FORMATOS_X_FORMATO,
EIL_INFORMES_X_INFORME ) VALUES (
-128, 1, 0, -2, -22);
INSERT INTO EIL_FORMATOS_X_INFORME ( X_FORMATO_INFORME, L_ACTIVO, L_DEFECTO, EIL_FORMATOS_X_FORMATO,
EIL_INFORMES_X_INFORME ) VALUES (
-129, 1, 0, -3, -22);
INSERT INTO EIL_FORMATOS_X_INFORME ( X_FORMATO_INFORME, L_ACTIVO, L_DEFECTO, EIL_FORMATOS_X_FORMATO,
EIL_INFORMES_X_INFORME ) VALUES (
-130, 1, 0, -4, -22);
INSERT INTO EIL_FORMATOS_X_INFORME ( X_FORMATO_INFORME, L_ACTIVO, L_DEFECTO, EIL_FORMATOS_X_FORMATO,
EIL_INFORMES_X_INFORME ) VALUES (
-133, 1, 1, -1, -23);
INSERT INTO EIL_FORMATOS_X_INFORME ( X_FORMATO_INFORME, L_ACTIVO, L_DEFECTO, EIL_FORMATOS_X_FORMATO,
EIL_INFORMES_X_INFORME ) VALUES (
-134, 1, 0, -2, -23);
INSERT INTO EIL_FORMATOS_X_INFORME ( X_FORMATO_INFORME, L_ACTIVO, L_DEFECTO, EIL_FORMATOS_X_FORMATO,
EIL_INFORMES_X_INFORME ) VALUES (
-135, 1, 0, -3, -23);
INSERT INTO EIL_FORMATOS_X_INFORME ( X_FORMATO_INFORME, L_ACTIVO, L_DEFECTO, EIL_FORMATOS_X_FORMATO,
EIL_INFORMES_X_INFORME ) VALUES (
-136, 1, 0, -4, -23);
INSERT INTO EIL_FORMATOS_X_INFORME ( X_FORMATO_INFORME, L_ACTIVO, L_DEFECTO, EIL_FORMATOS_X_FORMATO,
EIL_INFORMES_X_INFORME ) VALUES (
-139, 1, 1, -1, -24);
INSERT INTO EIL_FORMATOS_X_INFORME ( X_FORMATO_INFORME, L_ACTIVO, L_DEFECTO, EIL_FORMATOS_X_FORMATO,
EIL_INFORMES_X_INFORME ) VALUES (
-140, 1, 0, -2, -24);
INSERT INTO EIL_FORMATOS_X_INFORME ( X_FORMATO_INFORME, L_ACTIVO, L_DEFECTO, EIL_FORMATOS_X_FORMATO,
EIL_INFORMES_X_INFORME ) VALUES (
-141, 1, 0, -3, -24);
INSERT INTO EIL_FORMATOS_X_INFORME ( X_FORMATO_INFORME, L_ACTIVO, L_DEFECTO, EIL_FORMATOS_X_FORMATO,
EIL_INFORMES_X_INFORME ) VALUES (
-142, 1, 0, -4, -24);
INSERT INTO EIL_FORMATOS_X_INFORME ( X_FORMATO_INFORME, L_ACTIVO, L_DEFECTO, EIL_FORMATOS_X_FORMATO,
EIL_INFORMES_X_INFORME ) VALUES (
-145, 1, 1, -1, -25);
INSERT INTO EIL_FORMATOS_X_INFORME ( X_FORMATO_INFORME, L_ACTIVO, L_DEFECTO, EIL_FORMATOS_X_FORMATO,
EIL_INFORMES_X_INFORME ) VALUES (
-146, 1, 0, -2, -25);
INSERT INTO EIL_FORMATOS_X_INFORME ( X_FORMATO_INFORME, L_ACTIVO, L_DEFECTO, EIL_FORMATOS_X_FORMATO,
EIL_INFORMES_X_INFORME ) VALUES (
-147, 1, 0, -3, -25);
INSERT INTO EIL_FORMATOS_X_INFORME ( X_FORMATO_INFORME, L_ACTIVO, L_DEFECTO, EIL_FORMATOS_X_FORMATO,
EIL_INFORMES_X_INFORME ) VALUES (
-148, 1, 0, -4, -25);
INSERT INTO EIL_FORMATOS_X_INFORME ( X_FORMATO_INFORME, L_ACTIVO, L_DEFECTO, EIL_FORMATOS_X_FORMATO,
EIL_INFORMES_X_INFORME ) VALUES (
-151, 1, 1, -1, -26);
INSERT INTO EIL_FORMATOS_X_INFORME ( X_FORMATO_INFORME, L_ACTIVO, L_DEFECTO, EIL_FORMATOS_X_FORMATO,
EIL_INFORMES_X_INFORME ) VALUES (
-152, 1, 0, -2, -26);
INSERT INTO EIL_FORMATOS_X_INFORME ( X_FORMATO_INFORME, L_ACTIVO, L_DEFECTO, EIL_FORMATOS_X_FORMATO,
EIL_INFORMES_X_INFORME ) VALUES (
-153, 1, 0, -3, -26);
INSERT INTO EIL_FORMATOS_X_INFORME ( X_FORMATO_INFORME, L_ACTIVO, L_DEFECTO, EIL_FORMATOS_X_FORMATO,
EIL_INFORMES_X_INFORME ) VALUES (
-154, 1, 0, -4, -26);
INSERT INTO EIL_FORMATOS_X_INFORME ( X_FORMATO_INFORME, L_ACTIVO, L_DEFECTO, EIL_FORMATOS_X_FORMATO,
EIL_INFORMES_X_INFORME ) VALUES (
-157, 1, 1, -1, -27);
INSERT INTO EIL_FORMATOS_X_INFORME ( X_FORMATO_INFORME, L_ACTIVO, L_DEFECTO, EIL_FORMATOS_X_FORMATO,
EIL_INFORMES_X_INFORME ) VALUES (
-158, 1, 0, -2, -27);
INSERT INTO EIL_FORMATOS_X_INFORME ( X_FORMATO_INFORME, L_ACTIVO, L_DEFECTO, EIL_FORMATOS_X_FORMATO,
EIL_INFORMES_X_INFORME ) VALUES (
-159, 1, 0, -3, -27);
INSERT INTO EIL_FORMATOS_X_INFORME ( X_FORMATO_INFORME, L_ACTIVO, L_DEFECTO, EIL_FORMATOS_X_FORMATO,
EIL_INFORMES_X_INFORME ) VALUES (
-160, 1, 0, -4, -27);
INSERT INTO EIL_FORMATOS_X_INFORME ( X_FORMATO_INFORME, L_ACTIVO, L_DEFECTO, EIL_FORMATOS_X_FORMATO,
EIL_INFORMES_X_INFORME ) VALUES (
-163, 1, 1, -1, -1);
INSERT INTO EIL_FORMATOS_X_INFORME ( X_FORMATO_INFORME, L_ACTIVO, L_DEFECTO, EIL_FORMATOS_X_FORMATO,
EIL_INFORMES_X_INFORME ) VALUES (
-164, 1, 0, -2, -1);
INSERT INTO EIL_FORMATOS_X_INFORME ( X_FORMATO_INFORME, L_ACTIVO, L_DEFECTO, EIL_FORMATOS_X_FORMATO,
EIL_INFORMES_X_INFORME ) VALUES (
-165, 1, 0, -3, -1);
INSERT INTO EIL_FORMATOS_X_INFORME ( X_FORMATO_INFORME, L_ACTIVO, L_DEFECTO, EIL_FORMATOS_X_FORMATO,
EIL_INFORMES_X_INFORME ) VALUES (
-166, 1, 0, -4, -1);
INSERT INTO EIL_FORMATOS_X_INFORME ( X_FORMATO_INFORME, L_ACTIVO, L_DEFECTO, EIL_FORMATOS_X_FORMATO,
EIL_INFORMES_X_INFORME ) VALUES (
-169, 1, 1, -1, -6);
INSERT INTO EIL_FORMATOS_X_INFORME ( X_FORMATO_INFORME, L_ACTIVO, L_DEFECTO, EIL_FORMATOS_X_FORMATO,
EIL_INFORMES_X_INFORME ) VALUES (
-170, 1, 0, -2, -6);
INSERT INTO EIL_FORMATOS_X_INFORME ( X_FORMATO_INFORME, L_ACTIVO, L_DEFECTO, EIL_FORMATOS_X_FORMATO,
EIL_INFORMES_X_INFORME ) VALUES (
-171, 1, 0, -3, -6);
INSERT INTO EIL_FORMATOS_X_INFORME ( X_FORMATO_INFORME, L_ACTIVO, L_DEFECTO, EIL_FORMATOS_X_FORMATO,
EIL_INFORMES_X_INFORME ) VALUES (
-172, 1, 0, -4, -6);
commit;

INSERT INTO EIL_INFORMES ( X_INFORME, T_NOMBRE, ADM_MODULOS_X_MODULO ) VALUES (
-5, 'Estadisticas de Desideratas', -1);
INSERT INTO EIL_INFORMES ( X_INFORME, T_NOMBRE, ADM_MODULOS_X_MODULO ) VALUES (
-6, 'Estadisticas de Desideratas Recibidas', -1);
INSERT INTO EIL_INFORMES ( X_INFORME, T_NOMBRE, ADM_MODULOS_X_MODULO ) VALUES (
-7, 'Estadisticas de Ejemplares por Localizacion', -3);
INSERT INTO EIL_INFORMES ( X_INFORME, T_NOMBRE, ADM_MODULOS_X_MODULO ) VALUES (
-8, 'Estadisticas de Ejemplares', -3);
INSERT INTO EIL_INFORMES ( X_INFORME, T_NOMBRE, ADM_MODULOS_X_MODULO ) VALUES (
-9, 'Estadisticas de Ejemplares por Tipo', -3);
INSERT INTO EIL_INFORMES ( X_INFORME, T_NOMBRE, ADM_MODULOS_X_MODULO ) VALUES (
-10, 'Estadisticas de Ejemplares por Procedencia', -3);
INSERT INTO EIL_INFORMES ( X_INFORME, T_NOMBRE, ADM_MODULOS_X_MODULO ) VALUES (
-11, 'Estadisticas de Ejemplares por Tipo Material', -3);
INSERT INTO EIL_INFORMES ( X_INFORME, T_NOMBRE, ADM_MODULOS_X_MODULO ) VALUES (
-1, 'Estadisticas de Ejemplares por Situacion', -3);
INSERT INTO EIL_INFORMES ( X_INFORME, T_NOMBRE, ADM_MODULOS_X_MODULO ) VALUES (
-12, 'Estadisticas Prestamos InterBibliotecarios', -4);
INSERT INTO EIL_INFORMES ( X_INFORME, T_NOMBRE, ADM_MODULOS_X_MODULO ) VALUES (
-13, 'Estadisticas Prestamos Por Comunidad', -4);
INSERT INTO EIL_INFORMES ( X_INFORME, T_NOMBRE, ADM_MODULOS_X_MODULO ) VALUES (
-14, 'Estadisticas Prestamos Total (incl. Histo) Entre Fechas', -4);
INSERT INTO EIL_INFORMES ( X_INFORME, T_NOMBRE, ADM_MODULOS_X_MODULO ) VALUES (
-15, 'Estadisticas Prestamos Totales (incl. Histo) Entre Fechas Por Tipo', -4);
INSERT INTO EIL_INFORMES ( X_INFORME, T_NOMBRE, ADM_MODULOS_X_MODULO ) VALUES (
-16, 'Estadisticas Reservas', -4);
INSERT INTO EIL_INFORMES ( X_INFORME, T_NOMBRE, ADM_MODULOS_X_MODULO ) VALUES (
-17, 'Estadisticas Prestamos Sobrepasados (incl. Histo)', -4);
INSERT INTO EIL_INFORMES ( X_INFORME, T_NOMBRE, ADM_MODULOS_X_MODULO ) VALUES (
-18, 'Estadisticas de Lector por Tipos de Lector', -5);
INSERT INTO EIL_INFORMES ( X_INFORME, T_NOMBRE, ADM_MODULOS_X_MODULO ) VALUES (
-19, 'Estadisticas de Lector por Fecha de Alta y de Ultimo Uso', -5);
INSERT INTO EIL_INFORMES ( X_INFORME, T_NOMBRE, ADM_MODULOS_X_MODULO ) VALUES (
-20, 'Estadisticas de Mensajes por Tipo de Canal entre Fechas', -6);
INSERT INTO EIL_INFORMES ( X_INFORME, T_NOMBRE, ADM_MODULOS_X_MODULO ) VALUES (
-21, 'Estadisticas de Mensajes por Subsistemas entre Fechas', -6);
INSERT INTO EIL_INFORMES ( X_INFORME, T_NOMBRE, ADM_MODULOS_X_MODULO ) VALUES (
-22, 'Estadisticas de Mensajes Enviados', -6);
INSERT INTO EIL_INFORMES ( X_INFORME, T_NOMBRE, ADM_MODULOS_X_MODULO ) VALUES (
-23, 'Numero de inicio de suscripciones por mes', -7);
INSERT INTO EIL_INFORMES ( X_INFORME, T_NOMBRE, ADM_MODULOS_X_MODULO ) VALUES (
-24, 'Numero de fin de suscripciones por mes', -7);
INSERT INTO EIL_INFORMES ( X_INFORME, T_NOMBRE, ADM_MODULOS_X_MODULO ) VALUES (
-25, 'Numeros de suscripciones recibidos en un mes', -7);
INSERT INTO EIL_INFORMES ( X_INFORME, T_NOMBRE, ADM_MODULOS_X_MODULO ) VALUES (
-26, 'Estadisticas de suscripciones por estado', -7);
INSERT INTO EIL_INFORMES ( X_INFORME, T_NOMBRE, ADM_MODULOS_X_MODULO ) VALUES (
-27, 'Estadisticas de numeros de suscripciones previstos en un mes', -7);
commit;

INSERT INTO EIL_PARAMETROS ( X_PARAMETRO, L_ACTIVO, T_METODO, T_NOMBRE, T_TIPO, T_TIPO_ENTIDAD,
T_VALOR ) VALUES (
-1, 1, 'T_BIBLIOTECA', 'Codigo biblioteca/sucursal', 'java.lang.String', 'ADM_BIBLIOTECAS'
, NULL);
INSERT INTO EIL_PARAMETROS ( X_PARAMETRO, L_ACTIVO, T_METODO, T_NOMBRE, T_TIPO, T_TIPO_ENTIDAD,
T_VALOR ) VALUES (
-2, 1, 'F_FECHA_SOLICITUD', 'Fecha inicio (dd/mm/aaaa)', 'java.util.Date', 'ADQ_DESIDERATAS'
, NULL);
INSERT INTO EIL_PARAMETROS ( X_PARAMETRO, L_ACTIVO, T_METODO, T_NOMBRE, T_TIPO, T_TIPO_ENTIDAD,
T_VALOR ) VALUES (
-3, 1, 'F_FECHA_SOLICITUD', 'Fecha fin (dd/mm/aaaa)', 'java.util.Date', 'ADQ_DESIDERATAS'
, NULL);
INSERT INTO EIL_PARAMETROS ( X_PARAMETRO, L_ACTIVO, T_METODO, T_NOMBRE, T_TIPO, T_TIPO_ENTIDAD,
T_VALOR ) VALUES (
-4, 1, 'F_FECHA_INGRESO_INVENTARIO', 'Fecha inicio (dd/mm/aaaa)', 'java.util.Date'
, 'CAT_EJEMPLARES', NULL);
INSERT INTO EIL_PARAMETROS ( X_PARAMETRO, L_ACTIVO, T_METODO, T_NOMBRE, T_TIPO, T_TIPO_ENTIDAD,
T_VALOR ) VALUES (
-5, 1, 'F_FECHA_INGRESO_INVENTARIO', 'Fecha fin (dd/mm/aaaa)', 'java.util.Date', 'CAT_EJEMPLARES'
, NULL);
INSERT INTO EIL_PARAMETROS ( X_PARAMETRO, L_ACTIVO, T_METODO, T_NOMBRE, T_TIPO, T_TIPO_ENTIDAD,
T_VALOR ) VALUES (
-6, 1, 'F_PRESTAMO', 'Fecha inicio (dd/mm/aaaa)', 'java.util.Date', 'CIR_PRESTAMOS'
, NULL);
INSERT INTO EIL_PARAMETROS ( X_PARAMETRO, L_ACTIVO, T_METODO, T_NOMBRE, T_TIPO, T_TIPO_ENTIDAD,
T_VALOR ) VALUES (
-7, 1, 'F_PRESTAMO', 'Fecha fin (dd/mm/aaaa)', 'java.util.Date', 'CIR_PRESTAMOS', NULL);
INSERT INTO EIL_PARAMETROS ( X_PARAMETRO, L_ACTIVO, T_METODO, T_NOMBRE, T_TIPO, T_TIPO_ENTIDAD,
T_VALOR ) VALUES (
-8, 1, 'F_RESERVA', 'Fecha inicio (dd/mm/aaaa)', 'java.util.Date', 'CIR_RESERVAS'
, NULL);
INSERT INTO EIL_PARAMETROS ( X_PARAMETRO, L_ACTIVO, T_METODO, T_NOMBRE, T_TIPO, T_TIPO_ENTIDAD,
T_VALOR ) VALUES (
-9, 1, 'F_RESERVA', 'Fecha fin (dd/mm/aaaa)', 'java.util.Date', 'CIR_RESERVAS', NULL);
INSERT INTO EIL_PARAMETROS ( X_PARAMETRO, L_ACTIVO, T_METODO, T_NOMBRE, T_TIPO, T_TIPO_ENTIDAD,
T_VALOR ) VALUES (
-10, 1, 'F_FECHA_ALTA', 'Fecha alta inicio (dd/mm/aaaa)', 'java.util.Date', 'LEC_LECTORES'
, NULL);
INSERT INTO EIL_PARAMETROS ( X_PARAMETRO, L_ACTIVO, T_METODO, T_NOMBRE, T_TIPO, T_TIPO_ENTIDAD,
T_VALOR ) VALUES (
-11, 1, 'F_FECHA_ALTA', 'Fecha alta fin (dd/mm/aaaa)', 'java.util.Date', 'LEC_LECTORES'
, NULL);
INSERT INTO EIL_PARAMETROS ( X_PARAMETRO, L_ACTIVO, T_METODO, T_NOMBRE, T_TIPO, T_TIPO_ENTIDAD,
T_VALOR ) VALUES (
-12, 1, 'F_FECHA_ULTIMO_USO', 'Fecha ultimo uso inicio (dd/mm/aaaa)', 'java.util.Date'
, 'LEC_LECTORES', NULL);
INSERT INTO EIL_PARAMETROS ( X_PARAMETRO, L_ACTIVO, T_METODO, T_NOMBRE, T_TIPO, T_TIPO_ENTIDAD,
T_VALOR ) VALUES (
-13, 1, 'F_FECHA_ULTIMO_USO', 'Fecha ultimo uso fin (dd/mm/aaaa)', 'java.util.Date'
, 'LEC_LECTORES', NULL);
INSERT INTO EIL_PARAMETROS ( X_PARAMETRO, L_ACTIVO, T_METODO, T_NOMBRE, T_TIPO, T_TIPO_ENTIDAD,
T_VALOR ) VALUES (
-14, 1, 'F_FECHA_ALTA', 'Fecha inicio (dd/mm/aaaa)', 'java.util.Date', 'MEN_NOTIFICACIONES'
, NULL);
INSERT INTO EIL_PARAMETROS ( X_PARAMETRO, L_ACTIVO, T_METODO, T_NOMBRE, T_TIPO, T_TIPO_ENTIDAD,
T_VALOR ) VALUES (
-15, 1, 'F_FECHA_ALTA', 'Fecha fin (dd/mm/aaaa)', 'java.util.Date', 'MEN_NOTIFICACIONES'
, NULL);
INSERT INTO EIL_PARAMETROS ( X_PARAMETRO, L_ACTIVO, T_METODO, T_NOMBRE, T_TIPO, T_TIPO_ENTIDAD,
T_VALOR ) VALUES (
-16, 1, 'F_FECHA_NOTIFICACION', 'Fecha inicio (dd/mm/aaaa)', 'java.util.Date', 'MEN_NOTIFICACIONES'
, NULL);
INSERT INTO EIL_PARAMETROS ( X_PARAMETRO, L_ACTIVO, T_METODO, T_NOMBRE, T_TIPO, T_TIPO_ENTIDAD,
T_VALOR ) VALUES (
-17, 1, 'F_FECHA_NOTIFICACION', 'Fecha fin (dd/mm/aaaa)', 'java.util.Date', 'MEN_NOTIFICACIONES'
, NULL);
INSERT INTO EIL_PARAMETROS ( X_PARAMETRO, L_ACTIVO, T_METODO, T_NOMBRE, T_TIPO, T_TIPO_ENTIDAD,
T_VALOR ) VALUES (
-18, 1, 'F_INICIO', 'Fecha inicio (dd/mm/aaaa)', 'java.util.Date', 'SER_SUSCRIPCIONES'
, NULL);
INSERT INTO EIL_PARAMETROS ( X_PARAMETRO, L_ACTIVO, T_METODO, T_NOMBRE, T_TIPO, T_TIPO_ENTIDAD,
T_VALOR ) VALUES (
-19, 1, 'F_INICIO', 'Fecha fin (dd/mm/aaaa)', 'java.util.Date', 'SER_SUSCRIPCIONES'
, NULL);
INSERT INTO EIL_PARAMETROS ( X_PARAMETRO, L_ACTIVO, T_METODO, T_NOMBRE, T_TIPO, T_TIPO_ENTIDAD,
T_VALOR ) VALUES (
-20, 1, 'F_FINAL', 'Fecha inicio (dd/mm/aaaa)', 'java.util.Date', 'SER_SUSCRIPCIONES'
, NULL);
INSERT INTO EIL_PARAMETROS ( X_PARAMETRO, L_ACTIVO, T_METODO, T_NOMBRE, T_TIPO, T_TIPO_ENTIDAD,
T_VALOR ) VALUES (
-21, 1, 'F_FINAL', 'Fecha fin (dd/mm/aaaa)', 'java.util.Date', 'SER_SUSCRIPCIONES'
, NULL);
commit;

INSERT INTO EIL_PARAMETROS_X_INFORME ( X_PARAMETROS_X_INFORME, L_ACTIVO, L_MULTIVALUDAO, L_OCULTO,
T_VALOR, EIL_INFORMES_X_INFORME, EIL_PARAMETROS_X_PARAMETRO ) VALUES (
-1, 1, 0, 0, 'Cadena', -5, -1);
INSERT INTO EIL_PARAMETROS_X_INFORME ( X_PARAMETROS_X_INFORME, L_ACTIVO, L_MULTIVALUDAO, L_OCULTO,
T_VALOR, EIL_INFORMES_X_INFORME, EIL_PARAMETROS_X_PARAMETRO ) VALUES (
-2, 1, 0, 0, 'Fecha', -5, -2);
INSERT INTO EIL_PARAMETROS_X_INFORME ( X_PARAMETROS_X_INFORME, L_ACTIVO, L_MULTIVALUDAO, L_OCULTO,
T_VALOR, EIL_INFORMES_X_INFORME, EIL_PARAMETROS_X_PARAMETRO ) VALUES (
-3, 1, 0, 0, 'Fecha', -5, -3);
INSERT INTO EIL_PARAMETROS_X_INFORME ( X_PARAMETROS_X_INFORME, L_ACTIVO, L_MULTIVALUDAO, L_OCULTO,
T_VALOR, EIL_INFORMES_X_INFORME, EIL_PARAMETROS_X_PARAMETRO ) VALUES (
-4, 1, 0, 0, 'Cadena', -6, -1);
INSERT INTO EIL_PARAMETROS_X_INFORME ( X_PARAMETROS_X_INFORME, L_ACTIVO, L_MULTIVALUDAO, L_OCULTO,
T_VALOR, EIL_INFORMES_X_INFORME, EIL_PARAMETROS_X_PARAMETRO ) VALUES (
-5, 1, 0, 0, 'Fecha', -6, -2);
INSERT INTO EIL_PARAMETROS_X_INFORME ( X_PARAMETROS_X_INFORME, L_ACTIVO, L_MULTIVALUDAO, L_OCULTO,
T_VALOR, EIL_INFORMES_X_INFORME, EIL_PARAMETROS_X_PARAMETRO ) VALUES (
-6, 1, 0, 0, 'Fecha', -6, -3);
INSERT INTO EIL_PARAMETROS_X_INFORME ( X_PARAMETROS_X_INFORME, L_ACTIVO, L_MULTIVALUDAO, L_OCULTO,
T_VALOR, EIL_INFORMES_X_INFORME, EIL_PARAMETROS_X_PARAMETRO ) VALUES (
-7, 1, 0, 0, 'Cadena', -1, -1);
INSERT INTO EIL_PARAMETROS_X_INFORME ( X_PARAMETROS_X_INFORME, L_ACTIVO, L_MULTIVALUDAO, L_OCULTO,
T_VALOR, EIL_INFORMES_X_INFORME, EIL_PARAMETROS_X_PARAMETRO ) VALUES (
-8, 1, 0, 0, 'Fecha', -1, -4);
INSERT INTO EIL_PARAMETROS_X_INFORME ( X_PARAMETROS_X_INFORME, L_ACTIVO, L_MULTIVALUDAO, L_OCULTO,
T_VALOR, EIL_INFORMES_X_INFORME, EIL_PARAMETROS_X_PARAMETRO ) VALUES (
-9, 1, 0, 0, 'Fecha', -1, -5);
INSERT INTO EIL_PARAMETROS_X_INFORME ( X_PARAMETROS_X_INFORME, L_ACTIVO, L_MULTIVALUDAO, L_OCULTO,
T_VALOR, EIL_INFORMES_X_INFORME, EIL_PARAMETROS_X_PARAMETRO ) VALUES (
-10, 1, 0, 0, 'Cadena', -7, -1);
INSERT INTO EIL_PARAMETROS_X_INFORME ( X_PARAMETROS_X_INFORME, L_ACTIVO, L_MULTIVALUDAO, L_OCULTO,
T_VALOR, EIL_INFORMES_X_INFORME, EIL_PARAMETROS_X_PARAMETRO ) VALUES (
-11, 1, 0, 0, 'Fecha', -7, -4);
INSERT INTO EIL_PARAMETROS_X_INFORME ( X_PARAMETROS_X_INFORME, L_ACTIVO, L_MULTIVALUDAO, L_OCULTO,
T_VALOR, EIL_INFORMES_X_INFORME, EIL_PARAMETROS_X_PARAMETRO ) VALUES (
-12, 1, 0, 0, 'Fecha', -7, -5);
INSERT INTO EIL_PARAMETROS_X_INFORME ( X_PARAMETROS_X_INFORME, L_ACTIVO, L_MULTIVALUDAO, L_OCULTO,
T_VALOR, EIL_INFORMES_X_INFORME, EIL_PARAMETROS_X_PARAMETRO ) VALUES (
-13, 1, 0, 0, 'Cadena', -8, -1);
INSERT INTO EIL_PARAMETROS_X_INFORME ( X_PARAMETROS_X_INFORME, L_ACTIVO, L_MULTIVALUDAO, L_OCULTO,
T_VALOR, EIL_INFORMES_X_INFORME, EIL_PARAMETROS_X_PARAMETRO ) VALUES (
-14, 1, 0, 0, 'Fecha', -8, -4);
INSERT INTO EIL_PARAMETROS_X_INFORME ( X_PARAMETROS_X_INFORME, L_ACTIVO, L_MULTIVALUDAO, L_OCULTO,
T_VALOR, EIL_INFORMES_X_INFORME, EIL_PARAMETROS_X_PARAMETRO ) VALUES (
-15, 1, 0, 0, 'Fecha', -8, -5);
INSERT INTO EIL_PARAMETROS_X_INFORME ( X_PARAMETROS_X_INFORME, L_ACTIVO, L_MULTIVALUDAO, L_OCULTO,
T_VALOR, EIL_INFORMES_X_INFORME, EIL_PARAMETROS_X_PARAMETRO ) VALUES (
-17, 1, 0, 0, 'Cadena', -9, -1);
INSERT INTO EIL_PARAMETROS_X_INFORME ( X_PARAMETROS_X_INFORME, L_ACTIVO, L_MULTIVALUDAO, L_OCULTO,
T_VALOR, EIL_INFORMES_X_INFORME, EIL_PARAMETROS_X_PARAMETRO ) VALUES (
-18, 1, 0, 0, 'Fecha', -9, -4);
INSERT INTO EIL_PARAMETROS_X_INFORME ( X_PARAMETROS_X_INFORME, L_ACTIVO, L_MULTIVALUDAO, L_OCULTO,
T_VALOR, EIL_INFORMES_X_INFORME, EIL_PARAMETROS_X_PARAMETRO ) VALUES (
-19, 1, 0, 0, 'Fecha', -9, -5);
INSERT INTO EIL_PARAMETROS_X_INFORME ( X_PARAMETROS_X_INFORME, L_ACTIVO, L_MULTIVALUDAO, L_OCULTO,
T_VALOR, EIL_INFORMES_X_INFORME, EIL_PARAMETROS_X_PARAMETRO ) VALUES (
-20, 1, 0, 0, 'Cadena', -10, -1);
INSERT INTO EIL_PARAMETROS_X_INFORME ( X_PARAMETROS_X_INFORME, L_ACTIVO, L_MULTIVALUDAO, L_OCULTO,
T_VALOR, EIL_INFORMES_X_INFORME, EIL_PARAMETROS_X_PARAMETRO ) VALUES (
-21, 1, 0, 0, 'Fecha', -10, -4);
INSERT INTO EIL_PARAMETROS_X_INFORME ( X_PARAMETROS_X_INFORME, L_ACTIVO, L_MULTIVALUDAO, L_OCULTO,
T_VALOR, EIL_INFORMES_X_INFORME, EIL_PARAMETROS_X_PARAMETRO ) VALUES (
-22, 1, 0, 0, 'Fecha', -10, -5);
INSERT INTO EIL_PARAMETROS_X_INFORME ( X_PARAMETROS_X_INFORME, L_ACTIVO, L_MULTIVALUDAO, L_OCULTO,
T_VALOR, EIL_INFORMES_X_INFORME, EIL_PARAMETROS_X_PARAMETRO ) VALUES (
-23, 1, 0, 0, 'Cadena', -11, -1);
INSERT INTO EIL_PARAMETROS_X_INFORME ( X_PARAMETROS_X_INFORME, L_ACTIVO, L_MULTIVALUDAO, L_OCULTO,
T_VALOR, EIL_INFORMES_X_INFORME, EIL_PARAMETROS_X_PARAMETRO ) VALUES (
-24, 1, 0, 0, 'Fecha', -11, -4);
INSERT INTO EIL_PARAMETROS_X_INFORME ( X_PARAMETROS_X_INFORME, L_ACTIVO, L_MULTIVALUDAO, L_OCULTO,
T_VALOR, EIL_INFORMES_X_INFORME, EIL_PARAMETROS_X_PARAMETRO ) VALUES (
-25, 1, 0, 0, 'Fecha', -11, -5);
INSERT INTO EIL_PARAMETROS_X_INFORME ( X_PARAMETROS_X_INFORME, L_ACTIVO, L_MULTIVALUDAO, L_OCULTO,
T_VALOR, EIL_INFORMES_X_INFORME, EIL_PARAMETROS_X_PARAMETRO ) VALUES (
-26, 1, 0, 0, 'Cadena', -12, -1);
INSERT INTO EIL_PARAMETROS_X_INFORME ( X_PARAMETROS_X_INFORME, L_ACTIVO, L_MULTIVALUDAO, L_OCULTO,
T_VALOR, EIL_INFORMES_X_INFORME, EIL_PARAMETROS_X_PARAMETRO ) VALUES (
-27, 1, 0, 0, 'Fecha', -12, -6);
INSERT INTO EIL_PARAMETROS_X_INFORME ( X_PARAMETROS_X_INFORME, L_ACTIVO, L_MULTIVALUDAO, L_OCULTO,
T_VALOR, EIL_INFORMES_X_INFORME, EIL_PARAMETROS_X_PARAMETRO ) VALUES (
-28, 1, 0, 0, 'Fecha', -12, -7);
INSERT INTO EIL_PARAMETROS_X_INFORME ( X_PARAMETROS_X_INFORME, L_ACTIVO, L_MULTIVALUDAO, L_OCULTO,
T_VALOR, EIL_INFORMES_X_INFORME, EIL_PARAMETROS_X_PARAMETRO ) VALUES (
-29, 1, 0, 0, 'Cadena', -13, -1);
INSERT INTO EIL_PARAMETROS_X_INFORME ( X_PARAMETROS_X_INFORME, L_ACTIVO, L_MULTIVALUDAO, L_OCULTO,
T_VALOR, EIL_INFORMES_X_INFORME, EIL_PARAMETROS_X_PARAMETRO ) VALUES (
-30, 1, 0, 0, 'Fecha', -13, -6);
INSERT INTO EIL_PARAMETROS_X_INFORME ( X_PARAMETROS_X_INFORME, L_ACTIVO, L_MULTIVALUDAO, L_OCULTO,
T_VALOR, EIL_INFORMES_X_INFORME, EIL_PARAMETROS_X_PARAMETRO ) VALUES (
-31, 1, 0, 0, 'Fecha', -13, -7);
INSERT INTO EIL_PARAMETROS_X_INFORME ( X_PARAMETROS_X_INFORME, L_ACTIVO, L_MULTIVALUDAO, L_OCULTO,
T_VALOR, EIL_INFORMES_X_INFORME, EIL_PARAMETROS_X_PARAMETRO ) VALUES (
-32, 1, 0, 0, 'Cadena', -14, -1);
INSERT INTO EIL_PARAMETROS_X_INFORME ( X_PARAMETROS_X_INFORME, L_ACTIVO, L_MULTIVALUDAO, L_OCULTO,
T_VALOR, EIL_INFORMES_X_INFORME, EIL_PARAMETROS_X_PARAMETRO ) VALUES (
-33, 1, 0, 0, 'Fecha', -14, -6);
INSERT INTO EIL_PARAMETROS_X_INFORME ( X_PARAMETROS_X_INFORME, L_ACTIVO, L_MULTIVALUDAO, L_OCULTO,
T_VALOR, EIL_INFORMES_X_INFORME, EIL_PARAMETROS_X_PARAMETRO ) VALUES (
-34, 1, 0, 0, 'Fecha', -14, -7);
INSERT INTO EIL_PARAMETROS_X_INFORME ( X_PARAMETROS_X_INFORME, L_ACTIVO, L_MULTIVALUDAO, L_OCULTO,
T_VALOR, EIL_INFORMES_X_INFORME, EIL_PARAMETROS_X_PARAMETRO ) VALUES (
-35, 1, 0, 0, 'Cadena', -15, -1);
INSERT INTO EIL_PARAMETROS_X_INFORME ( X_PARAMETROS_X_INFORME, L_ACTIVO, L_MULTIVALUDAO, L_OCULTO,
T_VALOR, EIL_INFORMES_X_INFORME, EIL_PARAMETROS_X_PARAMETRO ) VALUES (
-36, 1, 0, 0, 'Fecha', -15, -6);
INSERT INTO EIL_PARAMETROS_X_INFORME ( X_PARAMETROS_X_INFORME, L_ACTIVO, L_MULTIVALUDAO, L_OCULTO,
T_VALOR, EIL_INFORMES_X_INFORME, EIL_PARAMETROS_X_PARAMETRO ) VALUES (
-37, 1, 0, 0, 'Fecha', -15, -7);
INSERT INTO EIL_PARAMETROS_X_INFORME ( X_PARAMETROS_X_INFORME, L_ACTIVO, L_MULTIVALUDAO, L_OCULTO,
T_VALOR, EIL_INFORMES_X_INFORME, EIL_PARAMETROS_X_PARAMETRO ) VALUES (
-38, 1, 0, 0, 'Cadena', -16, -1);
INSERT INTO EIL_PARAMETROS_X_INFORME ( X_PARAMETROS_X_INFORME, L_ACTIVO, L_MULTIVALUDAO, L_OCULTO,
T_VALOR, EIL_INFORMES_X_INFORME, EIL_PARAMETROS_X_PARAMETRO ) VALUES (
-39, 1, 0, 0, 'Fecha', -16, -8);
INSERT INTO EIL_PARAMETROS_X_INFORME ( X_PARAMETROS_X_INFORME, L_ACTIVO, L_MULTIVALUDAO, L_OCULTO,
T_VALOR, EIL_INFORMES_X_INFORME, EIL_PARAMETROS_X_PARAMETRO ) VALUES (
-40, 1, 0, 0, 'Fecha', -16, -9);
INSERT INTO EIL_PARAMETROS_X_INFORME ( X_PARAMETROS_X_INFORME, L_ACTIVO, L_MULTIVALUDAO, L_OCULTO,
T_VALOR, EIL_INFORMES_X_INFORME, EIL_PARAMETROS_X_PARAMETRO ) VALUES (
-41, 1, 0, 0, 'Cadena', -17, -1);
INSERT INTO EIL_PARAMETROS_X_INFORME ( X_PARAMETROS_X_INFORME, L_ACTIVO, L_MULTIVALUDAO, L_OCULTO,
T_VALOR, EIL_INFORMES_X_INFORME, EIL_PARAMETROS_X_PARAMETRO ) VALUES (
-42, 1, 0, 0, 'Fecha', -17, -6);
INSERT INTO EIL_PARAMETROS_X_INFORME ( X_PARAMETROS_X_INFORME, L_ACTIVO, L_MULTIVALUDAO, L_OCULTO,
T_VALOR, EIL_INFORMES_X_INFORME, EIL_PARAMETROS_X_PARAMETRO ) VALUES (
-43, 1, 0, 0, 'Fecha', -17, -7);
INSERT INTO EIL_PARAMETROS_X_INFORME ( X_PARAMETROS_X_INFORME, L_ACTIVO, L_MULTIVALUDAO, L_OCULTO,
T_VALOR, EIL_INFORMES_X_INFORME, EIL_PARAMETROS_X_PARAMETRO ) VALUES (
-44, 1, 0, 0, 'Cadena', -18, -1);
INSERT INTO EIL_PARAMETROS_X_INFORME ( X_PARAMETROS_X_INFORME, L_ACTIVO, L_MULTIVALUDAO, L_OCULTO,
T_VALOR, EIL_INFORMES_X_INFORME, EIL_PARAMETROS_X_PARAMETRO ) VALUES (
-45, 1, 0, 0, 'Fecha', -18, -10);
INSERT INTO EIL_PARAMETROS_X_INFORME ( X_PARAMETROS_X_INFORME, L_ACTIVO, L_MULTIVALUDAO, L_OCULTO,
T_VALOR, EIL_INFORMES_X_INFORME, EIL_PARAMETROS_X_PARAMETRO ) VALUES (
-46, 1, 0, 0, 'Fecha', -18, -11);
INSERT INTO EIL_PARAMETROS_X_INFORME ( X_PARAMETROS_X_INFORME, L_ACTIVO, L_MULTIVALUDAO, L_OCULTO,
T_VALOR, EIL_INFORMES_X_INFORME, EIL_PARAMETROS_X_PARAMETRO ) VALUES (
-47, 1, 0, 0, 'Cadena', -19, -1);
INSERT INTO EIL_PARAMETROS_X_INFORME ( X_PARAMETROS_X_INFORME, L_ACTIVO, L_MULTIVALUDAO, L_OCULTO,
T_VALOR, EIL_INFORMES_X_INFORME, EIL_PARAMETROS_X_PARAMETRO ) VALUES (
-48, 1, 0, 0, 'Fecha', -19, -10);
INSERT INTO EIL_PARAMETROS_X_INFORME ( X_PARAMETROS_X_INFORME, L_ACTIVO, L_MULTIVALUDAO, L_OCULTO,
T_VALOR, EIL_INFORMES_X_INFORME, EIL_PARAMETROS_X_PARAMETRO ) VALUES (
-49, 1, 0, 0, 'Fecha', -19, -11);
INSERT INTO EIL_PARAMETROS_X_INFORME ( X_PARAMETROS_X_INFORME, L_ACTIVO, L_MULTIVALUDAO, L_OCULTO,
T_VALOR, EIL_INFORMES_X_INFORME, EIL_PARAMETROS_X_PARAMETRO ) VALUES (
-50, 1, 0, 0, 'Fecha', -19, -12);
INSERT INTO EIL_PARAMETROS_X_INFORME ( X_PARAMETROS_X_INFORME, L_ACTIVO, L_MULTIVALUDAO, L_OCULTO,
T_VALOR, EIL_INFORMES_X_INFORME, EIL_PARAMETROS_X_PARAMETRO ) VALUES (
-51, 1, 0, 0, 'Fecha', -19, -13);
INSERT INTO EIL_PARAMETROS_X_INFORME ( X_PARAMETROS_X_INFORME, L_ACTIVO, L_MULTIVALUDAO, L_OCULTO,
T_VALOR, EIL_INFORMES_X_INFORME, EIL_PARAMETROS_X_PARAMETRO ) VALUES (
-52, 1, 0, 0, 'Cadena', -20, -1);
INSERT INTO EIL_PARAMETROS_X_INFORME ( X_PARAMETROS_X_INFORME, L_ACTIVO, L_MULTIVALUDAO, L_OCULTO,
T_VALOR, EIL_INFORMES_X_INFORME, EIL_PARAMETROS_X_PARAMETRO ) VALUES (
-53, 1, 0, 0, 'Fecha', -20, -14);
INSERT INTO EIL_PARAMETROS_X_INFORME ( X_PARAMETROS_X_INFORME, L_ACTIVO, L_MULTIVALUDAO, L_OCULTO,
T_VALOR, EIL_INFORMES_X_INFORME, EIL_PARAMETROS_X_PARAMETRO ) VALUES (
-54, 1, 0, 0, 'Fecha', -20, -15);
INSERT INTO EIL_PARAMETROS_X_INFORME ( X_PARAMETROS_X_INFORME, L_ACTIVO, L_MULTIVALUDAO, L_OCULTO,
T_VALOR, EIL_INFORMES_X_INFORME, EIL_PARAMETROS_X_PARAMETRO ) VALUES (
-55, 1, 0, 0, 'Cadena', -21, -1);
INSERT INTO EIL_PARAMETROS_X_INFORME ( X_PARAMETROS_X_INFORME, L_ACTIVO, L_MULTIVALUDAO, L_OCULTO,
T_VALOR, EIL_INFORMES_X_INFORME, EIL_PARAMETROS_X_PARAMETRO ) VALUES (
-56, 1, 0, 0, 'Fecha', -21, -14);
INSERT INTO EIL_PARAMETROS_X_INFORME ( X_PARAMETROS_X_INFORME, L_ACTIVO, L_MULTIVALUDAO, L_OCULTO,
T_VALOR, EIL_INFORMES_X_INFORME, EIL_PARAMETROS_X_PARAMETRO ) VALUES (
-57, 1, 0, 0, 'Fecha', -21, -15);
INSERT INTO EIL_PARAMETROS_X_INFORME ( X_PARAMETROS_X_INFORME, L_ACTIVO, L_MULTIVALUDAO, L_OCULTO,
T_VALOR, EIL_INFORMES_X_INFORME, EIL_PARAMETROS_X_PARAMETRO ) VALUES (
-58, 1, 0, 0, 'Cadena', -22, -1);
INSERT INTO EIL_PARAMETROS_X_INFORME ( X_PARAMETROS_X_INFORME, L_ACTIVO, L_MULTIVALUDAO, L_OCULTO,
T_VALOR, EIL_INFORMES_X_INFORME, EIL_PARAMETROS_X_PARAMETRO ) VALUES (
-59, 1, 0, 0, 'Fecha', -22, -16);
INSERT INTO EIL_PARAMETROS_X_INFORME ( X_PARAMETROS_X_INFORME, L_ACTIVO, L_MULTIVALUDAO, L_OCULTO,
T_VALOR, EIL_INFORMES_X_INFORME, EIL_PARAMETROS_X_PARAMETRO ) VALUES (
-60, 1, 0, 0, 'Fecha', -22, -17);
INSERT INTO EIL_PARAMETROS_X_INFORME ( X_PARAMETROS_X_INFORME, L_ACTIVO, L_MULTIVALUDAO, L_OCULTO,
T_VALOR, EIL_INFORMES_X_INFORME, EIL_PARAMETROS_X_PARAMETRO ) VALUES (
-61, 1, 0, 0, 'Cadena', -23, -1);
INSERT INTO EIL_PARAMETROS_X_INFORME ( X_PARAMETROS_X_INFORME, L_ACTIVO, L_MULTIVALUDAO, L_OCULTO,
T_VALOR, EIL_INFORMES_X_INFORME, EIL_PARAMETROS_X_PARAMETRO ) VALUES (
-62, 1, 0, 0, 'Fecha', -23, -18);
INSERT INTO EIL_PARAMETROS_X_INFORME ( X_PARAMETROS_X_INFORME, L_ACTIVO, L_MULTIVALUDAO, L_OCULTO,
T_VALOR, EIL_INFORMES_X_INFORME, EIL_PARAMETROS_X_PARAMETRO ) VALUES (
-63, 1, 0, 0, 'Fecha', -23, -19);
INSERT INTO EIL_PARAMETROS_X_INFORME ( X_PARAMETROS_X_INFORME, L_ACTIVO, L_MULTIVALUDAO, L_OCULTO,
T_VALOR, EIL_INFORMES_X_INFORME, EIL_PARAMETROS_X_PARAMETRO ) VALUES (
-64, 1, 0, 0, 'Cadena', -24, -1);
INSERT INTO EIL_PARAMETROS_X_INFORME ( X_PARAMETROS_X_INFORME, L_ACTIVO, L_MULTIVALUDAO, L_OCULTO,
T_VALOR, EIL_INFORMES_X_INFORME, EIL_PARAMETROS_X_PARAMETRO ) VALUES (
-65, 1, 0, 0, 'Fecha', -24, -20);
INSERT INTO EIL_PARAMETROS_X_INFORME ( X_PARAMETROS_X_INFORME, L_ACTIVO, L_MULTIVALUDAO, L_OCULTO,
T_VALOR, EIL_INFORMES_X_INFORME, EIL_PARAMETROS_X_PARAMETRO ) VALUES (
-66, 1, 0, 0, 'Fecha', -24, -21);
commit;

INSERT INTO EIL_PLANTILLAS_X_INFORME ( X_PLANTILLA_INFORME, L_ACTIVO, L_DEFECTO, T_NOMBRE,
T_NOMBRE_ARCHIVO, T_NOTAS, EIL_INFORME_X_INFORME ) VALUES (
-5, 1, 1, 'Estadisticas de Desideratas', 'estadisticasBarrasTipoMes.jasper', 'Notas de Plantilla 2'
, -5);
INSERT INTO EIL_PLANTILLAS_X_INFORME ( X_PLANTILLA_INFORME, L_ACTIVO, L_DEFECTO, T_NOMBRE,
T_NOMBRE_ARCHIVO, T_NOTAS, EIL_INFORME_X_INFORME ) VALUES (
-6, 1, 1, 'Estadisticas de Desideratas Recibidas', 'estadisticasTorta.jasper', 'Notas de Plantilla 2'
, -6);
INSERT INTO EIL_PLANTILLAS_X_INFORME ( X_PLANTILLA_INFORME, L_ACTIVO, L_DEFECTO, T_NOMBRE,
T_NOMBRE_ARCHIVO, T_NOTAS, EIL_INFORME_X_INFORME ) VALUES (
-7, 1, 1, 'Estadisticas de Ejemplares por Localizacion', 'estadisticasTorta.jasper'
, 'Notas de Plantilla 1', -7);
INSERT INTO EIL_PLANTILLAS_X_INFORME ( X_PLANTILLA_INFORME, L_ACTIVO, L_DEFECTO, T_NOMBRE,
T_NOMBRE_ARCHIVO, T_NOTAS, EIL_INFORME_X_INFORME ) VALUES (
-8, 1, 1, 'Estadisticas de Ejemplares', 'estadisticasBarrasMes.jasper', 'Notas de Plantilla 2'
, -8);
INSERT INTO EIL_PLANTILLAS_X_INFORME ( X_PLANTILLA_INFORME, L_ACTIVO, L_DEFECTO, T_NOMBRE,
T_NOMBRE_ARCHIVO, T_NOTAS, EIL_INFORME_X_INFORME ) VALUES (
-9, 1, 1, 'Estadisticas de Ejemplares por Tipo', 'estadisticasTorta.jasper', 'Notas de Plantilla 3'
, -9);
INSERT INTO EIL_PLANTILLAS_X_INFORME ( X_PLANTILLA_INFORME, L_ACTIVO, L_DEFECTO, T_NOMBRE,
T_NOMBRE_ARCHIVO, T_NOTAS, EIL_INFORME_X_INFORME ) VALUES (
-10, 1, 1, 'Estadisticas de Ejemplares por Procedencia', 'estadisticasTorta.jasper'
, 'Notas de Plantilla 1', -10);
INSERT INTO EIL_PLANTILLAS_X_INFORME ( X_PLANTILLA_INFORME, L_ACTIVO, L_DEFECTO, T_NOMBRE,
T_NOMBRE_ARCHIVO, T_NOTAS, EIL_INFORME_X_INFORME ) VALUES (
-11, 1, 1, 'Estadisticas de Ejemplares por Tipo Material', 'estadisticasTorta.jasper'
, 'Notas de Plantilla 2', -11);
INSERT INTO EIL_PLANTILLAS_X_INFORME ( X_PLANTILLA_INFORME, L_ACTIVO, L_DEFECTO, T_NOMBRE,
T_NOMBRE_ARCHIVO, T_NOTAS, EIL_INFORME_X_INFORME ) VALUES (
-1, 1, 1, 'Estadisticas de Ejemplares por Situacion', 'estadisticasTorta.jasper', 'Notas de Plantilla 1'
, -1);
INSERT INTO EIL_PLANTILLAS_X_INFORME ( X_PLANTILLA_INFORME, L_ACTIVO, L_DEFECTO, T_NOMBRE,
T_NOMBRE_ARCHIVO, T_NOTAS, EIL_INFORME_X_INFORME ) VALUES (
-12, 1, 1, 'Estadisticas Prestamos InterBibliotecarios', 'estadisticasCirculacionBarras4.jasper'
, 'Notas de Plantilla 12', -12);
INSERT INTO EIL_PLANTILLAS_X_INFORME ( X_PLANTILLA_INFORME, L_ACTIVO, L_DEFECTO, T_NOMBRE,
T_NOMBRE_ARCHIVO, T_NOTAS, EIL_INFORME_X_INFORME ) VALUES (
-13, 1, 1, 'Estadisticas Prestamos Por Comunidad', 'estadisticasCirculacionBarras6.jasper'
, 'Notas de Plantilla 13', -13);
INSERT INTO EIL_PLANTILLAS_X_INFORME ( X_PLANTILLA_INFORME, L_ACTIVO, L_DEFECTO, T_NOMBRE,
T_NOMBRE_ARCHIVO, T_NOTAS, EIL_INFORME_X_INFORME ) VALUES (
-14, 1, 1, 'Estadisticas Prestamos Total (incl. Histo) Entre Fechas', 'estadisticasListado.jasper'
, 'Notas de Plantilla 14', -14);
INSERT INTO EIL_PLANTILLAS_X_INFORME ( X_PLANTILLA_INFORME, L_ACTIVO, L_DEFECTO, T_NOMBRE,
T_NOMBRE_ARCHIVO, T_NOTAS, EIL_INFORME_X_INFORME ) VALUES (
-15, 1, 1, 'Estadisticas Prestamos Totales (incl. Histo) Entre Fechas Por Tipo', 'estadisticasTorta.jasper'
, 'Notas de Plantilla 15', -15);
INSERT INTO EIL_PLANTILLAS_X_INFORME ( X_PLANTILLA_INFORME, L_ACTIVO, L_DEFECTO, T_NOMBRE,
T_NOMBRE_ARCHIVO, T_NOTAS, EIL_INFORME_X_INFORME ) VALUES (
-16, 1, 1, 'Estadisticas Reservas', 'circulacionTriple.jasper', 'Notas de Plantilla 16'
, -16);
INSERT INTO EIL_PLANTILLAS_X_INFORME ( X_PLANTILLA_INFORME, L_ACTIVO, L_DEFECTO, T_NOMBRE,
T_NOMBRE_ARCHIVO, T_NOTAS, EIL_INFORME_X_INFORME ) VALUES (
-17, 1, 1, 'Estadisticas Prestamos Sobrepasados (incl. Histo)', 'circulacionTripleTipo.jasper'
, 'Notas de Plantilla 17', -17);
INSERT INTO EIL_PLANTILLAS_X_INFORME ( X_PLANTILLA_INFORME, L_ACTIVO, L_DEFECTO, T_NOMBRE,
T_NOMBRE_ARCHIVO, T_NOTAS, EIL_INFORME_X_INFORME ) VALUES (
-18, 1, 1, 'Estadisticas de Lector por Tipos de Lector', 'estadisticasTorta.jasper'
, 'Notas de Plantilla 3', -18);
INSERT INTO EIL_PLANTILLAS_X_INFORME ( X_PLANTILLA_INFORME, L_ACTIVO, L_DEFECTO, T_NOMBRE,
T_NOMBRE_ARCHIVO, T_NOTAS, EIL_INFORME_X_INFORME ) VALUES (
-19, 1, 1, 'Estadisticas de Lector por Fecha de Alta y de Ultimo Uso', 'estadisticasBarrasTipoMes.jasper'
, 'Notas de Plantilla 1', -19);
INSERT INTO EIL_PLANTILLAS_X_INFORME ( X_PLANTILLA_INFORME, L_ACTIVO, L_DEFECTO, T_NOMBRE,
T_NOMBRE_ARCHIVO, T_NOTAS, EIL_INFORME_X_INFORME ) VALUES (
-20, 1, 1, 'Estadisticas de Mensajes por Tipo de Canal entre Fechas', 'estadisticasTorta.jasper'
, 'Notas de Plantilla 2', -20);
INSERT INTO EIL_PLANTILLAS_X_INFORME ( X_PLANTILLA_INFORME, L_ACTIVO, L_DEFECTO, T_NOMBRE,
T_NOMBRE_ARCHIVO, T_NOTAS, EIL_INFORME_X_INFORME ) VALUES (
-21, 1, 1, 'Estadisticas de Mensajes por Subsistemas entre Fechas', 'estadisticasTorta.jasper'
, 'Notas de Plantilla 3', -21);
INSERT INTO EIL_PLANTILLAS_X_INFORME ( X_PLANTILLA_INFORME, L_ACTIVO, L_DEFECTO, T_NOMBRE,
T_NOMBRE_ARCHIVO, T_NOTAS, EIL_INFORME_X_INFORME ) VALUES (
-22, 1, 1, 'Estadisticas de Mensajes Enviados', 'estadisticasBarrasMes.jasper', 'Notas de Plantilla 1'
, -22);
INSERT INTO EIL_PLANTILLAS_X_INFORME ( X_PLANTILLA_INFORME, L_ACTIVO, L_DEFECTO, T_NOMBRE,
T_NOMBRE_ARCHIVO, T_NOTAS, EIL_INFORME_X_INFORME ) VALUES (
-23, 1, 1, 'Numero de inicio de suscripciones por mes', 'estadisticasBarrasMes.jasper'
, 'Notas de Plantilla 23', -23);
INSERT INTO EIL_PLANTILLAS_X_INFORME ( X_PLANTILLA_INFORME, L_ACTIVO, L_DEFECTO, T_NOMBRE,
T_NOMBRE_ARCHIVO, T_NOTAS, EIL_INFORME_X_INFORME ) VALUES (
-24, 1, 1, 'Numero de fin de suscripciones por mes', 'estadisticasBarrasMes.jasper'
, 'Notas de Plantilla 24', -24);
INSERT INTO EIL_PLANTILLAS_X_INFORME ( X_PLANTILLA_INFORME, L_ACTIVO, L_DEFECTO, T_NOMBRE,
T_NOMBRE_ARCHIVO, T_NOTAS, EIL_INFORME_X_INFORME ) VALUES (
-25, 1, 1, 'Numeros de suscripciones recibidos en un mes', 'estadisticasBarrasMes.jasper'
, 'Notas de Plantilla 25', -25);
INSERT INTO EIL_PLANTILLAS_X_INFORME ( X_PLANTILLA_INFORME, L_ACTIVO, L_DEFECTO, T_NOMBRE,
T_NOMBRE_ARCHIVO, T_NOTAS, EIL_INFORME_X_INFORME ) VALUES (
-26, 1, 1, 'Estadisticas de suscripciones por estado', 'estadisticasTorta.jasper'
, 'Notas de Plantilla 26', -26);
INSERT INTO EIL_PLANTILLAS_X_INFORME ( X_PLANTILLA_INFORME, L_ACTIVO, L_DEFECTO, T_NOMBRE,
T_NOMBRE_ARCHIVO, T_NOTAS, EIL_INFORME_X_INFORME ) VALUES (
-27, 1, 1, 'Estadisticas de numeros de suscripciones previstos en un mes', 'estadisticasBarrasMes.jasper'
, 'Notas de Plantilla 27', -27);
commit;

INSERT INTO IEX_LOG ( X_LOG, F_FECHA_FIN, F_FECHA_INICIO, T_TEXTO,
TRANS_X_TRANSFORMJOB ) VALUES (
-1, TO_TIMESTAMP('02/08/2009 0:00:00.000000','DD/MM/YYYY fmHH24fm:MI:SS.FF'), TO_TIMESTAMP('01/08/2009 0:00:00.000000','DD/MM/YYYY fmHH24fm:MI:SS.FF')
, 'Build Successful', -1);
INSERT INTO IEX_LOG ( X_LOG, F_FECHA_FIN, F_FECHA_INICIO, T_TEXTO,
TRANS_X_TRANSFORMJOB ) VALUES (
-2, TO_TIMESTAMP('04/08/2009 0:00:00.000000','DD/MM/YYYY fmHH24fm:MI:SS.FF'), TO_TIMESTAMP('03/08/2009 0:00:00.000000','DD/MM/YYYY fmHH24fm:MI:SS.FF')
, 'Se ha producido un error.', -1);
INSERT INTO IEX_LOG ( X_LOG, F_FECHA_FIN, F_FECHA_INICIO, T_TEXTO,
TRANS_X_TRANSFORMJOB ) VALUES (
-3, TO_TIMESTAMP('04/08/2009 0:00:00.000000','DD/MM/YYYY fmHH24fm:MI:SS.FF'), TO_TIMESTAMP('01/08/2009 0:00:00.000000','DD/MM/YYYY fmHH24fm:MI:SS.FF')
, 'Build Successful', -1);
commit;

INSERT INTO IEX_TIPOS_TRANSFORMJOB ( X_TIPO_TRANSFORMJOB, C_TIPO_TRANSFORMJOB,
T_TIPO_TRANSFORMJOB ) VALUES (
-1, 'T', '#tipoTransformJob.transformacion');
INSERT INTO IEX_TIPOS_TRANSFORMJOB ( X_TIPO_TRANSFORMJOB, C_TIPO_TRANSFORMJOB,
T_TIPO_TRANSFORMJOB ) VALUES (
-2, 'J', '#tipoTransformJob.job');
commit;

INSERT INTO IEX_TRANSFORMACIONJOB ( X_TRANSFORMJOB, T_DESCRIPCION, T_DESCRIPCION_ALT,
F_FECHA_CREACION, F_FECHA_MODIFICACION, T_FICHERO_CONTENT_TYPE, T_FICHERO_NOMBRE, T_NAME,
T_USUARIO_AUTOR, T_USUARIO_MODIFIRADOR, T_XML, T_TIPO_X_TIPO_TRANS ) VALUES (
-1, 'Esta es una prueba de transformacion sencilla', 'Esta es una prueba de transformacion sencilla, alternativa'
, TO_TIMESTAMP('03/08/2009 0:00:00.000000','DD/MM/YYYY fmHH24fm:MI:SS.FF'), TO_TIMESTAMP('13/08/2009 0:00:00.000000','DD/MM/YYYY fmHH24fm:MI:SS.FF')
, NULL, NULL, 'Transformacion 1', 'jcisneros', 'aropero', NULL, -1);
INSERT INTO IEX_TRANSFORMACIONJOB ( X_TRANSFORMJOB, T_DESCRIPCION, T_DESCRIPCION_ALT,
F_FECHA_CREACION, F_FECHA_MODIFICACION, T_FICHERO_CONTENT_TYPE, T_FICHERO_NOMBRE, T_NAME,
T_USUARIO_AUTOR, T_USUARIO_MODIFIRADOR, T_XML, T_TIPO_X_TIPO_TRANS ) VALUES (
-2, 'Esta es una prueba de transformacion compleja', 'Esta es una prueba de transformacion compleja, alternativa'
, TO_TIMESTAMP('13/08/2009 0:00:00.000000','DD/MM/YYYY fmHH24fm:MI:SS.FF'), TO_TIMESTAMP('23/08/2009 0:00:00.000000','DD/MM/YYYY fmHH24fm:MI:SS.FF')
, NULL, NULL, 'Transformacion 2', 'aropero', 'jcisneros', NULL, -1);
INSERT INTO IEX_TRANSFORMACIONJOB ( X_TRANSFORMJOB, T_DESCRIPCION, T_DESCRIPCION_ALT,
F_FECHA_CREACION, F_FECHA_MODIFICACION, T_FICHERO_CONTENT_TYPE, T_FICHERO_NOMBRE, T_NAME,
T_USUARIO_AUTOR, T_USUARIO_MODIFIRADOR, T_XML, T_TIPO_X_TIPO_TRANS ) VALUES (
-3, 'Esta es una prueba de job sencilla', 'Esta es una prueba de job sencilla, alternativa'
, TO_TIMESTAMP('01/08/2009 0:00:00.000000','DD/MM/YYYY fmHH24fm:MI:SS.FF'), TO_TIMESTAMP('31/08/2009 0:00:00.000000','DD/MM/YYYY fmHH24fm:MI:SS.FF')
, NULL, NULL, 'Job 1', 'jcisneros', 'cyague', NULL, -2);
INSERT INTO IEX_TRANSFORMACIONJOB ( X_TRANSFORMJOB, T_DESCRIPCION, T_DESCRIPCION_ALT,
F_FECHA_CREACION, F_FECHA_MODIFICACION, T_FICHERO_CONTENT_TYPE, T_FICHERO_NOMBRE, T_NAME,
T_USUARIO_AUTOR, T_USUARIO_MODIFIRADOR, T_XML, T_TIPO_X_TIPO_TRANS ) VALUES (
-4, 'Esta es una prueba de job compleja', 'Esta es una prueba de job compleja, alternativa'
, TO_TIMESTAMP('01/08/2009 0:00:00.000000','DD/MM/YYYY fmHH24fm:MI:SS.FF'), TO_TIMESTAMP('15/08/2009 0:00:00.000000','DD/MM/YYYY fmHH24fm:MI:SS.FF')
, NULL, NULL, 'Job 2', 'cyague', 'jcisneros', NULL, -2);
commit;

INSERT INTO LEC_GENERADOR_SECUENCIAL ( X_GENERADOR_SECUENCIAL,
N_VALOR ) VALUES (
1, 0);
commit;

INSERT INTO LEC_LECTOR_DIRECCIONES ( X_LECTOR_DIRECCION, N_CODIGO_POSTAL, N_ORDEN, DIR_X_DIRECCION,
LEC_X_LECTOR ) VALUES (
-1, '54332', 1, -1, -1);
INSERT INTO LEC_LECTOR_DIRECCIONES ( X_LECTOR_DIRECCION, N_CODIGO_POSTAL, N_ORDEN, DIR_X_DIRECCION,
LEC_X_LECTOR ) VALUES (
-2, '34111', 2, -2, -1);
INSERT INTO LEC_LECTOR_DIRECCIONES ( X_LECTOR_DIRECCION, N_CODIGO_POSTAL, N_ORDEN, DIR_X_DIRECCION,
LEC_X_LECTOR ) VALUES (
-3, '41098', 1, -5, -2);
commit;

INSERT INTO LEC_LECTOR_ESTADOS ( X_LECTOR_ESTADO, C_CODIGO, T_ESTADO ) VALUES (
-1, 'A', '#lectorestado.activo');
INSERT INTO LEC_LECTOR_ESTADOS ( X_LECTOR_ESTADO, C_CODIGO, T_ESTADO ) VALUES (
-2, 'B', '#lectorestado.bloqueado');
INSERT INTO LEC_LECTOR_ESTADOS ( X_LECTOR_ESTADO, C_CODIGO, T_ESTADO ) VALUES (
-3, 'S', '#lectorestado.suspendido');
INSERT INTO LEC_LECTOR_ESTADOS ( X_LECTOR_ESTADO, C_CODIGO, T_ESTADO ) VALUES (
-4, 'O', '#lectorestado.pendiente');
INSERT INTO LEC_LECTOR_ESTADOS ( X_LECTOR_ESTADO, C_CODIGO, T_ESTADO ) VALUES (
-5, 'C', '#lectorestado.caducado');
INSERT INTO LEC_LECTOR_ESTADOS ( X_LECTOR_ESTADO, C_CODIGO, T_ESTADO ) VALUES (
-6, 'I', '#lectorestado.baja');
commit;

INSERT INTO LEC_LECTOR_TIPOS ( X_LECTOR_TIPO, L_VALOR_DEFECTO, LEC_X_LEC_LECTOR,
LEC_X_LEC_TIPO ) VALUES (
-1, 1, -1, -1);
INSERT INTO LEC_LECTOR_TIPOS ( X_LECTOR_TIPO, L_VALOR_DEFECTO, LEC_X_LEC_LECTOR,
LEC_X_LEC_TIPO ) VALUES (
-2, 0, -1, -2);
INSERT INTO LEC_LECTOR_TIPOS ( X_LECTOR_TIPO, L_VALOR_DEFECTO, LEC_X_LEC_LECTOR,
LEC_X_LEC_TIPO ) VALUES (
-3, 0, -2, -2);
INSERT INTO LEC_LECTOR_TIPOS ( X_LECTOR_TIPO, L_VALOR_DEFECTO, LEC_X_LEC_LECTOR,
LEC_X_LEC_TIPO ) VALUES (
-4, 1, -2, -3);
INSERT INTO LEC_LECTOR_TIPOS ( X_LECTOR_TIPO, L_VALOR_DEFECTO, LEC_X_LEC_LECTOR,
LEC_X_LEC_TIPO ) VALUES (
-5, 1, -3, -3);
INSERT INTO LEC_LECTOR_TIPOS ( X_LECTOR_TIPO, L_VALOR_DEFECTO, LEC_X_LEC_LECTOR,
LEC_X_LEC_TIPO ) VALUES (
-6, 0, -3, -4);
INSERT INTO LEC_LECTOR_TIPOS ( X_LECTOR_TIPO, L_VALOR_DEFECTO, LEC_X_LEC_LECTOR,
LEC_X_LEC_TIPO ) VALUES (
-7, 1, -4, -4);
INSERT INTO LEC_LECTOR_TIPOS ( X_LECTOR_TIPO, L_VALOR_DEFECTO, LEC_X_LEC_LECTOR,
LEC_X_LEC_TIPO ) VALUES (
-8, 0, -4, -1);
INSERT INTO LEC_LECTOR_TIPOS ( X_LECTOR_TIPO, L_VALOR_DEFECTO, LEC_X_LEC_LECTOR,
LEC_X_LEC_TIPO ) VALUES (
-9, 0, -5, -1);
INSERT INTO LEC_LECTOR_TIPOS ( X_LECTOR_TIPO, L_VALOR_DEFECTO, LEC_X_LEC_LECTOR,
LEC_X_LEC_TIPO ) VALUES (
-10, 1, -5, -2);
INSERT INTO LEC_LECTOR_TIPOS ( X_LECTOR_TIPO, L_VALOR_DEFECTO, LEC_X_LEC_LECTOR,
LEC_X_LEC_TIPO ) VALUES (
-11, 1, -6, -2);
INSERT INTO LEC_LECTOR_TIPOS ( X_LECTOR_TIPO, L_VALOR_DEFECTO, LEC_X_LEC_LECTOR,
LEC_X_LEC_TIPO ) VALUES (
-12, 0, -6, -3);
INSERT INTO LEC_LECTOR_TIPOS ( X_LECTOR_TIPO, L_VALOR_DEFECTO, LEC_X_LEC_LECTOR,
LEC_X_LEC_TIPO ) VALUES (
-13, 0, -7, -3);
INSERT INTO LEC_LECTOR_TIPOS ( X_LECTOR_TIPO, L_VALOR_DEFECTO, LEC_X_LEC_LECTOR,
LEC_X_LEC_TIPO ) VALUES (
-14, 1, -7, -4);
INSERT INTO LEC_LECTOR_TIPOS ( X_LECTOR_TIPO, L_VALOR_DEFECTO, LEC_X_LEC_LECTOR,
LEC_X_LEC_TIPO ) VALUES (
-15, 0, -8, -4);
INSERT INTO LEC_LECTOR_TIPOS ( X_LECTOR_TIPO, L_VALOR_DEFECTO, LEC_X_LEC_LECTOR,
LEC_X_LEC_TIPO ) VALUES (
-16, 1, -8, -1);
INSERT INTO LEC_LECTOR_TIPOS ( X_LECTOR_TIPO, L_VALOR_DEFECTO, LEC_X_LEC_LECTOR,
LEC_X_LEC_TIPO ) VALUES (
-17, 0, -9, -1);
INSERT INTO LEC_LECTOR_TIPOS ( X_LECTOR_TIPO, L_VALOR_DEFECTO, LEC_X_LEC_LECTOR,
LEC_X_LEC_TIPO ) VALUES (
-18, 1, -9, -2);
INSERT INTO LEC_LECTOR_TIPOS ( X_LECTOR_TIPO, L_VALOR_DEFECTO, LEC_X_LEC_LECTOR,
LEC_X_LEC_TIPO ) VALUES (
-19, 1, -10, -2);
INSERT INTO LEC_LECTOR_TIPOS ( X_LECTOR_TIPO, L_VALOR_DEFECTO, LEC_X_LEC_LECTOR,
LEC_X_LEC_TIPO ) VALUES (
-20, 0, -10, -3);
INSERT INTO LEC_LECTOR_TIPOS ( X_LECTOR_TIPO, L_VALOR_DEFECTO, LEC_X_LEC_LECTOR,
LEC_X_LEC_TIPO ) VALUES (
-21, 0, -101, -1);
INSERT INTO LEC_LECTOR_TIPOS ( X_LECTOR_TIPO, L_VALOR_DEFECTO, LEC_X_LEC_LECTOR,
LEC_X_LEC_TIPO ) VALUES (
-22, 0, -101, -2);
INSERT INTO LEC_LECTOR_TIPOS ( X_LECTOR_TIPO, L_VALOR_DEFECTO, LEC_X_LEC_LECTOR,
LEC_X_LEC_TIPO ) VALUES (
-23, 1, -101, -3);
INSERT INTO LEC_LECTOR_TIPOS ( X_LECTOR_TIPO, L_VALOR_DEFECTO, LEC_X_LEC_LECTOR,
LEC_X_LEC_TIPO ) VALUES (
-24, 0, -101, -4);
INSERT INTO LEC_LECTOR_TIPOS ( X_LECTOR_TIPO, L_VALOR_DEFECTO, LEC_X_LEC_LECTOR,
LEC_X_LEC_TIPO ) VALUES (
-25, 0, -101, -5);
INSERT INTO LEC_LECTOR_TIPOS ( X_LECTOR_TIPO, L_VALOR_DEFECTO, LEC_X_LEC_LECTOR,
LEC_X_LEC_TIPO ) VALUES (
-26, 0, -102, -1);
INSERT INTO LEC_LECTOR_TIPOS ( X_LECTOR_TIPO, L_VALOR_DEFECTO, LEC_X_LEC_LECTOR,
LEC_X_LEC_TIPO ) VALUES (
-27, 0, -102, -2);
INSERT INTO LEC_LECTOR_TIPOS ( X_LECTOR_TIPO, L_VALOR_DEFECTO, LEC_X_LEC_LECTOR,
LEC_X_LEC_TIPO ) VALUES (
-28, 1, -102, -3);
INSERT INTO LEC_LECTOR_TIPOS ( X_LECTOR_TIPO, L_VALOR_DEFECTO, LEC_X_LEC_LECTOR,
LEC_X_LEC_TIPO ) VALUES (
-29, 0, -102, -4);
INSERT INTO LEC_LECTOR_TIPOS ( X_LECTOR_TIPO, L_VALOR_DEFECTO, LEC_X_LEC_LECTOR,
LEC_X_LEC_TIPO ) VALUES (
-30, 0, -102, -5);
INSERT INTO LEC_LECTOR_TIPOS ( X_LECTOR_TIPO, L_VALOR_DEFECTO, LEC_X_LEC_LECTOR,
LEC_X_LEC_TIPO ) VALUES (
-31, 0, -103, -1);
INSERT INTO LEC_LECTOR_TIPOS ( X_LECTOR_TIPO, L_VALOR_DEFECTO, LEC_X_LEC_LECTOR,
LEC_X_LEC_TIPO ) VALUES (
-32, 0, -103, -2);
INSERT INTO LEC_LECTOR_TIPOS ( X_LECTOR_TIPO, L_VALOR_DEFECTO, LEC_X_LEC_LECTOR,
LEC_X_LEC_TIPO ) VALUES (
-33, 1, -103, -3);
INSERT INTO LEC_LECTOR_TIPOS ( X_LECTOR_TIPO, L_VALOR_DEFECTO, LEC_X_LEC_LECTOR,
LEC_X_LEC_TIPO ) VALUES (
-34, 0, -103, -4);
INSERT INTO LEC_LECTOR_TIPOS ( X_LECTOR_TIPO, L_VALOR_DEFECTO, LEC_X_LEC_LECTOR,
LEC_X_LEC_TIPO ) VALUES (
-35, 0, -103, -5);
INSERT INTO LEC_LECTOR_TIPOS ( X_LECTOR_TIPO, L_VALOR_DEFECTO, LEC_X_LEC_LECTOR,
LEC_X_LEC_TIPO ) VALUES (
-36, 0, -104, -1);
INSERT INTO LEC_LECTOR_TIPOS ( X_LECTOR_TIPO, L_VALOR_DEFECTO, LEC_X_LEC_LECTOR,
LEC_X_LEC_TIPO ) VALUES (
-37, 0, -104, -2);
INSERT INTO LEC_LECTOR_TIPOS ( X_LECTOR_TIPO, L_VALOR_DEFECTO, LEC_X_LEC_LECTOR,
LEC_X_LEC_TIPO ) VALUES (
-38, 1, -104, -3);
INSERT INTO LEC_LECTOR_TIPOS ( X_LECTOR_TIPO, L_VALOR_DEFECTO, LEC_X_LEC_LECTOR,
LEC_X_LEC_TIPO ) VALUES (
-39, 0, -104, -4);
INSERT INTO LEC_LECTOR_TIPOS ( X_LECTOR_TIPO, L_VALOR_DEFECTO, LEC_X_LEC_LECTOR,
LEC_X_LEC_TIPO ) VALUES (
-40, 0, -104, -5);
INSERT INTO LEC_LECTOR_TIPOS ( X_LECTOR_TIPO, L_VALOR_DEFECTO, LEC_X_LEC_LECTOR,
LEC_X_LEC_TIPO ) VALUES (
-41, 0, -105, -1);
INSERT INTO LEC_LECTOR_TIPOS ( X_LECTOR_TIPO, L_VALOR_DEFECTO, LEC_X_LEC_LECTOR,
LEC_X_LEC_TIPO ) VALUES (
-42, 0, -105, -2);
INSERT INTO LEC_LECTOR_TIPOS ( X_LECTOR_TIPO, L_VALOR_DEFECTO, LEC_X_LEC_LECTOR,
LEC_X_LEC_TIPO ) VALUES (
-43, 1, -105, -3);
INSERT INTO LEC_LECTOR_TIPOS ( X_LECTOR_TIPO, L_VALOR_DEFECTO, LEC_X_LEC_LECTOR,
LEC_X_LEC_TIPO ) VALUES (
-44, 0, -105, -4);
INSERT INTO LEC_LECTOR_TIPOS ( X_LECTOR_TIPO, L_VALOR_DEFECTO, LEC_X_LEC_LECTOR,
LEC_X_LEC_TIPO ) VALUES (
-45, 0, -105, -5);
commit;

INSERT INTO LEC_LECTORES ( X_LECTOR, L_BORRADO_DATOS, T_CLAVE, N_CODIGO_BARRAS, T_DNI,
T_DNI_ALTERNATIVO, T_FAX, F_FECHA_ALTA, F_FECHA_CADUCIDAD, F_FECHA_NACIMIENTO, F_FECHA_RENOVACION,
F_FECHA_SUSPENSION_DESDE, F_FECHA_SUSPENSION_HASTA, F_FECHA_ULTIMO_USO,
F_FECHA_ULTIMO_USO_BIBLIOTECA, T_IMAGEN, T_IMAGEN_CONTENT_TYPE, T_IMAGEN_NOMBRE_FICHERO, T_MENSAJE,
T_MENSAJE_CIRCULACION, T_NOMBRE, N_NUMERO_LECTOR, L_IND_PENDIENTE_IMPRIMIR, T_PRIMER_APELLIDO,
T_SEGUNDO_APELLIDO, D_SEXO, L_USUARIO_ASOCIADO, T_USUARIO_PORTAL, BIB_X_BIOBLIOTECA,
LEC_X_LEC_ESTADO, LEC_X_LEC_LECTOR, LEC_X_LEC_MOTIVO_BLOQUEO, ADM_X_ADM_TIPO_IDENTIFICACION,
LEC_X_LEC_LECTOR_TRATAMIENTO ) VALUES (
-1, 0, 'usuario', '100000001', '23200115S', NULL, '987456321', TO_TIMESTAMP('06/11/2008 0:00:00.000000','DD/MM/YYYY fmHH24fm:MI:SS.FF')
, TO_TIMESTAMP('06/11/2008 0:00:00.000000','DD/MM/YYYY fmHH24fm:MI:SS.FF'), TO_TIMESTAMP('16/01/1979 0:00:00.000000','DD/MM/YYYY fmHH24fm:MI:SS.FF')
, TO_TIMESTAMP('06/11/2009 0:00:00.000000','DD/MM/YYYY fmHH24fm:MI:SS.FF'), TO_TIMESTAMP('06/11/2008 0:00:00.000000','DD/MM/YYYY fmHH24fm:MI:SS.FF')
, TO_TIMESTAMP('06/11/2008 0:00:00.000000','DD/MM/YYYY fmHH24fm:MI:SS.FF'), TO_TIMESTAMP('06/11/2008 0:00:00.000000','DD/MM/YYYY fmHH24fm:MI:SS.FF')
, TO_TIMESTAMP('06/11/2008 0:00:00.000000','DD/MM/YYYY fmHH24fm:MI:SS.FF'), NULL, NULL
, NULL, 'Prueba de mensaje', 'Prueba de mensaje de circulacion', 'Lector_nombre', '100000001'
, NULL, 'Lector_p_apellido', 'Lector_s_apellido', '1', NULL, NULL, -4, -1, NULL, NULL
, -3, -1);
INSERT INTO LEC_LECTORES ( X_LECTOR, L_BORRADO_DATOS, T_CLAVE, N_CODIGO_BARRAS, T_DNI,
T_DNI_ALTERNATIVO, T_FAX, F_FECHA_ALTA, F_FECHA_CADUCIDAD, F_FECHA_NACIMIENTO, F_FECHA_RENOVACION,
F_FECHA_SUSPENSION_DESDE, F_FECHA_SUSPENSION_HASTA, F_FECHA_ULTIMO_USO,
F_FECHA_ULTIMO_USO_BIBLIOTECA, T_IMAGEN, T_IMAGEN_CONTENT_TYPE, T_IMAGEN_NOMBRE_FICHERO, T_MENSAJE,
T_MENSAJE_CIRCULACION, T_NOMBRE, N_NUMERO_LECTOR, L_IND_PENDIENTE_IMPRIMIR, T_PRIMER_APELLIDO,
T_SEGUNDO_APELLIDO, D_SEXO, L_USUARIO_ASOCIADO, T_USUARIO_PORTAL, BIB_X_BIOBLIOTECA,
LEC_X_LEC_ESTADO, LEC_X_LEC_LECTOR, LEC_X_LEC_MOTIVO_BLOQUEO, ADM_X_ADM_TIPO_IDENTIFICACION,
LEC_X_LEC_LECTOR_TRATAMIENTO ) VALUES (
-2, 0, 'usuario', '100000002', '19831101H', NULL, '987456321', TO_TIMESTAMP('06/11/2008 0:00:00.000000','DD/MM/YYYY fmHH24fm:MI:SS.FF')
, TO_TIMESTAMP('06/11/2008 0:00:00.000000','DD/MM/YYYY fmHH24fm:MI:SS.FF'), TO_TIMESTAMP('06/11/2008 0:00:00.000000','DD/MM/YYYY fmHH24fm:MI:SS.FF')
, TO_TIMESTAMP('06/11/2008 0:00:00.000000','DD/MM/YYYY fmHH24fm:MI:SS.FF'), TO_TIMESTAMP('06/11/2008 0:00:00.000000','DD/MM/YYYY fmHH24fm:MI:SS.FF')
, TO_TIMESTAMP('06/11/2008 0:00:00.000000','DD/MM/YYYY fmHH24fm:MI:SS.FF'), TO_TIMESTAMP('06/11/2008 0:00:00.000000','DD/MM/YYYY fmHH24fm:MI:SS.FF')
, TO_TIMESTAMP('06/11/2008 0:00:00.000000','DD/MM/YYYY fmHH24fm:MI:SS.FF'), NULL, NULL
, NULL, 'Prueba de mensaje', 'Prueba de mensaje de circulacion', 'Nombre Usuario 002'
, '100000002', NULL, 'Primer apellido 002', 'Segundo apellido 002', '1', NULL, NULL
, -4, -1, NULL, NULL, -3, -1);
INSERT INTO LEC_LECTORES ( X_LECTOR, L_BORRADO_DATOS, T_CLAVE, N_CODIGO_BARRAS, T_DNI,
T_DNI_ALTERNATIVO, T_FAX, F_FECHA_ALTA, F_FECHA_CADUCIDAD, F_FECHA_NACIMIENTO, F_FECHA_RENOVACION,
F_FECHA_SUSPENSION_DESDE, F_FECHA_SUSPENSION_HASTA, F_FECHA_ULTIMO_USO,
F_FECHA_ULTIMO_USO_BIBLIOTECA, T_IMAGEN, T_IMAGEN_CONTENT_TYPE, T_IMAGEN_NOMBRE_FICHERO, T_MENSAJE,
T_MENSAJE_CIRCULACION, T_NOMBRE, N_NUMERO_LECTOR, L_IND_PENDIENTE_IMPRIMIR, T_PRIMER_APELLIDO,
T_SEGUNDO_APELLIDO, D_SEXO, L_USUARIO_ASOCIADO, T_USUARIO_PORTAL, BIB_X_BIOBLIOTECA,
LEC_X_LEC_ESTADO, LEC_X_LEC_LECTOR, LEC_X_LEC_MOTIVO_BLOQUEO, ADM_X_ADM_TIPO_IDENTIFICACION,
LEC_X_LEC_LECTOR_TRATAMIENTO ) VALUES (
-3, 0, 'usuario', '100000003', '23072007V', NULL, '987456321', TO_TIMESTAMP('06/11/2008 0:00:00.000000','DD/MM/YYYY fmHH24fm:MI:SS.FF')
, TO_TIMESTAMP('06/11/2011 0:00:00.000000','DD/MM/YYYY fmHH24fm:MI:SS.FF'), TO_TIMESTAMP('06/11/2008 0:00:00.000000','DD/MM/YYYY fmHH24fm:MI:SS.FF')
, TO_TIMESTAMP('06/11/2008 0:00:00.000000','DD/MM/YYYY fmHH24fm:MI:SS.FF'), TO_TIMESTAMP('06/11/2008 0:00:00.000000','DD/MM/YYYY fmHH24fm:MI:SS.FF')
, TO_TIMESTAMP('06/11/2008 0:00:00.000000','DD/MM/YYYY fmHH24fm:MI:SS.FF'), TO_TIMESTAMP('06/11/2008 0:00:00.000000','DD/MM/YYYY fmHH24fm:MI:SS.FF')
, TO_TIMESTAMP('06/11/2008 0:00:00.000000','DD/MM/YYYY fmHH24fm:MI:SS.FF'), NULL, NULL
, NULL, 'Prueba de mensaje', 'Prueba de mensaje de circulacion', 'Nombre Usuario 003'
, '100000003', NULL, 'Primer apellido 003', 'Segundo apellido 003', '1', NULL, NULL
, -6, -1, NULL, NULL, -3, -1);
INSERT INTO LEC_LECTORES ( X_LECTOR, L_BORRADO_DATOS, T_CLAVE, N_CODIGO_BARRAS, T_DNI,
T_DNI_ALTERNATIVO, T_FAX, F_FECHA_ALTA, F_FECHA_CADUCIDAD, F_FECHA_NACIMIENTO, F_FECHA_RENOVACION,
F_FECHA_SUSPENSION_DESDE, F_FECHA_SUSPENSION_HASTA, F_FECHA_ULTIMO_USO,
F_FECHA_ULTIMO_USO_BIBLIOTECA, T_IMAGEN, T_IMAGEN_CONTENT_TYPE, T_IMAGEN_NOMBRE_FICHERO, T_MENSAJE,
T_MENSAJE_CIRCULACION, T_NOMBRE, N_NUMERO_LECTOR, L_IND_PENDIENTE_IMPRIMIR, T_PRIMER_APELLIDO,
T_SEGUNDO_APELLIDO, D_SEXO, L_USUARIO_ASOCIADO, T_USUARIO_PORTAL, BIB_X_BIOBLIOTECA,
LEC_X_LEC_ESTADO, LEC_X_LEC_LECTOR, LEC_X_LEC_MOTIVO_BLOQUEO, ADM_X_ADM_TIPO_IDENTIFICACION,
LEC_X_LEC_LECTOR_TRATAMIENTO ) VALUES (
-4, 0, 'usuario', '100000004', '11666889R', NULL, '987456321', TO_TIMESTAMP('06/11/2008 0:00:00.000000','DD/MM/YYYY fmHH24fm:MI:SS.FF')
, TO_TIMESTAMP('06/11/2011 0:00:00.000000','DD/MM/YYYY fmHH24fm:MI:SS.FF'), TO_TIMESTAMP('06/11/2008 0:00:00.000000','DD/MM/YYYY fmHH24fm:MI:SS.FF')
, TO_TIMESTAMP('06/11/2008 0:00:00.000000','DD/MM/YYYY fmHH24fm:MI:SS.FF'), NULL, NULL
, TO_TIMESTAMP('06/11/2008 0:00:00.000000','DD/MM/YYYY fmHH24fm:MI:SS.FF'), TO_TIMESTAMP('06/11/2008 0:00:00.000000','DD/MM/YYYY fmHH24fm:MI:SS.FF')
, NULL, NULL, NULL, 'Prueba de mensaje', 'Prueba de mensaje de circulacion', 'Nombre Usuario 004'
, '100000004', NULL, 'Primer apellido 004', 'Segundo apellido 004', '1', NULL, NULL
, -7, -2, NULL, NULL, -3, -1);
INSERT INTO LEC_LECTORES ( X_LECTOR, L_BORRADO_DATOS, T_CLAVE, N_CODIGO_BARRAS, T_DNI,
T_DNI_ALTERNATIVO, T_FAX, F_FECHA_ALTA, F_FECHA_CADUCIDAD, F_FECHA_NACIMIENTO, F_FECHA_RENOVACION,
F_FECHA_SUSPENSION_DESDE, F_FECHA_SUSPENSION_HASTA, F_FECHA_ULTIMO_USO,
F_FECHA_ULTIMO_USO_BIBLIOTECA, T_IMAGEN, T_IMAGEN_CONTENT_TYPE, T_IMAGEN_NOMBRE_FICHERO, T_MENSAJE,
T_MENSAJE_CIRCULACION, T_NOMBRE, N_NUMERO_LECTOR, L_IND_PENDIENTE_IMPRIMIR, T_PRIMER_APELLIDO,
T_SEGUNDO_APELLIDO, D_SEXO, L_USUARIO_ASOCIADO, T_USUARIO_PORTAL, BIB_X_BIOBLIOTECA,
LEC_X_LEC_ESTADO, LEC_X_LEC_LECTOR, LEC_X_LEC_MOTIVO_BLOQUEO, ADM_X_ADM_TIPO_IDENTIFICACION,
LEC_X_LEC_LECTOR_TRATAMIENTO ) VALUES (
-5, 0, 'usuario', '100000005', '24245234Z', NULL, '987456321', TO_TIMESTAMP('06/11/2008 0:00:00.000000','DD/MM/YYYY fmHH24fm:MI:SS.FF')
, TO_TIMESTAMP('06/11/2008 0:00:00.000000','DD/MM/YYYY fmHH24fm:MI:SS.FF'), TO_TIMESTAMP('06/11/2008 0:00:00.000000','DD/MM/YYYY fmHH24fm:MI:SS.FF')
, TO_TIMESTAMP('06/11/2008 0:00:00.000000','DD/MM/YYYY fmHH24fm:MI:SS.FF'), TO_TIMESTAMP('06/11/2008 0:00:00.000000','DD/MM/YYYY fmHH24fm:MI:SS.FF')
, TO_TIMESTAMP('06/11/2008 0:00:00.000000','DD/MM/YYYY fmHH24fm:MI:SS.FF'), TO_TIMESTAMP('06/11/2008 0:00:00.000000','DD/MM/YYYY fmHH24fm:MI:SS.FF')
, TO_TIMESTAMP('06/11/2008 0:00:00.000000','DD/MM/YYYY fmHH24fm:MI:SS.FF'), NULL, NULL
, NULL, 'Prueba de mensaje', 'Prueba de mensaje de circulacion', 'Nombre Usuario 005'
, '100000005', NULL, 'Primer apellido 005', 'Segundo apellido 005', '1', NULL, NULL
, -7, -1, NULL, NULL, -3, -1);
INSERT INTO LEC_LECTORES ( X_LECTOR, L_BORRADO_DATOS, T_CLAVE, N_CODIGO_BARRAS, T_DNI,
T_DNI_ALTERNATIVO, T_FAX, F_FECHA_ALTA, F_FECHA_CADUCIDAD, F_FECHA_NACIMIENTO, F_FECHA_RENOVACION,
F_FECHA_SUSPENSION_DESDE, F_FECHA_SUSPENSION_HASTA, F_FECHA_ULTIMO_USO,
F_FECHA_ULTIMO_USO_BIBLIOTECA, T_IMAGEN, T_IMAGEN_CONTENT_TYPE, T_IMAGEN_NOMBRE_FICHERO, T_MENSAJE,
T_MENSAJE_CIRCULACION, T_NOMBRE, N_NUMERO_LECTOR, L_IND_PENDIENTE_IMPRIMIR, T_PRIMER_APELLIDO,
T_SEGUNDO_APELLIDO, D_SEXO, L_USUARIO_ASOCIADO, T_USUARIO_PORTAL, BIB_X_BIOBLIOTECA,
LEC_X_LEC_ESTADO, LEC_X_LEC_LECTOR, LEC_X_LEC_MOTIVO_BLOQUEO, ADM_X_ADM_TIPO_IDENTIFICACION,
LEC_X_LEC_LECTOR_TRATAMIENTO ) VALUES (
-6, 0, 'usuario', '100000006', '24242785A', NULL, '987456321', TO_TIMESTAMP('06/11/2008 0:00:00.000000','DD/MM/YYYY fmHH24fm:MI:SS.FF')
, TO_TIMESTAMP('06/11/2008 0:00:00.000000','DD/MM/YYYY fmHH24fm:MI:SS.FF'), TO_TIMESTAMP('06/11/2008 0:00:00.000000','DD/MM/YYYY fmHH24fm:MI:SS.FF')
, TO_TIMESTAMP('06/11/2008 0:00:00.000000','DD/MM/YYYY fmHH24fm:MI:SS.FF'), TO_TIMESTAMP('06/11/2008 0:00:00.000000','DD/MM/YYYY fmHH24fm:MI:SS.FF')
, TO_TIMESTAMP('06/11/2008 0:00:00.000000','DD/MM/YYYY fmHH24fm:MI:SS.FF'), TO_TIMESTAMP('06/11/2008 0:00:00.000000','DD/MM/YYYY fmHH24fm:MI:SS.FF')
, TO_TIMESTAMP('06/11/2008 0:00:00.000000','DD/MM/YYYY fmHH24fm:MI:SS.FF'), NULL, NULL
, NULL, 'Prueba de mensaje', 'Prueba de mensaje de circulacion', 'Nombre Usuario 006'
, '100000006', NULL, 'Primer apellido 006', 'Segundo apellido 006', '1', NULL, NULL
, -7, -1, NULL, NULL, -3, -1);
INSERT INTO LEC_LECTORES ( X_LECTOR, L_BORRADO_DATOS, T_CLAVE, N_CODIGO_BARRAS, T_DNI,
T_DNI_ALTERNATIVO, T_FAX, F_FECHA_ALTA, F_FECHA_CADUCIDAD, F_FECHA_NACIMIENTO, F_FECHA_RENOVACION,
F_FECHA_SUSPENSION_DESDE, F_FECHA_SUSPENSION_HASTA, F_FECHA_ULTIMO_USO,
F_FECHA_ULTIMO_USO_BIBLIOTECA, T_IMAGEN, T_IMAGEN_CONTENT_TYPE, T_IMAGEN_NOMBRE_FICHERO, T_MENSAJE,
T_MENSAJE_CIRCULACION, T_NOMBRE, N_NUMERO_LECTOR, L_IND_PENDIENTE_IMPRIMIR, T_PRIMER_APELLIDO,
T_SEGUNDO_APELLIDO, D_SEXO, L_USUARIO_ASOCIADO, T_USUARIO_PORTAL, BIB_X_BIOBLIOTECA,
LEC_X_LEC_ESTADO, LEC_X_LEC_LECTOR, LEC_X_LEC_MOTIVO_BLOQUEO, ADM_X_ADM_TIPO_IDENTIFICACION,
LEC_X_LEC_LECTOR_TRATAMIENTO ) VALUES (
-7, 0, 'usuario', '100000007', '54086765B', NULL, '987456321', TO_TIMESTAMP('06/11/2008 0:00:00.000000','DD/MM/YYYY fmHH24fm:MI:SS.FF')
, TO_TIMESTAMP('06/11/2008 0:00:00.000000','DD/MM/YYYY fmHH24fm:MI:SS.FF'), TO_TIMESTAMP('06/11/2008 0:00:00.000000','DD/MM/YYYY fmHH24fm:MI:SS.FF')
, TO_TIMESTAMP('06/11/2008 0:00:00.000000','DD/MM/YYYY fmHH24fm:MI:SS.FF'), TO_TIMESTAMP('06/11/2008 0:00:00.000000','DD/MM/YYYY fmHH24fm:MI:SS.FF')
, TO_TIMESTAMP('06/11/2008 0:00:00.000000','DD/MM/YYYY fmHH24fm:MI:SS.FF'), TO_TIMESTAMP('06/11/2008 0:00:00.000000','DD/MM/YYYY fmHH24fm:MI:SS.FF')
, TO_TIMESTAMP('06/11/2008 0:00:00.000000','DD/MM/YYYY fmHH24fm:MI:SS.FF'), NULL, NULL
, NULL, 'Prueba de mensaje', 'Prueba de mensaje de circulacion', 'Nombre Usuario 007'
, '100000007', NULL, 'Primer apellido 007', 'Segundo apellido 007', '1', NULL, NULL
, -13, -1, NULL, NULL, -3, -1);
INSERT INTO LEC_LECTORES ( X_LECTOR, L_BORRADO_DATOS, T_CLAVE, N_CODIGO_BARRAS, T_DNI,
T_DNI_ALTERNATIVO, T_FAX, F_FECHA_ALTA, F_FECHA_CADUCIDAD, F_FECHA_NACIMIENTO, F_FECHA_RENOVACION,
F_FECHA_SUSPENSION_DESDE, F_FECHA_SUSPENSION_HASTA, F_FECHA_ULTIMO_USO,
F_FECHA_ULTIMO_USO_BIBLIOTECA, T_IMAGEN, T_IMAGEN_CONTENT_TYPE, T_IMAGEN_NOMBRE_FICHERO, T_MENSAJE,
T_MENSAJE_CIRCULACION, T_NOMBRE, N_NUMERO_LECTOR, L_IND_PENDIENTE_IMPRIMIR, T_PRIMER_APELLIDO,
T_SEGUNDO_APELLIDO, D_SEXO, L_USUARIO_ASOCIADO, T_USUARIO_PORTAL, BIB_X_BIOBLIOTECA,
LEC_X_LEC_ESTADO, LEC_X_LEC_LECTOR, LEC_X_LEC_MOTIVO_BLOQUEO, ADM_X_ADM_TIPO_IDENTIFICACION,
LEC_X_LEC_LECTOR_TRATAMIENTO ) VALUES (
-8, 0, 'usuario', '100000008', '11665486R', NULL, '987456321', TO_TIMESTAMP('06/11/2008 0:00:00.000000','DD/MM/YYYY fmHH24fm:MI:SS.FF')
, TO_TIMESTAMP('06/11/2008 0:00:00.000000','DD/MM/YYYY fmHH24fm:MI:SS.FF'), TO_TIMESTAMP('06/11/2008 0:00:00.000000','DD/MM/YYYY fmHH24fm:MI:SS.FF')
, TO_TIMESTAMP('06/11/2008 0:00:00.000000','DD/MM/YYYY fmHH24fm:MI:SS.FF'), TO_TIMESTAMP('06/11/2008 0:00:00.000000','DD/MM/YYYY fmHH24fm:MI:SS.FF')
, TO_TIMESTAMP('06/11/2008 0:00:00.000000','DD/MM/YYYY fmHH24fm:MI:SS.FF'), TO_TIMESTAMP('06/11/2008 0:00:00.000000','DD/MM/YYYY fmHH24fm:MI:SS.FF')
, TO_TIMESTAMP('06/11/2008 0:00:00.000000','DD/MM/YYYY fmHH24fm:MI:SS.FF'), NULL, NULL
, NULL, 'Prueba de mensaje', 'Prueba de mensaje de circulacion', 'Nombre Usuario 008'
, '100000008', NULL, 'Primer apellido 008', 'Segundo apellido 008', '1', NULL, NULL
, -16, -1, NULL, NULL, -3, -1);
INSERT INTO LEC_LECTORES ( X_LECTOR, L_BORRADO_DATOS, T_CLAVE, N_CODIGO_BARRAS, T_DNI,
T_DNI_ALTERNATIVO, T_FAX, F_FECHA_ALTA, F_FECHA_CADUCIDAD, F_FECHA_NACIMIENTO, F_FECHA_RENOVACION,
F_FECHA_SUSPENSION_DESDE, F_FECHA_SUSPENSION_HASTA, F_FECHA_ULTIMO_USO,
F_FECHA_ULTIMO_USO_BIBLIOTECA, T_IMAGEN, T_IMAGEN_CONTENT_TYPE, T_IMAGEN_NOMBRE_FICHERO, T_MENSAJE,
T_MENSAJE_CIRCULACION, T_NOMBRE, N_NUMERO_LECTOR, L_IND_PENDIENTE_IMPRIMIR, T_PRIMER_APELLIDO,
T_SEGUNDO_APELLIDO, D_SEXO, L_USUARIO_ASOCIADO, T_USUARIO_PORTAL, BIB_X_BIOBLIOTECA,
LEC_X_LEC_ESTADO, LEC_X_LEC_LECTOR, LEC_X_LEC_MOTIVO_BLOQUEO, ADM_X_ADM_TIPO_IDENTIFICACION,
LEC_X_LEC_LECTOR_TRATAMIENTO ) VALUES (
-9, 0, 'usuario', '100000009', '44654684T', NULL, '987456321', TO_TIMESTAMP('06/11/2008 0:00:00.000000','DD/MM/YYYY fmHH24fm:MI:SS.FF')
, TO_TIMESTAMP('06/11/2008 0:00:00.000000','DD/MM/YYYY fmHH24fm:MI:SS.FF'), TO_TIMESTAMP('06/11/2008 0:00:00.000000','DD/MM/YYYY fmHH24fm:MI:SS.FF')
, TO_TIMESTAMP('06/11/2008 0:00:00.000000','DD/MM/YYYY fmHH24fm:MI:SS.FF'), TO_TIMESTAMP('06/11/2008 0:00:00.000000','DD/MM/YYYY fmHH24fm:MI:SS.FF')
, TO_TIMESTAMP('06/11/2008 0:00:00.000000','DD/MM/YYYY fmHH24fm:MI:SS.FF'), TO_TIMESTAMP('06/11/2008 0:00:00.000000','DD/MM/YYYY fmHH24fm:MI:SS.FF')
, TO_TIMESTAMP('06/11/2008 0:00:00.000000','DD/MM/YYYY fmHH24fm:MI:SS.FF'), NULL, NULL
, NULL, 'Prueba de mensaje', 'Prueba de mensaje de circulacion', 'Nombre Usuario 009'
, '100000009', NULL, 'Primer apellido 009', 'Segundo apellido 009', '1', NULL, NULL
, -18, -1, NULL, NULL, -3, -1);
INSERT INTO LEC_LECTORES ( X_LECTOR, L_BORRADO_DATOS, T_CLAVE, N_CODIGO_BARRAS, T_DNI,
T_DNI_ALTERNATIVO, T_FAX, F_FECHA_ALTA, F_FECHA_CADUCIDAD, F_FECHA_NACIMIENTO, F_FECHA_RENOVACION,
F_FECHA_SUSPENSION_DESDE, F_FECHA_SUSPENSION_HASTA, F_FECHA_ULTIMO_USO,
F_FECHA_ULTIMO_USO_BIBLIOTECA, T_IMAGEN, T_IMAGEN_CONTENT_TYPE, T_IMAGEN_NOMBRE_FICHERO, T_MENSAJE,
T_MENSAJE_CIRCULACION, T_NOMBRE, N_NUMERO_LECTOR, L_IND_PENDIENTE_IMPRIMIR, T_PRIMER_APELLIDO,
T_SEGUNDO_APELLIDO, D_SEXO, L_USUARIO_ASOCIADO, T_USUARIO_PORTAL, BIB_X_BIOBLIOTECA,
LEC_X_LEC_ESTADO, LEC_X_LEC_LECTOR, LEC_X_LEC_MOTIVO_BLOQUEO, ADM_X_ADM_TIPO_IDENTIFICACION,
LEC_X_LEC_LECTOR_TRATAMIENTO ) VALUES (
-10, 0, 'usuario', '123456789', '43168786V', NULL, '987456321', TO_TIMESTAMP('06/11/2008 0:00:00.000000','DD/MM/YYYY fmHH24fm:MI:SS.FF')
, TO_TIMESTAMP('06/11/2025 0:00:00.000000','DD/MM/YYYY fmHH24fm:MI:SS.FF'), TO_TIMESTAMP('06/11/2008 0:00:00.000000','DD/MM/YYYY fmHH24fm:MI:SS.FF')
, TO_TIMESTAMP('06/11/2008 0:00:00.000000','DD/MM/YYYY fmHH24fm:MI:SS.FF'), TO_TIMESTAMP('06/11/2008 0:00:00.000000','DD/MM/YYYY fmHH24fm:MI:SS.FF')
, TO_TIMESTAMP('06/11/2008 0:00:00.000000','DD/MM/YYYY fmHH24fm:MI:SS.FF'), TO_TIMESTAMP('06/11/2008 0:00:00.000000','DD/MM/YYYY fmHH24fm:MI:SS.FF')
, TO_TIMESTAMP('06/11/2008 0:00:00.000000','DD/MM/YYYY fmHH24fm:MI:SS.FF'), NULL, NULL
, NULL, 'Prueba de mensaje', 'Prueba de mensaje de circulacion', 'Nombre Usuario 010'
, '123456789', NULL, 'Primer apellido 010', 'Segundo apellido 010', '1', NULL, NULL
, -18, -1, NULL, NULL, -3, -1);
INSERT INTO LEC_LECTORES ( X_LECTOR, L_BORRADO_DATOS, T_CLAVE, N_CODIGO_BARRAS, T_DNI,
T_DNI_ALTERNATIVO, T_FAX, F_FECHA_ALTA, F_FECHA_CADUCIDAD, F_FECHA_NACIMIENTO, F_FECHA_RENOVACION,
F_FECHA_SUSPENSION_DESDE, F_FECHA_SUSPENSION_HASTA, F_FECHA_ULTIMO_USO,
F_FECHA_ULTIMO_USO_BIBLIOTECA, T_IMAGEN, T_IMAGEN_CONTENT_TYPE, T_IMAGEN_NOMBRE_FICHERO, T_MENSAJE,
T_MENSAJE_CIRCULACION, T_NOMBRE, N_NUMERO_LECTOR, L_IND_PENDIENTE_IMPRIMIR, T_PRIMER_APELLIDO,
T_SEGUNDO_APELLIDO, D_SEXO, L_USUARIO_ASOCIADO, T_USUARIO_PORTAL, BIB_X_BIOBLIOTECA,
LEC_X_LEC_ESTADO, LEC_X_LEC_LECTOR, LEC_X_LEC_MOTIVO_BLOQUEO, ADM_X_ADM_TIPO_IDENTIFICACION,
LEC_X_LEC_LECTOR_TRATAMIENTO ) VALUES (
-101, 0, 'jcisneros', '1', '44578342H', NULL, '9222222222', TO_TIMESTAMP('06/11/2008 0:00:00.000000','DD/MM/YYYY fmHH24fm:MI:SS.FF')
, TO_TIMESTAMP('06/11/2010 0:00:00.000000','DD/MM/YYYY fmHH24fm:MI:SS.FF'), TO_TIMESTAMP('06/10/1981 0:00:00.000000','DD/MM/YYYY fmHH24fm:MI:SS.FF')
, TO_TIMESTAMP('06/12/2009 0:00:00.000000','DD/MM/YYYY fmHH24fm:MI:SS.FF'), NULL, NULL
, TO_TIMESTAMP('06/11/2008 0:00:00.000000','DD/MM/YYYY fmHH24fm:MI:SS.FF'), TO_TIMESTAMP('06/11/2008 0:00:00.000000','DD/MM/YYYY fmHH24fm:MI:SS.FF')
, NULL, NULL, NULL, 'Prueba de mensaje', 'Prueba de mensaje de circulacion', 'Javier'
, '1', NULL, 'Cisneros', 'Gonzalez', '1', NULL, NULL, -7, -1, NULL, NULL, -3, -1);
INSERT INTO LEC_LECTORES ( X_LECTOR, L_BORRADO_DATOS, T_CLAVE, N_CODIGO_BARRAS, T_DNI,
T_DNI_ALTERNATIVO, T_FAX, F_FECHA_ALTA, F_FECHA_CADUCIDAD, F_FECHA_NACIMIENTO, F_FECHA_RENOVACION,
F_FECHA_SUSPENSION_DESDE, F_FECHA_SUSPENSION_HASTA, F_FECHA_ULTIMO_USO,
F_FECHA_ULTIMO_USO_BIBLIOTECA, T_IMAGEN, T_IMAGEN_CONTENT_TYPE, T_IMAGEN_NOMBRE_FICHERO, T_MENSAJE,
T_MENSAJE_CIRCULACION, T_NOMBRE, N_NUMERO_LECTOR, L_IND_PENDIENTE_IMPRIMIR, T_PRIMER_APELLIDO,
T_SEGUNDO_APELLIDO, D_SEXO, L_USUARIO_ASOCIADO, T_USUARIO_PORTAL, BIB_X_BIOBLIOTECA,
LEC_X_LEC_ESTADO, LEC_X_LEC_LECTOR, LEC_X_LEC_MOTIVO_BLOQUEO, ADM_X_ADM_TIPO_IDENTIFICACION,
LEC_X_LEC_LECTOR_TRATAMIENTO ) VALUES (
-102, 0, 'asantamaria', '2', '12341234H', NULL, '9222222223', TO_TIMESTAMP('06/11/2008 0:00:00.000000','DD/MM/YYYY fmHH24fm:MI:SS.FF')
, TO_TIMESTAMP('06/11/2010 0:00:00.000000','DD/MM/YYYY fmHH24fm:MI:SS.FF'), TO_TIMESTAMP('06/10/1981 0:00:00.000000','DD/MM/YYYY fmHH24fm:MI:SS.FF')
, TO_TIMESTAMP('06/12/2009 0:00:00.000000','DD/MM/YYYY fmHH24fm:MI:SS.FF'), NULL, NULL
, TO_TIMESTAMP('06/11/2008 0:00:00.000000','DD/MM/YYYY fmHH24fm:MI:SS.FF'), TO_TIMESTAMP('06/11/2008 0:00:00.000000','DD/MM/YYYY fmHH24fm:MI:SS.FF')
, NULL, NULL, NULL, NULL, NULL, 'Alejandro', '2', NULL, 'Santamaria', 'Vazquez', '1'
, NULL, NULL, -7, -2, NULL, NULL, -3, -1);
INSERT INTO LEC_LECTORES ( X_LECTOR, L_BORRADO_DATOS, T_CLAVE, N_CODIGO_BARRAS, T_DNI,
T_DNI_ALTERNATIVO, T_FAX, F_FECHA_ALTA, F_FECHA_CADUCIDAD, F_FECHA_NACIMIENTO, F_FECHA_RENOVACION,
F_FECHA_SUSPENSION_DESDE, F_FECHA_SUSPENSION_HASTA, F_FECHA_ULTIMO_USO,
F_FECHA_ULTIMO_USO_BIBLIOTECA, T_IMAGEN, T_IMAGEN_CONTENT_TYPE, T_IMAGEN_NOMBRE_FICHERO, T_MENSAJE,
T_MENSAJE_CIRCULACION, T_NOMBRE, N_NUMERO_LECTOR, L_IND_PENDIENTE_IMPRIMIR, T_PRIMER_APELLIDO,
T_SEGUNDO_APELLIDO, D_SEXO, L_USUARIO_ASOCIADO, T_USUARIO_PORTAL, BIB_X_BIOBLIOTECA,
LEC_X_LEC_ESTADO, LEC_X_LEC_LECTOR, LEC_X_LEC_MOTIVO_BLOQUEO, ADM_X_ADM_TIPO_IDENTIFICACION,
LEC_X_LEC_LECTOR_TRATAMIENTO ) VALUES (
-103, 0, 'aropero', '3', '12341234H', NULL, '9222222222', TO_TIMESTAMP('06/11/2008 0:00:00.000000','DD/MM/YYYY fmHH24fm:MI:SS.FF')
, TO_TIMESTAMP('06/11/2010 0:00:00.000000','DD/MM/YYYY fmHH24fm:MI:SS.FF'), TO_TIMESTAMP('06/10/1981 0:00:00.000000','DD/MM/YYYY fmHH24fm:MI:SS.FF')
, TO_TIMESTAMP('06/12/2009 0:00:00.000000','DD/MM/YYYY fmHH24fm:MI:SS.FF'), TO_TIMESTAMP('06/11/2009 0:00:00.000000','DD/MM/YYYY fmHH24fm:MI:SS.FF')
, TO_TIMESTAMP('06/11/2010 0:00:00.000000','DD/MM/YYYY fmHH24fm:MI:SS.FF'), TO_TIMESTAMP('06/11/2008 0:00:00.000000','DD/MM/YYYY fmHH24fm:MI:SS.FF')
, TO_TIMESTAMP('06/11/2008 0:00:00.000000','DD/MM/YYYY fmHH24fm:MI:SS.FF'), NULL, NULL
, NULL, 'Prueba de mensaje', 'Prueba de mensaje de circulacion', 'Alicia', '3', NULL
, 'Ropero', 'Haro', '0', NULL, NULL, -7, -3, NULL, NULL, -3, -1);
INSERT INTO LEC_LECTORES ( X_LECTOR, L_BORRADO_DATOS, T_CLAVE, N_CODIGO_BARRAS, T_DNI,
T_DNI_ALTERNATIVO, T_FAX, F_FECHA_ALTA, F_FECHA_CADUCIDAD, F_FECHA_NACIMIENTO, F_FECHA_RENOVACION,
F_FECHA_SUSPENSION_DESDE, F_FECHA_SUSPENSION_HASTA, F_FECHA_ULTIMO_USO,
F_FECHA_ULTIMO_USO_BIBLIOTECA, T_IMAGEN, T_IMAGEN_CONTENT_TYPE, T_IMAGEN_NOMBRE_FICHERO, T_MENSAJE,
T_MENSAJE_CIRCULACION, T_NOMBRE, N_NUMERO_LECTOR, L_IND_PENDIENTE_IMPRIMIR, T_PRIMER_APELLIDO,
T_SEGUNDO_APELLIDO, D_SEXO, L_USUARIO_ASOCIADO, T_USUARIO_PORTAL, BIB_X_BIOBLIOTECA,
LEC_X_LEC_ESTADO, LEC_X_LEC_LECTOR, LEC_X_LEC_MOTIVO_BLOQUEO, ADM_X_ADM_TIPO_IDENTIFICACION,
LEC_X_LEC_LECTOR_TRATAMIENTO ) VALUES (
-104, 0, 'jpserrano', '4', '44578342H', NULL, '9222222222', TO_TIMESTAMP('06/11/2008 0:00:00.000000','DD/MM/YYYY fmHH24fm:MI:SS.FF')
, TO_TIMESTAMP('06/11/2010 0:00:00.000000','DD/MM/YYYY fmHH24fm:MI:SS.FF'), TO_TIMESTAMP('06/10/1981 0:00:00.000000','DD/MM/YYYY fmHH24fm:MI:SS.FF')
, TO_TIMESTAMP('06/12/2009 0:00:00.000000','DD/MM/YYYY fmHH24fm:MI:SS.FF'), NULL, NULL
, TO_TIMESTAMP('06/11/2008 0:00:00.000000','DD/MM/YYYY fmHH24fm:MI:SS.FF'), TO_TIMESTAMP('06/11/2008 0:00:00.000000','DD/MM/YYYY fmHH24fm:MI:SS.FF')
, NULL, NULL, NULL, 'Prueba de mensaje', 'Prueba de mensaje de circulacion', 'Juan Pablo'
, '4', NULL, 'Serrano', 'Chaves', '1', NULL, NULL, -7, -4, NULL, NULL, -3, -1);
INSERT INTO LEC_LECTORES ( X_LECTOR, L_BORRADO_DATOS, T_CLAVE, N_CODIGO_BARRAS, T_DNI,
T_DNI_ALTERNATIVO, T_FAX, F_FECHA_ALTA, F_FECHA_CADUCIDAD, F_FECHA_NACIMIENTO, F_FECHA_RENOVACION,
F_FECHA_SUSPENSION_DESDE, F_FECHA_SUSPENSION_HASTA, F_FECHA_ULTIMO_USO,
F_FECHA_ULTIMO_USO_BIBLIOTECA, T_IMAGEN, T_IMAGEN_CONTENT_TYPE, T_IMAGEN_NOMBRE_FICHERO, T_MENSAJE,
T_MENSAJE_CIRCULACION, T_NOMBRE, N_NUMERO_LECTOR, L_IND_PENDIENTE_IMPRIMIR, T_PRIMER_APELLIDO,
T_SEGUNDO_APELLIDO, D_SEXO, L_USUARIO_ASOCIADO, T_USUARIO_PORTAL, BIB_X_BIOBLIOTECA,
LEC_X_LEC_ESTADO, LEC_X_LEC_LECTOR, LEC_X_LEC_MOTIVO_BLOQUEO, ADM_X_ADM_TIPO_IDENTIFICACION,
LEC_X_LEC_LECTOR_TRATAMIENTO ) VALUES (
-105, 0, 'jcsanjuan', '5', '12341234H', NULL, '9222222222', TO_TIMESTAMP('06/11/2008 0:00:00.000000','DD/MM/YYYY fmHH24fm:MI:SS.FF')
, TO_TIMESTAMP('06/11/2010 0:00:00.000000','DD/MM/YYYY fmHH24fm:MI:SS.FF'), TO_TIMESTAMP('06/10/1981 0:00:00.000000','DD/MM/YYYY fmHH24fm:MI:SS.FF')
, TO_TIMESTAMP('06/12/2009 0:00:00.000000','DD/MM/YYYY fmHH24fm:MI:SS.FF'), NULL, NULL
, TO_TIMESTAMP('06/11/2008 0:00:00.000000','DD/MM/YYYY fmHH24fm:MI:SS.FF'), TO_TIMESTAMP('06/11/2008 0:00:00.000000','DD/MM/YYYY fmHH24fm:MI:SS.FF')
, NULL, NULL, NULL, 'Prueba de mensaje', 'Prueba de mensaje de circulacion', 'Jose Carlos'
, '5', NULL, 'Sanjuan', 'Cardenas', '1', NULL, NULL, -7, -5, NULL, NULL, -3, -1);
commit;

INSERT INTO LEC_MOTIVO_BLOQUEOS ( X_MOTIVO_BLOQUEO, T_MOTIVO ) VALUES (
-1, '#motivobloqueo.malEstado');
INSERT INTO LEC_MOTIVO_BLOQUEOS ( X_MOTIVO_BLOQUEO, T_MOTIVO ) VALUES (
-2, '#motivobloqueo.usoInapropiado');
INSERT INTO LEC_MOTIVO_BLOQUEOS ( X_MOTIVO_BLOQUEO, T_MOTIVO ) VALUES (
-3, '#motivobloqueo.textosInapropiados');
INSERT INTO LEC_MOTIVO_BLOQUEOS ( X_MOTIVO_BLOQUEO, T_MOTIVO ) VALUES (
-4, '#motivobloqueo.comportamientoIncorrecto');
commit;

INSERT INTO LEC_TIPO_LECTORES ( X_TIPO_LECTOR, N_MAX_DIAS_SUSPENSION, N_MAX_PRESTAMOS_DOM,
N_MAX_RESERVAS, L_PRESTAMO_EJEMPLARES_IDENTICS, L_PRESTAMO_RENOVACION_SI_SOBRE,
L_RESERVA_EJEMPLARES_IDENTICOS, L_RESERVA_SI_SOBREPASADOS, N_CARTA_DISPON_RESERV_OPCIONS,
N_CARTA_RECLAMACION_OPCIONES, N_CODIGO_TIPO_LECTOR, T_DESCRIPCION_TIPO_LECTOR,
T_DESCRIP_TIPO_LECTOR_ALT, N_DIAS_RETIRADA_RESERVA, N_NCIP_VALOR, N_ORDEN, N_PLAZO_CADUCIDAD,
N_PLAZO_RENOVACION, N_PRIOR_RESERVAS_POR_DEFECTO ) VALUES (
-1, 30, 5, 50, 0, 0, 1, 0, 1, 0, '1', '#tipolector.generico', 'Generico', 5, 1, 4
, 0, 0, 10);
INSERT INTO LEC_TIPO_LECTORES ( X_TIPO_LECTOR, N_MAX_DIAS_SUSPENSION, N_MAX_PRESTAMOS_DOM,
N_MAX_RESERVAS, L_PRESTAMO_EJEMPLARES_IDENTICS, L_PRESTAMO_RENOVACION_SI_SOBRE,
L_RESERVA_EJEMPLARES_IDENTICOS, L_RESERVA_SI_SOBREPASADOS, N_CARTA_DISPON_RESERV_OPCIONS,
N_CARTA_RECLAMACION_OPCIONES, N_CODIGO_TIPO_LECTOR, T_DESCRIPCION_TIPO_LECTOR,
T_DESCRIP_TIPO_LECTOR_ALT, N_DIAS_RETIRADA_RESERVA, N_NCIP_VALOR, N_ORDEN, N_PLAZO_CADUCIDAD,
N_PLAZO_RENOVACION, N_PRIOR_RESERVAS_POR_DEFECTO ) VALUES (
-2, 30, 5, 50, 0, 0, 1, 0, 2, 0, '2', '#tipolector.clubLectura', 'Club de Lectura'
, 5, 2, 3, 0, 0, 10);
INSERT INTO LEC_TIPO_LECTORES ( X_TIPO_LECTOR, N_MAX_DIAS_SUSPENSION, N_MAX_PRESTAMOS_DOM,
N_MAX_RESERVAS, L_PRESTAMO_EJEMPLARES_IDENTICS, L_PRESTAMO_RENOVACION_SI_SOBRE,
L_RESERVA_EJEMPLARES_IDENTICOS, L_RESERVA_SI_SOBREPASADOS, N_CARTA_DISPON_RESERV_OPCIONS,
N_CARTA_RECLAMACION_OPCIONES, N_CODIGO_TIPO_LECTOR, T_DESCRIPCION_TIPO_LECTOR,
T_DESCRIP_TIPO_LECTOR_ALT, N_DIAS_RETIRADA_RESERVA, N_NCIP_VALOR, N_ORDEN, N_PLAZO_CADUCIDAD,
N_PLAZO_RENOVACION, N_PRIOR_RESERVAS_POR_DEFECTO ) VALUES (
-3, 30, 5, 50, 0, 0, 1, 0, 0, 0, '3', '#tipolector.adulto', 'Adulto', 5, 3, 1, 0, 0
, 10);
INSERT INTO LEC_TIPO_LECTORES ( X_TIPO_LECTOR, N_MAX_DIAS_SUSPENSION, N_MAX_PRESTAMOS_DOM,
N_MAX_RESERVAS, L_PRESTAMO_EJEMPLARES_IDENTICS, L_PRESTAMO_RENOVACION_SI_SOBRE,
L_RESERVA_EJEMPLARES_IDENTICOS, L_RESERVA_SI_SOBREPASADOS, N_CARTA_DISPON_RESERV_OPCIONS,
N_CARTA_RECLAMACION_OPCIONES, N_CODIGO_TIPO_LECTOR, T_DESCRIPCION_TIPO_LECTOR,
T_DESCRIP_TIPO_LECTOR_ALT, N_DIAS_RETIRADA_RESERVA, N_NCIP_VALOR, N_ORDEN, N_PLAZO_CADUCIDAD,
N_PLAZO_RENOVACION, N_PRIOR_RESERVAS_POR_DEFECTO ) VALUES (
-4, 30, 5, 50, 0, 0, 1, 0, 3, 0, '4', '#tipolector.infantil', 'Infantil', 5, 4, 2
, 0, 0, 10);
INSERT INTO LEC_TIPO_LECTORES ( X_TIPO_LECTOR, N_MAX_DIAS_SUSPENSION, N_MAX_PRESTAMOS_DOM,
N_MAX_RESERVAS, L_PRESTAMO_EJEMPLARES_IDENTICS, L_PRESTAMO_RENOVACION_SI_SOBRE,
L_RESERVA_EJEMPLARES_IDENTICOS, L_RESERVA_SI_SOBREPASADOS, N_CARTA_DISPON_RESERV_OPCIONS,
N_CARTA_RECLAMACION_OPCIONES, N_CODIGO_TIPO_LECTOR, T_DESCRIPCION_TIPO_LECTOR,
T_DESCRIP_TIPO_LECTOR_ALT, N_DIAS_RETIRADA_RESERVA, N_NCIP_VALOR, N_ORDEN, N_PLAZO_CADUCIDAD,
N_PLAZO_RENOVACION, N_PRIOR_RESERVAS_POR_DEFECTO ) VALUES (
-5, 30, 5, 50, 0, 0, 1, 0, 0, 0, '5', '#tipolector.lectorInstitucional', 'Lector institucional'
, 5, 5, 5, 0, 0, 10);
commit;

INSERT INTO MEN_CANALES_INFORMACION ( X_CANAL_INFORMACION, L_ACCION_BIBLIOTECARIO, T_DESCRIPCION,
T_NOMBRE ) VALUES (
-1, 1, 'notificacion.descTelefono', '#notificacion.telefono');
INSERT INTO MEN_CANALES_INFORMACION ( X_CANAL_INFORMACION, L_ACCION_BIBLIOTECARIO, T_DESCRIPCION,
T_NOMBRE ) VALUES (
-3, 1, 'notificacion.descEmail', '#notificacion.email');
commit;

INSERT INTO MEN_DSI_CANALES_INFORMACION ( X_DSI_CANALES_INFORMACION, C_PRIORIDAD,
CAN_X_CANAL_INFORMACION, DSI_X_DSI_CATALOGO ) VALUES (
-1, 1, -1, -1);
INSERT INTO MEN_DSI_CANALES_INFORMACION ( X_DSI_CANALES_INFORMACION, C_PRIORIDAD,
CAN_X_CANAL_INFORMACION, DSI_X_DSI_CATALOGO ) VALUES (
-2, 1, -1, -2);
INSERT INTO MEN_DSI_CANALES_INFORMACION ( X_DSI_CANALES_INFORMACION, C_PRIORIDAD,
CAN_X_CANAL_INFORMACION, DSI_X_DSI_CATALOGO ) VALUES (
-3, 1, -1, -3);
INSERT INTO MEN_DSI_CANALES_INFORMACION ( X_DSI_CANALES_INFORMACION, C_PRIORIDAD,
CAN_X_CANAL_INFORMACION, DSI_X_DSI_CATALOGO ) VALUES (
-4, 1, -3, -6);
INSERT INTO MEN_DSI_CANALES_INFORMACION ( X_DSI_CANALES_INFORMACION, C_PRIORIDAD,
CAN_X_CANAL_INFORMACION, DSI_X_DSI_CATALOGO ) VALUES (
-5, 0, -1, -6);
commit;

INSERT INTO MEN_DSI_CATALOGO ( X_DSI_CATALOGO, L_ACTIVO, T_COD_TIPONOTIFICACION, T_DESCRIPCION,
L_ENVIO_OBLIGATORIO, T_NOMBRE, GRU_X_GRUPOS_FUNCIONALES ) VALUES (
-1, 1, 'COD0001', 'Descripcion mensajeria', 1, 'Notificacion mensajeria', -6);
INSERT INTO MEN_DSI_CATALOGO ( X_DSI_CATALOGO, L_ACTIVO, T_COD_TIPONOTIFICACION, T_DESCRIPCION,
L_ENVIO_OBLIGATORIO, T_NOMBRE, GRU_X_GRUPOS_FUNCIONALES ) VALUES (
-2, 1, 'COD0002', 'Desc estadisticas', 1, 'Notificacion estadisticas', -8);
INSERT INTO MEN_DSI_CATALOGO ( X_DSI_CATALOGO, L_ACTIVO, T_COD_TIPONOTIFICACION, T_DESCRIPCION,
L_ENVIO_OBLIGATORIO, T_NOMBRE, GRU_X_GRUPOS_FUNCIONALES ) VALUES (
-3, 0, 'COD0003', 'Desc estadisticas', 0, 'Notificacion gen. estadisticas', -10);
INSERT INTO MEN_DSI_CATALOGO ( X_DSI_CATALOGO, L_ACTIVO, T_COD_TIPONOTIFICACION, T_DESCRIPCION,
L_ENVIO_OBLIGATORIO, T_NOMBRE, GRU_X_GRUPOS_FUNCIONALES ) VALUES (
-4, 0, 'COD0004', 'Desc tareas ptes.', 0, 'Notificacion tareas pendientes', -11);
INSERT INTO MEN_DSI_CATALOGO ( X_DSI_CATALOGO, L_ACTIVO, T_COD_TIPONOTIFICACION, T_DESCRIPCION,
L_ENVIO_OBLIGATORIO, T_NOMBRE, GRU_X_GRUPOS_FUNCIONALES ) VALUES (
-5, 0, 'COD0005', 'Desc lectores', 0, 'Notificacion lectores', -5);
INSERT INTO MEN_DSI_CATALOGO ( X_DSI_CATALOGO, L_ACTIVO, T_COD_TIPONOTIFICACION, T_DESCRIPCION,
L_ENVIO_OBLIGATORIO, T_NOMBRE, GRU_X_GRUPOS_FUNCIONALES ) VALUES (
-6, 1, 'COD0006', 'Notificacion al pasar una desiderata al estado Aceptada', 0, 'Desideratas aceptadas'
, -1);
commit;

INSERT INTO MEN_DSI_LECTOR ( X_DSI_LECTOR, L_ENVIAR, CAN_X_CANAL_INFORMACION, LEC_X_LECTOR,
DSI_X_DSI_CATALOGO ) VALUES (
-1, 1, -1, -1, -1);
INSERT INTO MEN_DSI_LECTOR ( X_DSI_LECTOR, L_ENVIAR, CAN_X_CANAL_INFORMACION, LEC_X_LECTOR,
DSI_X_DSI_CATALOGO ) VALUES (
-3, 1, -1, -1, -2);
INSERT INTO MEN_DSI_LECTOR ( X_DSI_LECTOR, L_ENVIAR, CAN_X_CANAL_INFORMACION, LEC_X_LECTOR,
DSI_X_DSI_CATALOGO ) VALUES (
-5, 0, -1, -3, -2);
commit;

INSERT INTO MEN_MOTIVO_NO_ENTREGA ( X_MOTIVO_NO_ENTREGA, T_DESCRIPCION,
T_NOMBRE ) VALUES (
-1, 'Usuario no existente', 'Desconocido');
commit;

INSERT INTO MEN_NOTIFICACIONES ( X_NOTIFICACIONES, L_ACCION_BIBLIOTECARIO, L_DESEA_NOTIFICACION,
F_FECHA_ALTA, F_FECHA_NOTIFICACION, T_MENSAJE, T_NOTA, BIB_X_BIBLIOTECA_FK, CAN_X_CANAL_INFORMACION,
X_LECTOR, X_MOTIVO_NO_ENTREGA, X_DSI_CATALOGO ) VALUES (
-1, 1, 1, TO_TIMESTAMP('06/11/2008 0:00:00.000000','DD/MM/YYYY fmHH24fm:MI:SS.FF')
, TO_TIMESTAMP('12/11/2008 0:00:00.000000','DD/MM/YYYY fmHH24fm:MI:SS.FF'), 'Texto mensaje 1'
, 'Esta es una nota', -7, -1, -1, -1, -1);
INSERT INTO MEN_NOTIFICACIONES ( X_NOTIFICACIONES, L_ACCION_BIBLIOTECARIO, L_DESEA_NOTIFICACION,
F_FECHA_ALTA, F_FECHA_NOTIFICACION, T_MENSAJE, T_NOTA, BIB_X_BIBLIOTECA_FK, CAN_X_CANAL_INFORMACION,
X_LECTOR, X_MOTIVO_NO_ENTREGA, X_DSI_CATALOGO ) VALUES (
-2, 1, 1, TO_TIMESTAMP('06/11/2008 0:00:00.000000','DD/MM/YYYY fmHH24fm:MI:SS.FF')
, NULL, 'Texto mensaje 2', 'Esta es una nota', -7, -3, -1, -1, -2);
INSERT INTO MEN_NOTIFICACIONES ( X_NOTIFICACIONES, L_ACCION_BIBLIOTECARIO, L_DESEA_NOTIFICACION,
F_FECHA_ALTA, F_FECHA_NOTIFICACION, T_MENSAJE, T_NOTA, BIB_X_BIBLIOTECA_FK, CAN_X_CANAL_INFORMACION,
X_LECTOR, X_MOTIVO_NO_ENTREGA, X_DSI_CATALOGO ) VALUES (
-3, 1, 1, TO_TIMESTAMP('06/11/2009 0:00:00.000000','DD/MM/YYYY fmHH24fm:MI:SS.FF')
, NULL, 'Texto mensaje 3', 'Esta es una nota', -7, -3, -1, -1, -2);
INSERT INTO MEN_NOTIFICACIONES ( X_NOTIFICACIONES, L_ACCION_BIBLIOTECARIO, L_DESEA_NOTIFICACION,
F_FECHA_ALTA, F_FECHA_NOTIFICACION, T_MENSAJE, T_NOTA, BIB_X_BIBLIOTECA_FK, CAN_X_CANAL_INFORMACION,
X_LECTOR, X_MOTIVO_NO_ENTREGA, X_DSI_CATALOGO ) VALUES (
-4, 1, 1, TO_TIMESTAMP('01/01/2010 0:00:00.000000','DD/MM/YYYY fmHH24fm:MI:SS.FF')
, NULL, 'Texto mensaje 4', 'Esta es una nota', -7, -3, -1, -1, -2);
INSERT INTO MEN_NOTIFICACIONES ( X_NOTIFICACIONES, L_ACCION_BIBLIOTECARIO, L_DESEA_NOTIFICACION,
F_FECHA_ALTA, F_FECHA_NOTIFICACION, T_MENSAJE, T_NOTA, BIB_X_BIBLIOTECA_FK, CAN_X_CANAL_INFORMACION,
X_LECTOR, X_MOTIVO_NO_ENTREGA, X_DSI_CATALOGO ) VALUES (
-5, 1, 1, TO_TIMESTAMP('10/12/2009 0:00:00.000000','DD/MM/YYYY fmHH24fm:MI:SS.FF')
, NULL, 'Texto mensaje 5', 'Esta es una nota', -7, -3, -1, -1, -4);
commit;

INSERT INTO NCIP_SCHEMES_OET ( X_NCIP_SCHEMES, T_SCHEME, D_NIVEL_IMP1,
T_NOMBRE_COMUN ) VALUES (
-1, 'asdfsrthasdf', 'asdvhghnasdv', 'asdvuikasdv');
INSERT INTO NCIP_SCHEMES_OET ( X_NCIP_SCHEMES, T_SCHEME, D_NIVEL_IMP1,
T_NOMBRE_COMUN ) VALUES (
-2, 'asdaserdv', 'asdvadfdfsdv', 'asdvsdbdadv');
INSERT INTO NCIP_SCHEMES_OET ( X_NCIP_SCHEMES, T_SCHEME, D_NIVEL_IMP1,
T_NOMBRE_COMUN ) VALUES (
-3, 'asdfasffgbdf', 'asdvsnghdav', 'asdvaghnghsdv');
commit;

INSERT INTO NCIP_VALUES_OET ( X_NCIP_VALUE_OET, T_DESCRIPCION, T_TRADUCCION, T_VALUE,
NCIP_SCH_X_NCIP_SCHEME_OET ) VALUES (
-1, 'asdfasdf', 'asdvasdv', 'asdvasdv', -1);
INSERT INTO NCIP_VALUES_OET ( X_NCIP_VALUE_OET, T_DESCRIPCION, T_TRADUCCION, T_VALUE,
NCIP_SCH_X_NCIP_SCHEME_OET ) VALUES (
-2, 'asdsav', 'asdvsdv', 'asvasd', -2);
INSERT INTO NCIP_VALUES_OET ( X_NCIP_VALUE_OET, T_DESCRIPCION, T_TRADUCCION, T_VALUE,
NCIP_SCH_X_NCIP_SCHEME_OET ) VALUES (
-3, 'asdvsd', 'asdvasdv', 'sdvasdvd', -3);
commit;

INSERT INTO PRD_IMPRESOS ( X_PRODUCTO, T_PRODUCTO, T_PLANTILLA, N_POSICION, N_TIPOCODBARRAS,
C_TIPOIMPRESION, N_TIPOPRODUCTO, BIB_X_BIBLIOTECA ) VALUES (
-1, 'Carnet sin foto cod39', 'carnet_cBarras_c39.jasper', 1, 1, 'PDF', 1, NULL);
INSERT INTO PRD_IMPRESOS ( X_PRODUCTO, T_PRODUCTO, T_PLANTILLA, N_POSICION, N_TIPOCODBARRAS,
C_TIPOIMPRESION, N_TIPOPRODUCTO, BIB_X_BIBLIOTECA ) VALUES (
-2, 'Carnet con foto cod39', 'carnet_foto_cBarras_c39.jasper', 1, 1, 'PDF', 1, NULL);
INSERT INTO PRD_IMPRESOS ( X_PRODUCTO, T_PRODUCTO, T_PLANTILLA, N_POSICION, N_TIPOCODBARRAS,
C_TIPOIMPRESION, N_TIPOPRODUCTO, BIB_X_BIBLIOTECA ) VALUES (
-3, 'Codigo barras cod39', 'codigo_barras_c39.jasper', 1, 1, 'PDF', 2, NULL);
INSERT INTO PRD_IMPRESOS ( X_PRODUCTO, T_PRODUCTO, T_PLANTILLA, N_POSICION, N_TIPOCODBARRAS,
C_TIPOIMPRESION, N_TIPOPRODUCTO, BIB_X_BIBLIOTECA ) VALUES (
-4, 'Recibo de prestamo', 'recibo_prestamo_sub01.jasper', 1, NULL, 'PDF', 3, NULL);
INSERT INTO PRD_IMPRESOS ( X_PRODUCTO, T_PRODUCTO, T_PLANTILLA, N_POSICION, N_TIPOCODBARRAS,
C_TIPOIMPRESION, N_TIPOPRODUCTO, BIB_X_BIBLIOTECA ) VALUES (
-5, 'Recibo de devolucion', 'recibo_devolucion_sub01.jasper', 1, NULL, 'PDF', 7, NULL);
INSERT INTO PRD_IMPRESOS ( X_PRODUCTO, T_PRODUCTO, T_PLANTILLA, N_POSICION, N_TIPOCODBARRAS,
C_TIPOIMPRESION, N_TIPOPRODUCTO, BIB_X_BIBLIOTECA ) VALUES (
-6, 'Reclamacion prestamo', 'reclamacion_prestamo.jasper', 1, NULL, 'PDF', 4, NULL);
INSERT INTO PRD_IMPRESOS ( X_PRODUCTO, T_PRODUCTO, T_PLANTILLA, N_POSICION, N_TIPOCODBARRAS,
C_TIPOIMPRESION, N_TIPOPRODUCTO, BIB_X_BIBLIOTECA ) VALUES (
-7, 'Tejuelo', 'tejuelo01_sub01.jasper', 1, NULL, 'PDF', 5, NULL);
INSERT INTO PRD_IMPRESOS ( X_PRODUCTO, T_PRODUCTO, T_PLANTILLA, N_POSICION, N_TIPOCODBARRAS,
C_TIPOIMPRESION, N_TIPOPRODUCTO, BIB_X_BIBLIOTECA ) VALUES (
-8, 'Tejuelo con sucursal', 'tejuelo02_sub01.jasper', 1, NULL, 'PDF', 5, NULL);
INSERT INTO PRD_IMPRESOS ( X_PRODUCTO, T_PRODUCTO, T_PLANTILLA, N_POSICION, N_TIPOCODBARRAS,
C_TIPOIMPRESION, N_TIPOPRODUCTO, BIB_X_BIBLIOTECA ) VALUES (
-9, 'Codigo barras con tejuelo', NULL, 1, NULL, 'PDF', 6, NULL);
INSERT INTO PRD_IMPRESOS ( X_PRODUCTO, T_PRODUCTO, T_PLANTILLA, N_POSICION, N_TIPOCODBARRAS,
C_TIPOIMPRESION, N_TIPOPRODUCTO, BIB_X_BIBLIOTECA ) VALUES (
-10, 'Carnet sin foto cod128', 'carnet_cBarras_c128.jasper', 1, 2, 'PDF', 1, NULL);
INSERT INTO PRD_IMPRESOS ( X_PRODUCTO, T_PRODUCTO, T_PLANTILLA, N_POSICION, N_TIPOCODBARRAS,
C_TIPOIMPRESION, N_TIPOPRODUCTO, BIB_X_BIBLIOTECA ) VALUES (
-11, 'Carnet sin foto ean13', 'carnet_cBarras_ean13.jasper', 1, 3, 'PDF', 1, NULL);
INSERT INTO PRD_IMPRESOS ( X_PRODUCTO, T_PRODUCTO, T_PLANTILLA, N_POSICION, N_TIPOCODBARRAS,
C_TIPOIMPRESION, N_TIPOPRODUCTO, BIB_X_BIBLIOTECA ) VALUES (
-12, 'Carnet con foto cod128', 'carnet_foto_cBarras_c128.jasper', 1, 2, 'PDF', 1, NULL);
INSERT INTO PRD_IMPRESOS ( X_PRODUCTO, T_PRODUCTO, T_PLANTILLA, N_POSICION, N_TIPOCODBARRAS,
C_TIPOIMPRESION, N_TIPOPRODUCTO, BIB_X_BIBLIOTECA ) VALUES (
-13, 'Carnet con foto ean13', 'carnet_foto_cBarras_ean13.jasper', 1, 3, 'PDF', 1, NULL);
INSERT INTO PRD_IMPRESOS ( X_PRODUCTO, T_PRODUCTO, T_PLANTILLA, N_POSICION, N_TIPOCODBARRAS,
C_TIPOIMPRESION, N_TIPOPRODUCTO, BIB_X_BIBLIOTECA ) VALUES (
-14, 'Codigo barras cod128', 'codigo_barras_c128.jasper', 1, 2, 'PDF', 2, NULL);
INSERT INTO PRD_IMPRESOS ( X_PRODUCTO, T_PRODUCTO, T_PLANTILLA, N_POSICION, N_TIPOCODBARRAS,
C_TIPOIMPRESION, N_TIPOPRODUCTO, BIB_X_BIBLIOTECA ) VALUES (
-15, 'Codigo barras ean13', 'codigo_barras_ean13.jasper', 1, 3, 'PDF', 2, NULL);
commit;

INSERT INTO PRO_EJECUCION ( X_EJECUCION, C_ESTADO, F_FINEJECUCION, F_INIEJECUCION, T_LOG, L_ULTIMA,
PRO_X_PROCESO ) VALUES (
-1, 'Terminado sin errores', TO_TIMESTAMP('02/12/1900 0:00:00.000000','DD/MM/YYYY fmHH24fm:MI:SS.FF')
, TO_TIMESTAMP('01/12/1900 0:00:00.000000','DD/MM/YYYY fmHH24fm:MI:SS.FF'), 'Log 1'
, 0, -1);
INSERT INTO PRO_EJECUCION ( X_EJECUCION, C_ESTADO, F_FINEJECUCION, F_INIEJECUCION, T_LOG, L_ULTIMA,
PRO_X_PROCESO ) VALUES (
-2, 'Terminado con errores', TO_TIMESTAMP('02/12/1903 0:00:00.000000','DD/MM/YYYY fmHH24fm:MI:SS.FF')
, TO_TIMESTAMP('01/12/1903 0:00:00.000000','DD/MM/YYYY fmHH24fm:MI:SS.FF'), 'Log 2'
, 1, -1);
INSERT INTO PRO_EJECUCION ( X_EJECUCION, C_ESTADO, F_FINEJECUCION, F_INIEJECUCION, T_LOG, L_ULTIMA,
PRO_X_PROCESO ) VALUES (
-3, 'Terminado sin errores', TO_TIMESTAMP('02/12/1923 0:00:00.000000','DD/MM/YYYY fmHH24fm:MI:SS.FF')
, TO_TIMESTAMP('01/12/1923 0:00:00.000000','DD/MM/YYYY fmHH24fm:MI:SS.FF'), 'Log 3'
, 0, -4);
INSERT INTO PRO_EJECUCION ( X_EJECUCION, C_ESTADO, F_FINEJECUCION, F_INIEJECUCION, T_LOG, L_ULTIMA,
PRO_X_PROCESO ) VALUES (
-4, 'Terminado con errores', TO_TIMESTAMP('02/12/1943 0:00:00.000000','DD/MM/YYYY fmHH24fm:MI:SS.FF')
, TO_TIMESTAMP('01/12/1943 0:00:00.000000','DD/MM/YYYY fmHH24fm:MI:SS.FF'), 'Log 4'
, 1, -4);
commit;

INSERT INTO PRO_PROCESOS ( X_PROCESO, T_CRON, N_FRECUENCIA, N_PROCESO, C_ENABLED,
C_TIPOPATRON ) VALUES (
-1, NULL, NULL, 'LimpiezaHistorico', 1, 0);
INSERT INTO PRO_PROCESOS ( X_PROCESO, T_CRON, N_FRECUENCIA, N_PROCESO, C_ENABLED,
C_TIPOPATRON ) VALUES (
-2, NULL, NULL, 'ActualizarEstadoLectores', 1, 0);
INSERT INTO PRO_PROCESOS ( X_PROCESO, T_CRON, N_FRECUENCIA, N_PROCESO, C_ENABLED,
C_TIPOPATRON ) VALUES (
-3, NULL, NULL, 'Prueba ordenacion 1', 0, 0);
INSERT INTO PRO_PROCESOS ( X_PROCESO, T_CRON, N_FRECUENCIA, N_PROCESO, C_ENABLED,
C_TIPOPATRON ) VALUES (
-4, NULL, NULL, 'Prueba ordenacion 2', 1, 0);
INSERT INTO PRO_PROCESOS ( X_PROCESO, T_CRON, N_FRECUENCIA, N_PROCESO, C_ENABLED,
C_TIPOPATRON ) VALUES (
-5, NULL, NULL, 'eliminarReservasAntiguas', 1, 0);
INSERT INTO PRO_PROCESOS ( X_PROCESO, T_CRON, N_FRECUENCIA, N_PROCESO, C_ENABLED,
C_TIPOPATRON ) VALUES (
-6, NULL, NULL, 'eliminarPrestamoHistoricoAntiguos', 1, 0);
INSERT INTO PRO_PROCESOS ( X_PROCESO, T_CRON, N_FRECUENCIA, N_PROCESO, C_ENABLED,
C_TIPOPATRON ) VALUES (
-7, NULL, NULL, 'cambiarEstadoReservaExpirada', 1, 0);
INSERT INTO PRO_PROCESOS ( X_PROCESO, T_CRON, N_FRECUENCIA, N_PROCESO, C_ENABLED,
C_TIPOPATRON ) VALUES (
-8, NULL, NULL, 'activarReservas', 1, 0);
INSERT INTO PRO_PROCESOS ( X_PROCESO, T_CRON, N_FRECUENCIA, N_PROCESO, C_ENABLED,
C_TIPOPATRON ) VALUES (
-9, NULL, NULL, 'eliminarSuspensionLectores', 1, 0);
INSERT INTO PRO_PROCESOS ( X_PROCESO, T_CRON, N_FRECUENCIA, N_PROCESO, C_ENABLED,
C_TIPOPATRON ) VALUES (
-10, NULL, NULL, 'ejecutarNotificacionesPendientes', 1, 0);
commit;

INSERT INTO SER_DATOS_FONDO ( X_DATOS_FONDO, N_ORDEN, T_CRONOLOGIA, T_NOTA, T_NOTA_PRIVADA,
T_NOTA_PUBLICA, T_NOTACION_FONDOS ) VALUES (
-1, -1, 'Cronologia 1', 'Nota 1', 'Nota privada 1', 'Nota privada 1', 'Notacion fondos 1');
INSERT INTO SER_DATOS_FONDO ( X_DATOS_FONDO, N_ORDEN, T_CRONOLOGIA, T_NOTA, T_NOTA_PRIVADA,
T_NOTA_PUBLICA, T_NOTACION_FONDOS ) VALUES (
-2, -2, 'Cronologia 2', 'Nota 2', 'Nota privada 2', 'Nota privada 2', 'Notacion fondos 2');
INSERT INTO SER_DATOS_FONDO ( X_DATOS_FONDO, N_ORDEN, T_CRONOLOGIA, T_NOTA, T_NOTA_PRIVADA,
T_NOTA_PUBLICA, T_NOTACION_FONDOS ) VALUES (
-3, -3, 'Cronologia 3', 'Nota 3', 'Nota privada 3', 'Nota privada 3', 'Notacion fondos 3');
commit;

INSERT INTO SER_ESTADOS_NUMEROS ( X_ESTADO_NUMERO, C_ESTADO_NUMERO, T_ESTADO_NUMERO_ALT,
T_ESTADO_NUMERO ) VALUES (
-1, 'det', 'Estado Deteriorado', 'Deteriorado');
INSERT INTO SER_ESTADOS_NUMEROS ( X_ESTADO_NUMERO, C_ESTADO_NUMERO, T_ESTADO_NUMERO_ALT,
T_ESTADO_NUMERO ) VALUES (
-2, 'rec', 'Estado Recibido', 'Recibido');
INSERT INTO SER_ESTADOS_NUMEROS ( X_ESTADO_NUMERO, C_ESTADO_NUMERO, T_ESTADO_NUMERO_ALT,
T_ESTADO_NUMERO ) VALUES (
-3, 'pen', 'Estado Pendiente', 'Pendiente');
commit;

INSERT INTO SER_ETIQUETAS_VISUALIZACION ( X_ETIQUETA_VISUALIZACION, T_CAMPO, T_PREFIJO, T_SUFIJO,
MOD_X_MODO_VISUALIZACION ) VALUES (
-1, 'yyyy', 'Cuatro ', NULL, -3);
INSERT INTO SER_ETIQUETAS_VISUALIZACION ( X_ETIQUETA_VISUALIZACION, T_CAMPO, T_PREFIJO, T_SUFIJO,
MOD_X_MODO_VISUALIZACION ) VALUES (
-2, 'MMMM', 'Tres ', NULL, -3);
INSERT INTO SER_ETIQUETAS_VISUALIZACION ( X_ETIQUETA_VISUALIZACION, T_CAMPO, T_PREFIJO, T_SUFIJO,
MOD_X_MODO_VISUALIZACION ) VALUES (
-3, 'EEEE', 'Dos ', NULL, -3);
INSERT INTO SER_ETIQUETAS_VISUALIZACION ( X_ETIQUETA_VISUALIZACION, T_CAMPO, T_PREFIJO, T_SUFIJO,
MOD_X_MODO_VISUALIZACION ) VALUES (
-4, 'd', 'Uno ', NULL, -3);
INSERT INTO SER_ETIQUETAS_VISUALIZACION ( X_ETIQUETA_VISUALIZACION, T_CAMPO, T_PREFIJO, T_SUFIJO,
MOD_X_MODO_VISUALIZACION ) VALUES (
-5, NULL, 'Invierno', NULL, -2);
INSERT INTO SER_ETIQUETAS_VISUALIZACION ( X_ETIQUETA_VISUALIZACION, T_CAMPO, T_PREFIJO, T_SUFIJO,
MOD_X_MODO_VISUALIZACION ) VALUES (
-6, NULL, 'Oto?o', NULL, -2);
INSERT INTO SER_ETIQUETAS_VISUALIZACION ( X_ETIQUETA_VISUALIZACION, T_CAMPO, T_PREFIJO, T_SUFIJO,
MOD_X_MODO_VISUALIZACION ) VALUES (
-7, NULL, 'Verano', NULL, -2);
INSERT INTO SER_ETIQUETAS_VISUALIZACION ( X_ETIQUETA_VISUALIZACION, T_CAMPO, T_PREFIJO, T_SUFIJO,
MOD_X_MODO_VISUALIZACION ) VALUES (
-8, NULL, 'Primavera', NULL, -2);
INSERT INTO SER_ETIQUETAS_VISUALIZACION ( X_ETIQUETA_VISUALIZACION, T_CAMPO, T_PREFIJO, T_SUFIJO,
MOD_X_MODO_VISUALIZACION ) VALUES (
-9, '%%CORRELATIVO%%', 'Numero ', ' de la coleccion', -1);
commit;

INSERT INTO SER_EXCEPCIONES ( X_EXCEPCION, F_FECHA ) VALUES (
-1, TO_TIMESTAMP('01/01/2010 0:00:00.000000','DD/MM/YYYY fmHH24fm:MI:SS.FF'));
INSERT INTO SER_EXCEPCIONES ( X_EXCEPCION, F_FECHA ) VALUES (
-2, TO_TIMESTAMP('01/02/2010 0:00:00.000000','DD/MM/YYYY fmHH24fm:MI:SS.FF'));
INSERT INTO SER_EXCEPCIONES ( X_EXCEPCION, F_FECHA ) VALUES (
-3, TO_TIMESTAMP('01/03/2010 0:00:00.000000','DD/MM/YYYY fmHH24fm:MI:SS.FF'));
commit;

INSERT INTO SER_MODOS_VISUALIZACION ( X_MODO_VISUALIZACION, N_CARDINALIDAD, T_DESCRIPCION,
T_NOMBRE ) VALUES (
-1, 1, 'Numera correlativamente con un sencillo texto.', 'Correlativo');
INSERT INTO SER_MODOS_VISUALIZACION ( X_MODO_VISUALIZACION, N_CARDINALIDAD, T_DESCRIPCION,
T_NOMBRE ) VALUES (
-2, 2, 'Estaciones del a?o. Comienza en primavera.', 'Estaciones');
INSERT INTO SER_MODOS_VISUALIZACION ( X_MODO_VISUALIZACION, N_CARDINALIDAD, T_DESCRIPCION,
T_NOMBRE ) VALUES (
-3, 3, 'Cuenta del uno al cuatro y a?ade diferentes campos de ejemplo.', 'Uno-cuatro con ejemplos');
commit;

INSERT INTO SER_NUMEROS ( X_NUMERO, T_COMENTARIO_ADJUNTO1, T_COMENTARIO_ADJUNTO2,
T_COMENTARIO_ADJUNTO3, F_PREVISTA_RECEPCION, F_RECEPCION, T_NOTA, T_NUMERO, N_NUMERO_ADJUNTO1,
N_NUMERO_ADJUNTO2, N_NUMERO_ADJUNTO3, EST_X_ESTADO_NUMERO, SOP_X_CAT_EJEMPLAR_SOPORTES1,
SOP_X_CAT_EJEMPLAR_SOPORTES2, SOP_X_CAT_EJEMPLAR_SOPORTES3,
SUS_X_SUSCRIPCION ) VALUES (
-1, NULL, NULL, NULL, TO_TIMESTAMP('03/01/2009 0:00:00.000000','DD/MM/YYYY fmHH24fm:MI:SS.FF')
, TO_TIMESTAMP('03/06/2009 0:00:00.000000','DD/MM/YYYY fmHH24fm:MI:SS.FF'), 'Nota 1'
, 'Numero 1', NULL, NULL, NULL, -1, NULL, NULL, NULL, -1);
INSERT INTO SER_NUMEROS ( X_NUMERO, T_COMENTARIO_ADJUNTO1, T_COMENTARIO_ADJUNTO2,
T_COMENTARIO_ADJUNTO3, F_PREVISTA_RECEPCION, F_RECEPCION, T_NOTA, T_NUMERO, N_NUMERO_ADJUNTO1,
N_NUMERO_ADJUNTO2, N_NUMERO_ADJUNTO3, EST_X_ESTADO_NUMERO, SOP_X_CAT_EJEMPLAR_SOPORTES1,
SOP_X_CAT_EJEMPLAR_SOPORTES2, SOP_X_CAT_EJEMPLAR_SOPORTES3,
SUS_X_SUSCRIPCION ) VALUES (
-2, NULL, NULL, NULL, TO_TIMESTAMP('03/02/2009 0:00:00.000000','DD/MM/YYYY fmHH24fm:MI:SS.FF')
, TO_TIMESTAMP('03/05/2009 0:00:00.000000','DD/MM/YYYY fmHH24fm:MI:SS.FF'), 'Nota 2'
, 'Numero 2', NULL, NULL, NULL, -2, NULL, NULL, NULL, -1);
INSERT INTO SER_NUMEROS ( X_NUMERO, T_COMENTARIO_ADJUNTO1, T_COMENTARIO_ADJUNTO2,
T_COMENTARIO_ADJUNTO3, F_PREVISTA_RECEPCION, F_RECEPCION, T_NOTA, T_NUMERO, N_NUMERO_ADJUNTO1,
N_NUMERO_ADJUNTO2, N_NUMERO_ADJUNTO3, EST_X_ESTADO_NUMERO, SOP_X_CAT_EJEMPLAR_SOPORTES1,
SOP_X_CAT_EJEMPLAR_SOPORTES2, SOP_X_CAT_EJEMPLAR_SOPORTES3,
SUS_X_SUSCRIPCION ) VALUES (
-3, NULL, NULL, NULL, TO_TIMESTAMP('03/03/2009 0:00:00.000000','DD/MM/YYYY fmHH24fm:MI:SS.FF')
, TO_TIMESTAMP('03/04/2009 0:00:00.000000','DD/MM/YYYY fmHH24fm:MI:SS.FF'), 'Nota 3'
, 'Numero 3', NULL, NULL, NULL, -2, NULL, NULL, NULL, -1);
INSERT INTO SER_NUMEROS ( X_NUMERO, T_COMENTARIO_ADJUNTO1, T_COMENTARIO_ADJUNTO2,
T_COMENTARIO_ADJUNTO3, F_PREVISTA_RECEPCION, F_RECEPCION, T_NOTA, T_NUMERO, N_NUMERO_ADJUNTO1,
N_NUMERO_ADJUNTO2, N_NUMERO_ADJUNTO3, EST_X_ESTADO_NUMERO, SOP_X_CAT_EJEMPLAR_SOPORTES1,
SOP_X_CAT_EJEMPLAR_SOPORTES2, SOP_X_CAT_EJEMPLAR_SOPORTES3,
SUS_X_SUSCRIPCION ) VALUES (
-4, NULL, NULL, NULL, TO_TIMESTAMP('03/06/2009 0:00:00.000000','DD/MM/YYYY fmHH24fm:MI:SS.FF')
, TO_TIMESTAMP('03/06/2009 0:00:00.000000','DD/MM/YYYY fmHH24fm:MI:SS.FF'), 'Nota 1'
, 'Numero 1', NULL, NULL, NULL, -2, NULL, NULL, NULL, -2);
INSERT INTO SER_NUMEROS ( X_NUMERO, T_COMENTARIO_ADJUNTO1, T_COMENTARIO_ADJUNTO2,
T_COMENTARIO_ADJUNTO3, F_PREVISTA_RECEPCION, F_RECEPCION, T_NOTA, T_NUMERO, N_NUMERO_ADJUNTO1,
N_NUMERO_ADJUNTO2, N_NUMERO_ADJUNTO3, EST_X_ESTADO_NUMERO, SOP_X_CAT_EJEMPLAR_SOPORTES1,
SOP_X_CAT_EJEMPLAR_SOPORTES2, SOP_X_CAT_EJEMPLAR_SOPORTES3,
SUS_X_SUSCRIPCION ) VALUES (
-5, NULL, NULL, NULL, TO_TIMESTAMP('03/07/2009 0:00:00.000000','DD/MM/YYYY fmHH24fm:MI:SS.FF')
, TO_TIMESTAMP('03/05/2009 0:00:00.000000','DD/MM/YYYY fmHH24fm:MI:SS.FF'), 'Nota 2'
, 'Numero 2', NULL, NULL, NULL, -2, NULL, NULL, NULL, -2);
INSERT INTO SER_NUMEROS ( X_NUMERO, T_COMENTARIO_ADJUNTO1, T_COMENTARIO_ADJUNTO2,
T_COMENTARIO_ADJUNTO3, F_PREVISTA_RECEPCION, F_RECEPCION, T_NOTA, T_NUMERO, N_NUMERO_ADJUNTO1,
N_NUMERO_ADJUNTO2, N_NUMERO_ADJUNTO3, EST_X_ESTADO_NUMERO, SOP_X_CAT_EJEMPLAR_SOPORTES1,
SOP_X_CAT_EJEMPLAR_SOPORTES2, SOP_X_CAT_EJEMPLAR_SOPORTES3,
SUS_X_SUSCRIPCION ) VALUES (
-6, NULL, NULL, NULL, TO_TIMESTAMP('03/04/2009 0:00:00.000000','DD/MM/YYYY fmHH24fm:MI:SS.FF')
, NULL, 'Nota 1', 'Numero 1', NULL, NULL, NULL, -3, NULL, NULL, NULL, -3);
commit;

INSERT INTO SER_PERIODICIDADES ( X_PERIODICIDAD, T_DESCRIPCION, T_EXCEPCIONES_MESES, T_NOTA,
T_NUMERO, T_TITULO, MOD_X_MODO_VISUALIZACION, TIP_X_TIPO_PERIODICIDAD ) VALUES (
-1, 'Los dias 1, 2, 15, 16 del mes; cada dos meses.', NULL, 'Prueba 1', '2:1,2,15,16,'
, 'Periodicidad 1', -3, -1);
INSERT INTO SER_PERIODICIDADES ( X_PERIODICIDAD, T_DESCRIPCION, T_EXCEPCIONES_MESES, T_NOTA,
T_NUMERO, T_TITULO, MOD_X_MODO_VISUALIZACION, TIP_X_TIPO_PERIODICIDAD ) VALUES (
-2, 'Todos los 1 de enero, 8 de abril, 15 de julio y 22 de octubre.', NULL, 'Prueba 2'
, '1:0/1,3/8,6/15,9/22,', 'Periodicidad 2', -3, -2);
INSERT INTO SER_PERIODICIDADES ( X_PERIODICIDAD, T_DESCRIPCION, T_EXCEPCIONES_MESES, T_NOTA,
T_NUMERO, T_TITULO, MOD_X_MODO_VISUALIZACION, TIP_X_TIPO_PERIODICIDAD ) VALUES (
-3, 'Lunes, miercoles y viernes de cada 5 semanas.', NULL, 'Prueba 3', '5:2,4,6,'
, 'Periodicidad 3', -1, -3);
INSERT INTO SER_PERIODICIDADES ( X_PERIODICIDAD, T_DESCRIPCION, T_EXCEPCIONES_MESES, T_NOTA,
T_NUMERO, T_TITULO, MOD_X_MODO_VISUALIZACION, TIP_X_TIPO_PERIODICIDAD ) VALUES (
-4, 'Tres veces al a?o (cada cuatrimestre); comenzando el dia 1.', NULL, 'Prueba 4'
, '4:1,', 'Cuatrimestral', -1, -1);
INSERT INTO SER_PERIODICIDADES ( X_PERIODICIDAD, T_DESCRIPCION, T_EXCEPCIONES_MESES, T_NOTA,
T_NUMERO, T_TITULO, MOD_X_MODO_VISUALIZACION, TIP_X_TIPO_PERIODICIDAD ) VALUES (
-5, 'Dos veces al mes (bimensual); los dias 1 y 15.', NULL, 'Prueba 5', '1:1,15,'
, 'Bimensual', -1, -1);
commit;

INSERT INTO SER_SUSCRIPCIONES ( X_SUSCRIPCION, F_FINAL, F_INICIO, T_NOTA, T_NUMERACION, N_NUMERO,
BIB_X_BIBLIOTECA_FK, DAT_X_DATOSFONDO, PED_X_PEDIDO, PER_X_PERIODICIDAD,
REG_X_REGISTRO ) VALUES (
-1, TO_TIMESTAMP('02/04/2009 0:00:00.000000','DD/MM/YYYY fmHH24fm:MI:SS.FF'), TO_TIMESTAMP('03/01/2009 0:00:00.000000','DD/MM/YYYY fmHH24fm:MI:SS.FF')
, 'Prueba 1', 'Numeracion 1', 1, -13, -1, NULL, -1, -1);
INSERT INTO SER_SUSCRIPCIONES ( X_SUSCRIPCION, F_FINAL, F_INICIO, T_NOTA, T_NUMERACION, N_NUMERO,
BIB_X_BIBLIOTECA_FK, DAT_X_DATOSFONDO, PED_X_PEDIDO, PER_X_PERIODICIDAD,
REG_X_REGISTRO ) VALUES (
-2, TO_TIMESTAMP('02/07/2009 0:00:00.000000','DD/MM/YYYY fmHH24fm:MI:SS.FF'), TO_TIMESTAMP('03/05/2009 0:00:00.000000','DD/MM/YYYY fmHH24fm:MI:SS.FF')
, 'Prueba 2', 'Numeracion 2', 2, -16, -2, NULL, -2, -2);
INSERT INTO SER_SUSCRIPCIONES ( X_SUSCRIPCION, F_FINAL, F_INICIO, T_NOTA, T_NUMERACION, N_NUMERO,
BIB_X_BIBLIOTECA_FK, DAT_X_DATOSFONDO, PED_X_PEDIDO, PER_X_PERIODICIDAD,
REG_X_REGISTRO ) VALUES (
-3, TO_TIMESTAMP('30/04/2009 0:00:00.000000','DD/MM/YYYY fmHH24fm:MI:SS.FF'), TO_TIMESTAMP('01/04/2009 0:00:00.000000','DD/MM/YYYY fmHH24fm:MI:SS.FF')
, 'Prueba 3', 'Numeracion 3', 3, -18, -3, NULL, -3, -2);
commit;

INSERT INTO SER_TIPOS_PERIODICIDAD ( X_TIPO_PERIODICIDAD, N_CARDINALIDAD, T_CODIGO, T_DESCRIPCION,
T_NOMBRE ) VALUES (
-1, 2, 'men', 'Se seleccionaran 1 o mas dias por mes, del 1 al 31.', 'Dias del mes');
INSERT INTO SER_TIPOS_PERIODICIDAD ( X_TIPO_PERIODICIDAD, N_CARDINALIDAD, T_CODIGO, T_DESCRIPCION,
T_NOMBRE ) VALUES (
-2, 1, 'anu', 'Se seleccionaran 1 o mas dias por a?o, en pares dia/mes.', 'Dias del a?o');
INSERT INTO SER_TIPOS_PERIODICIDAD ( X_TIPO_PERIODICIDAD, N_CARDINALIDAD, T_CODIGO, T_DESCRIPCION,
T_NOMBRE ) VALUES (
-3, 3, 'sem', 'Se seleccionaran 1 o mas dias por semana, de lunes a domingo.', 'Dias de la semana');
commit;

