	INSERT INTO ADM_PERMISOS ( X_PERMISO, C_PERMISO, T_PERMISOS, L_SOLO_SUCURSALES,
	TIP_X_TIPO_PERMISO ) VALUES (
	-188, 'ADM_Listar_Tipo_Lector', 'Listar tipos de lectores', 0, -1);
	INSERT INTO ADM_PERMISOS ( X_PERMISO, C_PERMISO, T_PERMISOS, L_SOLO_SUCURSALES,
	TIP_X_TIPO_PERMISO ) VALUES (
	-192, 'ADM_Mantenimiento_Tipo_Lector', 'Crear un nuevo Tipo Lector', 0, -3);
	INSERT INTO ADM_PERMISOS ( X_PERMISO, C_PERMISO, T_PERMISOS, L_SOLO_SUCURSALES,
	TIP_X_TIPO_PERMISO ) VALUES (
	-193, 'ADM_Mostrar_Tipo_Lector', 'Muestra el detalle del Tipo Lector', 0, -2);
	INSERT INTO ADM_PERMISOS ( X_PERMISO, C_PERMISO, T_PERMISOS, L_SOLO_SUCURSALES,
	TIP_X_TIPO_PERMISO ) VALUES (
	-194, 'ADM_Eliminar_Tipo_Lector', 'Eliminar un Tipo Lector', 0, -4);

	INSERT INTO ADM_PERMISOS ( X_PERMISO, C_PERMISO, T_PERMISOS, L_SOLO_SUCURSALES,
	TIP_X_TIPO_PERMISO ) VALUES (
	-187, 'ADM_Listar_Tipo_Ejemplar', 'Listar tipos de ejemplares', 0, -1);
	INSERT INTO ADM_PERMISOS ( X_PERMISO, C_PERMISO, T_PERMISOS, L_SOLO_SUCURSALES,
	TIP_X_TIPO_PERMISO ) VALUES (
	-189, 'ADM_Mantenimiento_Tipo_Ejemplar', 'Crear un nuevo Tipo Ejemplar', 0, -3);
	INSERT INTO ADM_PERMISOS ( X_PERMISO, C_PERMISO, T_PERMISOS, L_SOLO_SUCURSALES,
	TIP_X_TIPO_PERMISO ) VALUES (
	-190, 'ADM_Mostrar_Tipo_Ejemplar', 'Muestra el detalle del Tipo Ejemplar', 0, -2);
	INSERT INTO ADM_PERMISOS ( X_PERMISO, C_PERMISO, T_PERMISOS, L_SOLO_SUCURSALES,
	TIP_X_TIPO_PERMISO ) VALUES (
	-191, 'ADM_Eliminar_Tipo_Ejemplar', 'Eliminar un Tipo Ejemplar', 0, -4);

	INSERT INTO ADM_MENUS ( X_MENU, T_MENU_ALT, N_ORDEN, T_MENU, T_URL, MENU_X_MENU,
	PER_X_PERMISO ) VALUES (
	-60, 'Tipo de ejemplar', 9, 'Tipo de ejemplar', '/librae-circulacion/pages/tipoEjemplar/list.html?limpiar=true'
	, -1, -187);

	INSERT INTO ADM_MENUS ( X_MENU, T_MENU_ALT, N_ORDEN, T_MENU, T_URL, MENU_X_MENU,
	PER_X_PERMISO ) VALUES (
	-61, 'Tipo de lector', 10, 'Tipo de lector', '/librae-circulacion/pages/tipoLector/list.html?limpiar=true'
	, -1, -188);

	INSERT INTO ADM_ROLES_PERMISOS ( X_ROLES_PERMISOS, PER_X_PERMISO,
	ROL_X_ROL ) VALUES (
	-258, -187, -1);
	INSERT INTO ADM_ROLES_PERMISOS ( X_ROLES_PERMISOS, PER_X_PERMISO,
	ROL_X_ROL ) VALUES (
	-259, -188, -1);
	INSERT INTO ADM_ROLES_PERMISOS ( X_ROLES_PERMISOS, PER_X_PERMISO,
	ROL_X_ROL ) VALUES (
	-260, -189, -1);
	INSERT INTO ADM_ROLES_PERMISOS ( X_ROLES_PERMISOS, PER_X_PERMISO,
	ROL_X_ROL ) VALUES (
	-261, -190, -1);
	INSERT INTO ADM_ROLES_PERMISOS ( X_ROLES_PERMISOS, PER_X_PERMISO,
	ROL_X_ROL ) VALUES (
	-262, -191, -1);
	INSERT INTO ADM_ROLES_PERMISOS ( X_ROLES_PERMISOS, PER_X_PERMISO,
	ROL_X_ROL ) VALUES (
	-263, -192, -1);
	INSERT INTO ADM_ROLES_PERMISOS ( X_ROLES_PERMISOS, PER_X_PERMISO,
	ROL_X_ROL ) VALUES (
	-264, -193, -1);
	INSERT INTO ADM_ROLES_PERMISOS ( X_ROLES_PERMISOS, PER_X_PERMISO,
	ROL_X_ROL ) VALUES (
	-265, -194, -1);
	INSERT INTO ADM_ROLES_PERMISOS ( X_ROLES_PERMISOS, PER_X_PERMISO,
	ROL_X_ROL ) VALUES (
	-266, -187, -2);
	INSERT INTO ADM_ROLES_PERMISOS ( X_ROLES_PERMISOS, PER_X_PERMISO,
	ROL_X_ROL ) VALUES (
	-267, -188, -2);